[     256ms] [ERROR] Failed to load resource: the server responded with a status of 404 () @ http://localhost:3001/favicon.ico:0
[     320ms] [INFO] %cDownload the React DevTools for a better development experience: https://react.dev/link/react-devtools font-weight:bold @ http://localhost:3001/node_modules/.vite/deps/react-dom_client.js?v=a41b5b22:20102
[     323ms] [INFO] 🌐 i18next is made possible by our own product, Locize — consider powering your project with managed localization (AI, CDN, integrations): https://locize.com 💙 @ http://localhost:3001/node_modules/.vite/deps/chunk-EZBKAI6A.js?v=a41b5b22:1783
[     979ms] [VERBOSE] [DOM] Input elements should have autocomplete attributes (suggested: "current-password"): (More info: https://goo.gl/9p2vKq) %o @ http://localhost:3001/tasks/c8e8f4ca-7b31-480a-9d54-441b8a5f885d:0
[   80530ms] [WARNING] [mcp-sync] Skip oversized document push: 9.24MiB > 2.00MiB @ http://localhost:3001/src/routes/__root.tsx:54
[  908505ms] [ERROR] %c[Server]%c color: #9333ea; font-weight: bold; color: inherit; {} @ http://localhost:3001/src/routes/__root.tsx:117
[  908617ms] [ERROR] Failed to load resource: the server responded with a status of 401 (Invalid bearer token) @ http://localhost:3001/api/cloud/task-notifications:0
[ 1560362ms] [INFO] %cDownload the React DevTools for a better development experience: https://react.dev/link/react-devtools font-weight:bold @ http://localhost:3001/node_modules/.vite/deps/react-dom_client.js?v=a41b5b22:20102
[ 1560366ms] [INFO] 🌐 i18next is made possible by our own product, Locize — consider powering your project with managed localization (AI, CDN, integrations): https://locize.com 💙 @ http://localhost:3001/node_modules/.vite/deps/chunk-EZBKAI6A.js?v=a41b5b22:1783
[ 1564019ms] [WARNING] [mcp-sync] Skip oversized document push: 9.24MiB > 2.00MiB @ http://localhost:3001/src/routes/__root.tsx:54
[ 1632769ms] [INFO] %cDownload the React DevTools for a better development experience: https://react.dev/link/react-devtools font-weight:bold @ http://localhost:3001/node_modules/.vite/deps/react-dom_client.js?v=a41b5b22:20102
[ 1632772ms] [INFO] 🌐 i18next is made possible by our own product, Locize — consider powering your project with managed localization (AI, CDN, integrations): https://locize.com 💙 @ http://localhost:3001/node_modules/.vite/deps/chunk-EZBKAI6A.js?v=a41b5b22:1783
[ 1636640ms] [WARNING] [mcp-sync] Skip oversized document push: 9.24MiB > 2.00MiB @ http://localhost:3001/src/routes/__root.tsx:54
[ 1648842ms] [INFO] %cDownload the React DevTools for a better development experience: https://react.dev/link/react-devtools font-weight:bold @ http://localhost:3001/node_modules/.vite/deps/react-dom_client.js?v=a41b5b22:20102
[ 1648843ms] [INFO] 🌐 i18next is made possible by our own product, Locize — consider powering your project with managed localization (AI, CDN, integrations): https://locize.com 💙 @ http://localhost:3001/node_modules/.vite/deps/chunk-EZBKAI6A.js?v=a41b5b22:1783
[ 1651596ms] [WARNING] [mcp-sync] Skip oversized document push: 9.24MiB > 2.00MiB @ http://localhost:3001/src/routes/__root.tsx:54
[ 1705489ms] [INFO] %cDownload the React DevTools for a better development experience: https://react.dev/link/react-devtools font-weight:bold @ http://localhost:3001/node_modules/.vite/deps/react-dom_client.js?v=a41b5b22:20102
[ 1705490ms] [INFO] 🌐 i18next is made possible by our own product, Locize — consider powering your project with managed localization (AI, CDN, integrations): https://locize.com 💙 @ http://localhost:3001/node_modules/.vite/deps/chunk-EZBKAI6A.js?v=a41b5b22:1783
[ 1708962ms] [WARNING] [mcp-sync] Skip oversized document push: 9.24MiB > 2.00MiB @ http://localhost:3001/src/routes/__root.tsx:54
[ 1738120ms] [INFO] %cDownload the React DevTools for a better development experience: https://react.dev/link/react-devtools font-weight:bold @ http://localhost:3001/node_modules/.vite/deps/react-dom_client.js?v=a41b5b22:20102
[ 1738122ms] [INFO] 🌐 i18next is made possible by our own product, Locize — consider powering your project with managed localization (AI, CDN, integrations): https://locize.com 💙 @ http://localhost:3001/node_modules/.vite/deps/chunk-EZBKAI6A.js?v=a41b5b22:1783
[ 1740976ms] [WARNING] [mcp-sync] Skip oversized document push: 9.24MiB > 2.00MiB @ http://localhost:3001/src/routes/__root.tsx:54
[ 1757025ms] [INFO] %cDownload the React DevTools for a better development experience: https://react.dev/link/react-devtools font-weight:bold @ http://localhost:3001/node_modules/.vite/deps/react-dom_client.js?v=a41b5b22:20102
[ 1757025ms] [INFO] 🌐 i18next is made possible by our own product, Locize — consider powering your project with managed localization (AI, CDN, integrations): https://locize.com 💙 @ http://localhost:3001/node_modules/.vite/deps/chunk-EZBKAI6A.js?v=a41b5b22:1783
[ 1760664ms] [WARNING] [mcp-sync] Skip oversized document push: 9.24MiB > 2.00MiB @ http://localhost:3001/src/routes/__root.tsx:54
[ 1794403ms] [INFO] %cDownload the React DevTools for a better development experience: https://react.dev/link/react-devtools font-weight:bold @ http://localhost:3001/node_modules/.vite/deps/react-dom_client.js?v=a41b5b22:20102
[ 1794405ms] [INFO] 🌐 i18next is made possible by our own product, Locize — consider powering your project with managed localization (AI, CDN, integrations): https://locize.com 💙 @ http://localhost:3001/node_modules/.vite/deps/chunk-EZBKAI6A.js?v=a41b5b22:1783
[ 1797858ms] [WARNING] [mcp-sync] Skip oversized document push: 9.24MiB > 2.00MiB @ http://localhost:3001/src/routes/__root.tsx:54
[ 1841841ms] [INFO] %cDownload the React DevTools for a better development experience: https://react.dev/link/react-devtools font-weight:bold @ http://localhost:3001/node_modules/.vite/deps/react-dom_client.js?v=a41b5b22:20102
[ 1841842ms] [INFO] 🌐 i18next is made possible by our own product, Locize — consider powering your project with managed localization (AI, CDN, integrations): https://locize.com 💙 @ http://localhost:3001/node_modules/.vite/deps/chunk-EZBKAI6A.js?v=a41b5b22:1783
[ 1845033ms] [WARNING] [mcp-sync] Skip oversized document push: 9.24MiB > 2.00MiB @ http://localhost:3001/src/routes/__root.tsx:54
[ 1856924ms] [INFO] %cDownload the React DevTools for a better development experience: https://react.dev/link/react-devtools font-weight:bold @ http://localhost:3001/node_modules/.vite/deps/react-dom_client.js?v=a41b5b22:20102
[ 1856925ms] [INFO] 🌐 i18next is made possible by our own product, Locize — consider powering your project with managed localization (AI, CDN, integrations): https://locize.com 💙 @ http://localhost:3001/node_modules/.vite/deps/chunk-EZBKAI6A.js?v=a41b5b22:1783
[ 1860851ms] [WARNING] [mcp-sync] Skip oversized document push: 9.24MiB > 2.00MiB @ http://localhost:3001/src/routes/__root.tsx:54
[ 1924610ms] [INFO] %cDownload the React DevTools for a better development experience: https://react.dev/link/react-devtools font-weight:bold @ http://localhost:3001/node_modules/.vite/deps/react-dom_client.js?v=a41b5b22:20102
[ 1924611ms] [INFO] 🌐 i18next is made possible by our own product, Locize — consider powering your project with managed localization (AI, CDN, integrations): https://locize.com 💙 @ http://localhost:3001/node_modules/.vite/deps/chunk-EZBKAI6A.js?v=a41b5b22:1783
[ 1927846ms] [WARNING] [mcp-sync] Skip oversized document push: 9.24MiB > 2.00MiB @ http://localhost:3001/src/routes/__root.tsx:54
[ 1966911ms] [INFO] %cDownload the React DevTools for a better development experience: https://react.dev/link/react-devtools font-weight:bold @ http://localhost:3001/node_modules/.vite/deps/react-dom_client.js?v=a41b5b22:20102
[ 1966912ms] [INFO] 🌐 i18next is made possible by our own product, Locize — consider powering your project with managed localization (AI, CDN, integrations): https://locize.com 💙 @ http://localhost:3001/node_modules/.vite/deps/chunk-EZBKAI6A.js?v=a41b5b22:1783
[ 1970274ms] [WARNING] [mcp-sync] Skip oversized document push: 9.24MiB > 2.00MiB @ http://localhost:3001/src/routes/__root.tsx:54
[ 2010350ms] [INFO] %cDownload the React DevTools for a better development experience: https://react.dev/link/react-devtools font-weight:bold @ http://localhost:3001/node_modules/.vite/deps/react-dom_client.js?v=a41b5b22:20102
[ 2010352ms] [INFO] 🌐 i18next is made possible by our own product, Locize — consider powering your project with managed localization (AI, CDN, integrations): https://locize.com 💙 @ http://localhost:3001/node_modules/.vite/deps/chunk-EZBKAI6A.js?v=a41b5b22:1783
[ 2013660ms] [WARNING] [mcp-sync] Skip oversized document push: 9.24MiB > 2.00MiB @ http://localhost:3001/src/routes/__root.tsx:54
[ 2261611ms] [INFO] %cDownload the React DevTools for a better development experience: https://react.dev/link/react-devtools font-weight:bold @ http://localhost:3001/node_modules/.vite/deps/react-dom_client.js?v=a41b5b22:20102
[ 2261613ms] [INFO] 🌐 i18next is made possible by our own product, Locize — consider powering your project with managed localization (AI, CDN, integrations): https://locize.com 💙 @ http://localhost:3001/node_modules/.vite/deps/chunk-EZBKAI6A.js?v=a41b5b22:1783
[ 2264985ms] [WARNING] [mcp-sync] Skip oversized document push: 9.24MiB > 2.00MiB @ http://localhost:3001/src/routes/__root.tsx:54
[ 2293555ms] [INFO] %cDownload the React DevTools for a better development experience: https://react.dev/link/react-devtools font-weight:bold @ http://localhost:3001/node_modules/.vite/deps/react-dom_client.js?v=a41b5b22:20102
[ 2293569ms] [INFO] 🌐 i18next is made possible by our own product, Locize — consider powering your project with managed localization (AI, CDN, integrations): https://locize.com 💙 @ http://localhost:3001/node_modules/.vite/deps/chunk-EZBKAI6A.js?v=a41b5b22:1783
[ 2300430ms] [WARNING] [mcp-sync] Skip oversized document push: 9.24MiB > 2.00MiB @ http://localhost:3001/src/routes/__root.tsx:54
[ 2446229ms] [ERROR] %c[Server]%c color: #9333ea; font-weight: bold; color: inherit; (node:53769) MaxListenersExceededWarning: Possible EventEmitter memory leak detected. 11 SIGINT listeners added to [process]. MaxListeners is 10. Use emitter.setMaxListeners() to increase limit
(Use `node --trace-warnings ...` to show where the warning was created) @ http://localhost:3001/src/routes/__root.tsx:117
[ 2446229ms] [ERROR] %c[Server]%c color: #9333ea; font-weight: bold; color: inherit; (node:53769) MaxListenersExceededWarning: Possible EventEmitter memory leak detected. 11 SIGTERM listeners added to [process]. MaxListeners is 10. Use emitter.setMaxListeners() to increase limit @ http://localhost:3001/src/routes/__root.tsx:117
[ 2516690ms] [LOG] %cLOG%c %cGo to Source: http://localhost:3001/__tsd/open-source?source=%2Fsrc%2Fhooks%2Fuse-mcp-sync.ts%3A214%3A13%c 
 →  color:#A0A color:#FFF color:#55F color:#FFF [mcp-sync] Received document:update, top-level children: 1 @ http://localhost:3001/src/routes/__root.tsx:54
[ 2516761ms] [LOG] %cLOG%c %cGo to Source: http://localhost:3001/__tsd/open-source?source=%2Fsrc%2Fhooks%2Fuse-mcp-sync.ts%3A214%3A13%c 
 →  color:#A0A color:#FFF color:#55F color:#FFF [mcp-sync] Received document:update, top-level children: 1 @ http://localhost:3001/src/routes/__root.tsx:54
[ 2750794ms] [INFO] %cDownload the React DevTools for a better development experience: https://react.dev/link/react-devtools font-weight:bold @ http://localhost:3001/node_modules/.vite/deps/react-dom_client.js?v=a41b5b22:20102
[ 2750795ms] [INFO] 🌐 i18next is made possible by our own product, Locize — consider powering your project with managed localization (AI, CDN, integrations): https://locize.com 💙 @ http://localhost:3001/node_modules/.vite/deps/chunk-EZBKAI6A.js?v=a41b5b22:1783
[ 2765291ms] [INFO] %cDownload the React DevTools for a better development experience: https://react.dev/link/react-devtools font-weight:bold @ http://localhost:3001/node_modules/.vite/deps/react-dom_client.js?v=a41b5b22:20102
[ 2765292ms] [INFO] 🌐 i18next is made possible by our own product, Locize — consider powering your project with managed localization (AI, CDN, integrations): https://locize.com 💙 @ http://localhost:3001/node_modules/.vite/deps/chunk-EZBKAI6A.js?v=a41b5b22:1783
[ 3027147ms] [LOG] %cLOG%c %cGo to Source: http://localhost:3001/__tsd/open-source?source=%2Fsrc%2Fhooks%2Fuse-mcp-sync.ts%3A214%3A13%c 
 →  color:#A0A color:#FFF color:#55F color:#FFF [mcp-sync] Received document:update, top-level children: 1 @ http://localhost:3001/src/routes/__root.tsx:54
[ 3027199ms] [LOG] %cLOG%c %cGo to Source: http://localhost:3001/__tsd/open-source?source=%2Fsrc%2Fhooks%2Fuse-mcp-sync.ts%3A214%3A13%c 
 →  color:#A0A color:#FFF color:#55F color:#FFF [mcp-sync] Received document:update, top-level children: 1 @ http://localhost:3001/src/routes/__root.tsx:54
[ 4126017ms] [INFO] %cDownload the React DevTools for a better development experience: https://react.dev/link/react-devtools font-weight:bold @ http://localhost:3001/node_modules/.vite/deps/react-dom_client.js?v=a41b5b22:20102
[ 4126019ms] [INFO] 🌐 i18next is made possible by our own product, Locize — consider powering your project with managed localization (AI, CDN, integrations): https://locize.com 💙 @ http://localhost:3001/node_modules/.vite/deps/chunk-EZBKAI6A.js?v=a41b5b22:1783
[ 4444266ms] [INFO] %cDownload the React DevTools for a better development experience: https://react.dev/link/react-devtools font-weight:bold @ http://localhost:3001/node_modules/.vite/deps/react-dom_client.js?v=a41b5b22:20102
[ 4444270ms] [INFO] 🌐 i18next is made possible by our own product, Locize — consider powering your project with managed localization (AI, CDN, integrations): https://locize.com 💙 @ http://localhost:3001/node_modules/.vite/deps/chunk-EZBKAI6A.js?v=a41b5b22:1783
[ 4445930ms] [ERROR] Failed to load resource: the server responded with a status of 404 (Cloud file not found) @ http://localhost:3001/api/cloud/files/6b1052d1-f704-477a-9414-c03e242fca87:0
[ 4764582ms] [INFO] %cDownload the React DevTools for a better development experience: https://react.dev/link/react-devtools font-weight:bold @ http://localhost:3001/node_modules/.vite/deps/react-dom_client.js?v=a41b5b22:20102
[ 4764583ms] [INFO] 🌐 i18next is made possible by our own product, Locize — consider powering your project with managed localization (AI, CDN, integrations): https://locize.com 💙 @ http://localhost:3001/node_modules/.vite/deps/chunk-EZBKAI6A.js?v=a41b5b22:1783
[ 4766618ms] [ERROR] Failed to load resource: the server responded with a status of 404 (Cloud file not found) @ http://localhost:3001/api/cloud/files/6b1052d1-f704-477a-9414-c03e242fca87:0
[ 4783030ms] [INFO] %cDownload the React DevTools for a better development experience: https://react.dev/link/react-devtools font-weight:bold @ http://localhost:3001/node_modules/.vite/deps/react-dom_client.js?v=a41b5b22:20102
[ 4783031ms] [INFO] 🌐 i18next is made possible by our own product, Locize — consider powering your project with managed localization (AI, CDN, integrations): https://locize.com 💙 @ http://localhost:3001/node_modules/.vite/deps/chunk-EZBKAI6A.js?v=a41b5b22:1783
[ 4784604ms] [ERROR] Failed to load resource: the server responded with a status of 404 (Cloud file not found) @ http://localhost:3001/api/cloud/files/6b1052d1-f704-477a-9414-c03e242fca87:0
[ 4801780ms] [INFO] %cDownload the React DevTools for a better development experience: https://react.dev/link/react-devtools font-weight:bold @ http://localhost:3001/node_modules/.vite/deps/react-dom_client.js?v=a41b5b22:20102
[ 4801781ms] [INFO] 🌐 i18next is made possible by our own product, Locize — consider powering your project with managed localization (AI, CDN, integrations): https://locize.com 💙 @ http://localhost:3001/node_modules/.vite/deps/chunk-EZBKAI6A.js?v=a41b5b22:1783
[ 4803107ms] [ERROR] Failed to load resource: the server responded with a status of 404 (Cloud file not found) @ http://localhost:3001/api/cloud/files/6b1052d1-f704-477a-9414-c03e242fca87:0
[ 4820235ms] [INFO] %cDownload the React DevTools for a better development experience: https://react.dev/link/react-devtools font-weight:bold @ http://localhost:3001/node_modules/.vite/deps/react-dom_client.js?v=a41b5b22:20102
[ 4820237ms] [INFO] 🌐 i18next is made possible by our own product, Locize — consider powering your project with managed localization (AI, CDN, integrations): https://locize.com 💙 @ http://localhost:3001/node_modules/.vite/deps/chunk-EZBKAI6A.js?v=a41b5b22:1783
[ 4821699ms] [ERROR] Failed to load resource: the server responded with a status of 404 (Cloud file not found) @ http://localhost:3001/api/cloud/files/6b1052d1-f704-477a-9414-c03e242fca87:0
[ 6836644ms] [LOG] [vite] server connection lost. Polling for restart... @ http://localhost:3001/src/routes/__root.tsx:54
[ 6836646ms] [ERROR] Failed to load resource: net::ERR_INCOMPLETE_CHUNKED_ENCODING @ http://localhost:3001/__tsd/console-pipe/sse:0
[ 6836747ms] [ERROR] Failed to load resource: net::ERR_CONNECTION_REFUSED @ http://localhost:3001/__tsd/console-pipe:0
[ 6839649ms] [ERROR] Failed to load resource: net::ERR_CONNECTION_REFUSED @ http://localhost:3001/__tsd/console-pipe/sse:0
[ 6842651ms] [ERROR] Failed to load resource: net::ERR_CONNECTION_REFUSED @ http://localhost:3001/__tsd/console-pipe/sse:0
[ 6845654ms] [ERROR] Failed to load resource: net::ERR_CONNECTION_REFUSED @ http://localhost:3001/__tsd/console-pipe/sse:0
[ 6845773ms] [ERROR] Failed to load resource: net::ERR_CONNECTION_REFUSED @ http://localhost:3001/api/cloud/task-notifications:0
[ 6848657ms] [ERROR] Failed to load resource: net::ERR_CONNECTION_REFUSED @ http://localhost:3001/__tsd/console-pipe/sse:0
[ 6851660ms] [ERROR] Failed to load resource: net::ERR_CONNECTION_REFUSED @ http://localhost:3001/__tsd/console-pipe/sse:0
[ 6854664ms] [ERROR] Failed to load resource: net::ERR_CONNECTION_REFUSED @ http://localhost:3001/__tsd/console-pipe/sse:0
[ 6857667ms] [ERROR] Failed to load resource: net::ERR_CONNECTION_REFUSED @ http://localhost:3001/__tsd/console-pipe/sse:0
[ 6860670ms] [ERROR] Failed to load resource: net::ERR_CONNECTION_REFUSED @ http://localhost:3001/__tsd/console-pipe/sse:0
[ 6860773ms] [ERROR] Failed to load resource: net::ERR_CONNECTION_REFUSED @ http://localhost:3001/api/cloud/task-notifications:0
[ 6863673ms] [ERROR] Failed to load resource: net::ERR_CONNECTION_REFUSED @ http://localhost:3001/__tsd/console-pipe/sse:0
[ 6866675ms] [ERROR] Failed to load resource: net::ERR_CONNECTION_REFUSED @ http://localhost:3001/__tsd/console-pipe/sse:0
[ 6869678ms] [ERROR] Failed to load resource: net::ERR_CONNECTION_REFUSED @ http://localhost:3001/__tsd/console-pipe/sse:0
[ 6872680ms] [ERROR] Failed to load resource: net::ERR_CONNECTION_REFUSED @ http://localhost:3001/__tsd/console-pipe/sse:0
[ 6875683ms] [ERROR] Failed to load resource: net::ERR_CONNECTION_REFUSED @ http://localhost:3001/__tsd/console-pipe/sse:0
[ 6875774ms] [ERROR] Failed to load resource: net::ERR_CONNECTION_REFUSED @ http://localhost:3001/api/cloud/task-notifications:0
[ 6878685ms] [ERROR] Failed to load resource: net::ERR_CONNECTION_REFUSED @ http://localhost:3001/__tsd/console-pipe/sse:0
[ 6881688ms] [ERROR] Failed to load resource: net::ERR_CONNECTION_REFUSED @ http://localhost:3001/__tsd/console-pipe/sse:0
[ 6884690ms] [ERROR] Failed to load resource: net::ERR_CONNECTION_REFUSED @ http://localhost:3001/__tsd/console-pipe/sse:0
[ 6887692ms] [ERROR] Failed to load resource: net::ERR_CONNECTION_REFUSED @ http://localhost:3001/__tsd/console-pipe/sse:0
[ 6890695ms] [ERROR] Failed to load resource: net::ERR_CONNECTION_REFUSED @ http://localhost:3001/__tsd/console-pipe/sse:0
[ 6890773ms] [ERROR] Failed to load resource: net::ERR_CONNECTION_REFUSED @ http://localhost:3001/api/cloud/task-notifications:0
[ 6893699ms] [ERROR] Failed to load resource: net::ERR_CONNECTION_REFUSED @ http://localhost:3001/__tsd/console-pipe/sse:0
[ 6896701ms] [ERROR] Failed to load resource: net::ERR_CONNECTION_REFUSED @ http://localhost:3001/__tsd/console-pipe/sse:0
[ 6899704ms] [ERROR] Failed to load resource: net::ERR_CONNECTION_REFUSED @ http://localhost:3001/__tsd/console-pipe/sse:0
[ 6902706ms] [ERROR] Failed to load resource: net::ERR_CONNECTION_REFUSED @ http://localhost:3001/__tsd/console-pipe/sse:0
[ 6905709ms] [ERROR] Failed to load resource: net::ERR_CONNECTION_REFUSED @ http://localhost:3001/__tsd/console-pipe/sse:0
[ 6905773ms] [ERROR] Failed to load resource: net::ERR_CONNECTION_REFUSED @ http://localhost:3001/api/cloud/task-notifications:0
[ 6908713ms] [ERROR] Failed to load resource: net::ERR_CONNECTION_REFUSED @ http://localhost:3001/__tsd/console-pipe/sse:0
[ 6911715ms] [ERROR] Failed to load resource: net::ERR_CONNECTION_REFUSED @ http://localhost:3001/__tsd/console-pipe/sse:0
[ 6914718ms] [ERROR] Failed to load resource: net::ERR_CONNECTION_REFUSED @ http://localhost:3001/__tsd/console-pipe/sse:0
[ 6917720ms] [ERROR] Failed to load resource: net::ERR_CONNECTION_REFUSED @ http://localhost:3001/__tsd/console-pipe/sse:0
[ 6920722ms] [ERROR] Failed to load resource: net::ERR_CONNECTION_REFUSED @ http://localhost:3001/__tsd/console-pipe/sse:0
[ 6920774ms] [ERROR] Failed to load resource: net::ERR_CONNECTION_REFUSED @ http://localhost:3001/api/cloud/task-notifications:0
[ 6923725ms] [ERROR] Failed to load resource: net::ERR_CONNECTION_REFUSED @ http://localhost:3001/__tsd/console-pipe/sse:0
[ 6926728ms] [ERROR] Failed to load resource: net::ERR_CONNECTION_REFUSED @ http://localhost:3001/__tsd/console-pipe/sse:0
[ 6929732ms] [ERROR] Failed to load resource: net::ERR_CONNECTION_REFUSED @ http://localhost:3001/__tsd/console-pipe/sse:0
[ 6932735ms] [ERROR] Failed to load resource: net::ERR_CONNECTION_REFUSED @ http://localhost:3001/__tsd/console-pipe/sse:0
[ 6935738ms] [ERROR] Failed to load resource: net::ERR_CONNECTION_REFUSED @ http://localhost:3001/__tsd/console-pipe/sse:0
[ 6935773ms] [ERROR] Failed to load resource: net::ERR_CONNECTION_REFUSED @ http://localhost:3001/api/cloud/task-notifications:0
[ 6938741ms] [ERROR] Failed to load resource: net::ERR_CONNECTION_REFUSED @ http://localhost:3001/__tsd/console-pipe/sse:0
[ 6941743ms] [ERROR] Failed to load resource: net::ERR_CONNECTION_REFUSED @ http://localhost:3001/__tsd/console-pipe/sse:0
[ 6944746ms] [ERROR] Failed to load resource: net::ERR_CONNECTION_REFUSED @ http://localhost:3001/__tsd/console-pipe/sse:0
[ 6947749ms] [ERROR] Failed to load resource: net::ERR_CONNECTION_REFUSED @ http://localhost:3001/__tsd/console-pipe/sse:0
[ 6950753ms] [ERROR] Failed to load resource: net::ERR_CONNECTION_REFUSED @ http://localhost:3001/__tsd/console-pipe/sse:0
[ 6950774ms] [ERROR] Failed to load resource: net::ERR_CONNECTION_REFUSED @ http://localhost:3001/api/cloud/task-notifications:0
[ 6953755ms] [ERROR] Failed to load resource: net::ERR_CONNECTION_REFUSED @ http://localhost:3001/__tsd/console-pipe/sse:0
[ 6956757ms] [ERROR] Failed to load resource: net::ERR_CONNECTION_REFUSED @ http://localhost:3001/__tsd/console-pipe/sse:0
[ 6959760ms] [ERROR] Failed to load resource: net::ERR_CONNECTION_REFUSED @ http://localhost:3001/__tsd/console-pipe/sse:0
[ 6962763ms] [ERROR] Failed to load resource: net::ERR_CONNECTION_REFUSED @ http://localhost:3001/__tsd/console-pipe/sse:0
[ 6965765ms] [ERROR] Failed to load resource: net::ERR_CONNECTION_REFUSED @ http://localhost:3001/__tsd/console-pipe/sse:0
[ 6965775ms] [ERROR] Failed to load resource: net::ERR_CONNECTION_REFUSED @ http://localhost:3001/api/cloud/task-notifications:0
[ 6968766ms] [ERROR] Failed to load resource: net::ERR_CONNECTION_REFUSED @ http://localhost:3001/__tsd/console-pipe/sse:0
[ 6971769ms] [ERROR] Failed to load resource: net::ERR_CONNECTION_REFUSED @ http://localhost:3001/__tsd/console-pipe/sse:0
[ 6974771ms] [ERROR] Failed to load resource: net::ERR_CONNECTION_REFUSED @ http://localhost:3001/__tsd/console-pipe/sse:0
[ 6977773ms] [ERROR] Failed to load resource: net::ERR_CONNECTION_REFUSED @ http://localhost:3001/__tsd/console-pipe/sse:0
[ 6980774ms] [ERROR] Failed to load resource: net::ERR_CONNECTION_REFUSED @ http://localhost:3001/api/cloud/task-notifications:0
[ 6980775ms] [ERROR] Failed to load resource: net::ERR_CONNECTION_REFUSED @ http://localhost:3001/__tsd/console-pipe/sse:0
[ 6983778ms] [ERROR] Failed to load resource: net::ERR_CONNECTION_REFUSED @ http://localhost:3001/__tsd/console-pipe/sse:0
[ 6986780ms] [ERROR] Failed to load resource: net::ERR_CONNECTION_REFUSED @ http://localhost:3001/__tsd/console-pipe/sse:0
[ 6989783ms] [ERROR] Failed to load resource: net::ERR_CONNECTION_REFUSED @ http://localhost:3001/__tsd/console-pipe/sse:0
[ 6992785ms] [ERROR] Failed to load resource: net::ERR_CONNECTION_REFUSED @ http://localhost:3001/__tsd/console-pipe/sse:0
[ 6995774ms] [ERROR] Failed to load resource: net::ERR_CONNECTION_REFUSED @ http://localhost:3001/api/cloud/task-notifications:0
[ 6995788ms] [ERROR] Failed to load resource: net::ERR_CONNECTION_REFUSED @ http://localhost:3001/__tsd/console-pipe/sse:0
[ 6998791ms] [ERROR] Failed to load resource: net::ERR_CONNECTION_REFUSED @ http://localhost:3001/__tsd/console-pipe/sse:0
[ 7001793ms] [ERROR] Failed to load resource: net::ERR_CONNECTION_REFUSED @ http://localhost:3001/__tsd/console-pipe/sse:0
[ 7004795ms] [ERROR] Failed to load resource: net::ERR_CONNECTION_REFUSED @ http://localhost:3001/__tsd/console-pipe/sse:0
[ 7007798ms] [ERROR] Failed to load resource: net::ERR_CONNECTION_REFUSED @ http://localhost:3001/__tsd/console-pipe/sse:0
[ 7010775ms] [ERROR] Failed to load resource: net::ERR_CONNECTION_REFUSED @ http://localhost:3001/api/cloud/task-notifications:0
[ 7010802ms] [ERROR] Failed to load resource: net::ERR_CONNECTION_REFUSED @ http://localhost:3001/__tsd/console-pipe/sse:0
[ 7013805ms] [ERROR] Failed to load resource: net::ERR_CONNECTION_REFUSED @ http://localhost:3001/__tsd/console-pipe/sse:0
[ 7016807ms] [ERROR] Failed to load resource: net::ERR_CONNECTION_REFUSED @ http://localhost:3001/__tsd/console-pipe/sse:0
[ 7019809ms] [ERROR] Failed to load resource: net::ERR_CONNECTION_REFUSED @ http://localhost:3001/__tsd/console-pipe/sse:0
[ 7022813ms] [ERROR] Failed to load resource: net::ERR_CONNECTION_REFUSED @ http://localhost:3001/__tsd/console-pipe/sse:0
[ 7025775ms] [ERROR] Failed to load resource: net::ERR_CONNECTION_REFUSED @ http://localhost:3001/api/cloud/task-notifications:0
[ 7025815ms] [ERROR] Failed to load resource: net::ERR_CONNECTION_REFUSED @ http://localhost:3001/__tsd/console-pipe/sse:0
[ 7028818ms] [ERROR] Failed to load resource: net::ERR_CONNECTION_REFUSED @ http://localhost:3001/__tsd/console-pipe/sse:0
[ 7031821ms] [ERROR] Failed to load resource: net::ERR_CONNECTION_REFUSED @ http://localhost:3001/__tsd/console-pipe/sse:0
[ 7034823ms] [ERROR] Failed to load resource: net::ERR_CONNECTION_REFUSED @ http://localhost:3001/__tsd/console-pipe/sse:0
[ 7037826ms] [ERROR] Failed to load resource: net::ERR_CONNECTION_REFUSED @ http://localhost:3001/__tsd/console-pipe/sse:0
[ 7040776ms] [ERROR] Failed to load resource: net::ERR_CONNECTION_REFUSED @ http://localhost:3001/api/cloud/task-notifications:0
[ 7040829ms] [ERROR] Failed to load resource: net::ERR_CONNECTION_REFUSED @ http://localhost:3001/__tsd/console-pipe/sse:0
[ 7043832ms] [ERROR] Failed to load resource: net::ERR_CONNECTION_REFUSED @ http://localhost:3001/__tsd/console-pipe/sse:0
[ 7046834ms] [ERROR] Failed to load resource: net::ERR_CONNECTION_REFUSED @ http://localhost:3001/__tsd/console-pipe/sse:0
[ 7049836ms] [ERROR] Failed to load resource: net::ERR_CONNECTION_REFUSED @ http://localhost:3001/__tsd/console-pipe/sse:0
[ 7052839ms] [ERROR] Failed to load resource: net::ERR_CONNECTION_REFUSED @ http://localhost:3001/__tsd/console-pipe/sse:0
[ 7055774ms] [ERROR] Failed to load resource: net::ERR_CONNECTION_REFUSED @ http://localhost:3001/api/cloud/task-notifications:0
[ 7055841ms] [ERROR] Failed to load resource: net::ERR_CONNECTION_REFUSED @ http://localhost:3001/__tsd/console-pipe/sse:0
[ 7058844ms] [ERROR] Failed to load resource: net::ERR_CONNECTION_REFUSED @ http://localhost:3001/__tsd/console-pipe/sse:0
[ 7061845ms] [ERROR] Failed to load resource: net::ERR_CONNECTION_REFUSED @ http://localhost:3001/__tsd/console-pipe/sse:0
[ 7064848ms] [ERROR] Failed to load resource: net::ERR_CONNECTION_REFUSED @ http://localhost:3001/__tsd/console-pipe/sse:0
[ 7067849ms] [ERROR] Failed to load resource: net::ERR_CONNECTION_REFUSED @ http://localhost:3001/__tsd/console-pipe/sse:0
[ 7070774ms] [ERROR] Failed to load resource: net::ERR_CONNECTION_REFUSED @ http://localhost:3001/api/cloud/task-notifications:0
[ 7070851ms] [ERROR] Failed to load resource: net::ERR_CONNECTION_REFUSED @ http://localhost:3001/__tsd/console-pipe/sse:0
[ 7073854ms] [ERROR] Failed to load resource: net::ERR_CONNECTION_REFUSED @ http://localhost:3001/__tsd/console-pipe/sse:0
[ 7076856ms] [ERROR] Failed to load resource: net::ERR_CONNECTION_REFUSED @ http://localhost:3001/__tsd/console-pipe/sse:0
[ 7079858ms] [ERROR] Failed to load resource: net::ERR_CONNECTION_REFUSED @ http://localhost:3001/__tsd/console-pipe/sse:0
[ 7082860ms] [ERROR] Failed to load resource: net::ERR_CONNECTION_REFUSED @ http://localhost:3001/__tsd/console-pipe/sse:0
[ 7085774ms] [ERROR] Failed to load resource: net::ERR_CONNECTION_REFUSED @ http://localhost:3001/api/cloud/task-notifications:0
[ 7085863ms] [ERROR] Failed to load resource: net::ERR_CONNECTION_REFUSED @ http://localhost:3001/__tsd/console-pipe/sse:0
[ 7088866ms] [ERROR] Failed to load resource: net::ERR_CONNECTION_REFUSED @ http://localhost:3001/__tsd/console-pipe/sse:0
[ 7091868ms] [ERROR] Failed to load resource: net::ERR_CONNECTION_REFUSED @ http://localhost:3001/__tsd/console-pipe/sse:0
[ 7094870ms] [ERROR] Failed to load resource: net::ERR_CONNECTION_REFUSED @ http://localhost:3001/__tsd/console-pipe/sse:0
[ 7097872ms] [ERROR] Failed to load resource: net::ERR_CONNECTION_REFUSED @ http://localhost:3001/__tsd/console-pipe/sse:0
[ 7100774ms] [ERROR] Failed to load resource: net::ERR_CONNECTION_REFUSED @ http://localhost:3001/api/cloud/task-notifications:0
[ 7100874ms] [ERROR] Failed to load resource: net::ERR_CONNECTION_REFUSED @ http://localhost:3001/__tsd/console-pipe/sse:0
[ 7103876ms] [ERROR] Failed to load resource: net::ERR_CONNECTION_REFUSED @ http://localhost:3001/__tsd/console-pipe/sse:0
[ 7106878ms] [ERROR] Failed to load resource: net::ERR_CONNECTION_REFUSED @ http://localhost:3001/__tsd/console-pipe/sse:0
[ 7109880ms] [ERROR] Failed to load resource: net::ERR_CONNECTION_REFUSED @ http://localhost:3001/__tsd/console-pipe/sse:0
[ 7112882ms] [ERROR] Failed to load resource: net::ERR_CONNECTION_REFUSED @ http://localhost:3001/__tsd/console-pipe/sse:0
[ 7115775ms] [ERROR] Failed to load resource: net::ERR_CONNECTION_REFUSED @ http://localhost:3001/api/cloud/task-notifications:0
[ 7115884ms] [ERROR] Failed to load resource: net::ERR_CONNECTION_REFUSED @ http://localhost:3001/__tsd/console-pipe/sse:0
[ 7118885ms] [ERROR] Failed to load resource: net::ERR_CONNECTION_REFUSED @ http://localhost:3001/__tsd/console-pipe/sse:0
[ 7121887ms] [ERROR] Failed to load resource: net::ERR_CONNECTION_REFUSED @ http://localhost:3001/__tsd/console-pipe/sse:0
[ 7124889ms] [ERROR] Failed to load resource: net::ERR_CONNECTION_REFUSED @ http://localhost:3001/__tsd/console-pipe/sse:0
[ 7127891ms] [ERROR] Failed to load resource: net::ERR_CONNECTION_REFUSED @ http://localhost:3001/__tsd/console-pipe/sse:0
[ 7130774ms] [ERROR] Failed to load resource: net::ERR_CONNECTION_REFUSED @ http://localhost:3001/api/cloud/task-notifications:0
[ 7130893ms] [ERROR] Failed to load resource: net::ERR_CONNECTION_REFUSED @ http://localhost:3001/__tsd/console-pipe/sse:0
[ 7133895ms] [ERROR] Failed to load resource: net::ERR_CONNECTION_REFUSED @ http://localhost:3001/__tsd/console-pipe/sse:0
[ 7136898ms] [ERROR] Failed to load resource: net::ERR_CONNECTION_REFUSED @ http://localhost:3001/__tsd/console-pipe/sse:0
[ 7139901ms] [ERROR] Failed to load resource: net::ERR_CONNECTION_REFUSED @ http://localhost:3001/__tsd/console-pipe/sse:0
[ 7142904ms] [ERROR] Failed to load resource: net::ERR_CONNECTION_REFUSED @ http://localhost:3001/__tsd/console-pipe/sse:0
[ 7145776ms] [ERROR] Failed to load resource: net::ERR_CONNECTION_REFUSED @ http://localhost:3001/api/cloud/task-notifications:0
[ 7145906ms] [ERROR] Failed to load resource: net::ERR_CONNECTION_REFUSED @ http://localhost:3001/__tsd/console-pipe/sse:0
[ 7148909ms] [ERROR] Failed to load resource: net::ERR_CONNECTION_REFUSED @ http://localhost:3001/__tsd/console-pipe/sse:0
[ 7151911ms] [ERROR] Failed to load resource: net::ERR_CONNECTION_REFUSED @ http://localhost:3001/__tsd/console-pipe/sse:0
[ 7154914ms] [ERROR] Failed to load resource: net::ERR_CONNECTION_REFUSED @ http://localhost:3001/__tsd/console-pipe/sse:0
[ 7157916ms] [ERROR] Failed to load resource: net::ERR_CONNECTION_REFUSED @ http://localhost:3001/__tsd/console-pipe/sse:0
[ 7160775ms] [ERROR] Failed to load resource: net::ERR_CONNECTION_REFUSED @ http://localhost:3001/api/cloud/task-notifications:0
[ 7160919ms] [ERROR] Failed to load resource: net::ERR_CONNECTION_REFUSED @ http://localhost:3001/__tsd/console-pipe/sse:0
[ 7163922ms] [ERROR] Failed to load resource: net::ERR_CONNECTION_REFUSED @ http://localhost:3001/__tsd/console-pipe/sse:0
[ 7166925ms] [ERROR] Failed to load resource: net::ERR_CONNECTION_REFUSED @ http://localhost:3001/__tsd/console-pipe/sse:0
[ 7169927ms] [ERROR] Failed to load resource: net::ERR_CONNECTION_REFUSED @ http://localhost:3001/__tsd/console-pipe/sse:0
[ 7172931ms] [ERROR] Failed to load resource: net::ERR_CONNECTION_REFUSED @ http://localhost:3001/__tsd/console-pipe/sse:0
[ 7175776ms] [ERROR] Failed to load resource: net::ERR_CONNECTION_REFUSED @ http://localhost:3001/api/cloud/task-notifications:0
[ 7175934ms] [ERROR] Failed to load resource: net::ERR_CONNECTION_REFUSED @ http://localhost:3001/__tsd/console-pipe/sse:0
[ 7178937ms] [ERROR] Failed to load resource: net::ERR_CONNECTION_REFUSED @ http://localhost:3001/__tsd/console-pipe/sse:0
[ 7181940ms] [ERROR] Failed to load resource: net::ERR_CONNECTION_REFUSED @ http://localhost:3001/__tsd/console-pipe/sse:0
[ 7184942ms] [ERROR] Failed to load resource: net::ERR_CONNECTION_REFUSED @ http://localhost:3001/__tsd/console-pipe/sse:0
[ 7187945ms] [ERROR] Failed to load resource: net::ERR_CONNECTION_REFUSED @ http://localhost:3001/__tsd/console-pipe/sse:0
[ 7190775ms] [ERROR] Failed to load resource: net::ERR_CONNECTION_REFUSED @ http://localhost:3001/api/cloud/task-notifications:0
[ 7190948ms] [ERROR] Failed to load resource: net::ERR_CONNECTION_REFUSED @ http://localhost:3001/__tsd/console-pipe/sse:0
[ 7193950ms] [ERROR] Failed to load resource: net::ERR_CONNECTION_REFUSED @ http://localhost:3001/__tsd/console-pipe/sse:0
[ 7196953ms] [ERROR] Failed to load resource: net::ERR_CONNECTION_REFUSED @ http://localhost:3001/__tsd/console-pipe/sse:0
[ 7199957ms] [ERROR] Failed to load resource: net::ERR_CONNECTION_REFUSED @ http://localhost:3001/__tsd/console-pipe/sse:0
[ 7202959ms] [ERROR] Failed to load resource: net::ERR_CONNECTION_REFUSED @ http://localhost:3001/__tsd/console-pipe/sse:0
[ 7205777ms] [ERROR] Failed to load resource: net::ERR_CONNECTION_REFUSED @ http://localhost:3001/api/cloud/task-notifications:0
[ 7205962ms] [ERROR] Failed to load resource: net::ERR_CONNECTION_REFUSED @ http://localhost:3001/__tsd/console-pipe/sse:0
[ 7208964ms] [ERROR] Failed to load resource: net::ERR_CONNECTION_REFUSED @ http://localhost:3001/__tsd/console-pipe/sse:0
[ 7211967ms] [ERROR] Failed to load resource: net::ERR_CONNECTION_REFUSED @ http://localhost:3001/__tsd/console-pipe/sse:0
[ 7214969ms] [ERROR] Failed to load resource: net::ERR_CONNECTION_REFUSED @ http://localhost:3001/__tsd/console-pipe/sse:0
[ 7217971ms] [ERROR] Failed to load resource: net::ERR_CONNECTION_REFUSED @ http://localhost:3001/__tsd/console-pipe/sse:0
[ 7220775ms] [ERROR] Failed to load resource: net::ERR_CONNECTION_REFUSED @ http://localhost:3001/api/cloud/task-notifications:0
[ 7220974ms] [ERROR] Failed to load resource: net::ERR_CONNECTION_REFUSED @ http://localhost:3001/__tsd/console-pipe/sse:0
[ 7223975ms] [ERROR] Failed to load resource: net::ERR_CONNECTION_REFUSED @ http://localhost:3001/__tsd/console-pipe/sse:0
[ 7226977ms] [ERROR] Failed to load resource: net::ERR_CONNECTION_REFUSED @ http://localhost:3001/__tsd/console-pipe/sse:0
[ 7229980ms] [ERROR] Failed to load resource: net::ERR_CONNECTION_REFUSED @ http://localhost:3001/__tsd/console-pipe/sse:0
[ 7232983ms] [ERROR] Failed to load resource: net::ERR_CONNECTION_REFUSED @ http://localhost:3001/__tsd/console-pipe/sse:0
[ 7235776ms] [ERROR] Failed to load resource: net::ERR_CONNECTION_REFUSED @ http://localhost:3001/api/cloud/task-notifications:0
[ 7235985ms] [ERROR] Failed to load resource: net::ERR_CONNECTION_REFUSED @ http://localhost:3001/__tsd/console-pipe/sse:0
[ 7238988ms] [ERROR] Failed to load resource: net::ERR_CONNECTION_REFUSED @ http://localhost:3001/__tsd/console-pipe/sse:0
[ 7241991ms] [ERROR] Failed to load resource: net::ERR_CONNECTION_REFUSED @ http://localhost:3001/__tsd/console-pipe/sse:0
[ 7244994ms] [ERROR] Failed to load resource: net::ERR_CONNECTION_REFUSED @ http://localhost:3001/__tsd/console-pipe/sse:0
[ 7247996ms] [ERROR] Failed to load resource: net::ERR_CONNECTION_REFUSED @ http://localhost:3001/__tsd/console-pipe/sse:0
[ 7250776ms] [ERROR] Failed to load resource: net::ERR_CONNECTION_REFUSED @ http://localhost:3001/api/cloud/task-notifications:0
[ 7250999ms] [ERROR] Failed to load resource: net::ERR_CONNECTION_REFUSED @ http://localhost:3001/__tsd/console-pipe/sse:0
[ 7254001ms] [ERROR] Failed to load resource: net::ERR_CONNECTION_REFUSED @ http://localhost:3001/__tsd/console-pipe/sse:0
[ 7257004ms] [ERROR] Failed to load resource: net::ERR_CONNECTION_REFUSED @ http://localhost:3001/__tsd/console-pipe/sse:0
[ 7260006ms] [ERROR] Failed to load resource: net::ERR_CONNECTION_REFUSED @ http://localhost:3001/__tsd/console-pipe/sse:0
[ 7263009ms] [ERROR] Failed to load resource: net::ERR_CONNECTION_REFUSED @ http://localhost:3001/__tsd/console-pipe/sse:0
[ 7265777ms] [ERROR] Failed to load resource: net::ERR_CONNECTION_REFUSED @ http://localhost:3001/api/cloud/task-notifications:0
[ 7266012ms] [ERROR] Failed to load resource: net::ERR_CONNECTION_REFUSED @ http://localhost:3001/__tsd/console-pipe/sse:0
[ 7269015ms] [ERROR] Failed to load resource: net::ERR_CONNECTION_REFUSED @ http://localhost:3001/__tsd/console-pipe/sse:0
[ 7272017ms] [ERROR] Failed to load resource: net::ERR_CONNECTION_REFUSED @ http://localhost:3001/__tsd/console-pipe/sse:0
[ 7275020ms] [ERROR] Failed to load resource: net::ERR_CONNECTION_REFUSED @ http://localhost:3001/__tsd/console-pipe/sse:0
[ 7278022ms] [ERROR] Failed to load resource: net::ERR_CONNECTION_REFUSED @ http://localhost:3001/__tsd/console-pipe/sse:0
[ 7280775ms] [ERROR] Failed to load resource: net::ERR_CONNECTION_REFUSED @ http://localhost:3001/api/cloud/task-notifications:0
[ 7281024ms] [ERROR] Failed to load resource: net::ERR_CONNECTION_REFUSED @ http://localhost:3001/__tsd/console-pipe/sse:0
[ 7284027ms] [ERROR] Failed to load resource: net::ERR_CONNECTION_REFUSED @ http://localhost:3001/__tsd/console-pipe/sse:0
[ 7287029ms] [ERROR] Failed to load resource: net::ERR_CONNECTION_REFUSED @ http://localhost:3001/__tsd/console-pipe/sse:0
[ 7290031ms] [ERROR] Failed to load resource: net::ERR_CONNECTION_REFUSED @ http://localhost:3001/__tsd/console-pipe/sse:0
[ 7293033ms] [ERROR] Failed to load resource: net::ERR_CONNECTION_REFUSED @ http://localhost:3001/__tsd/console-pipe/sse:0
[ 7295776ms] [ERROR] Failed to load resource: net::ERR_CONNECTION_REFUSED @ http://localhost:3001/api/cloud/task-notifications:0
[ 7296036ms] [ERROR] Failed to load resource: net::ERR_CONNECTION_REFUSED @ http://localhost:3001/__tsd/console-pipe/sse:0
[ 7299038ms] [ERROR] Failed to load resource: net::ERR_CONNECTION_REFUSED @ http://localhost:3001/__tsd/console-pipe/sse:0
[ 7302040ms] [ERROR] Failed to load resource: net::ERR_CONNECTION_REFUSED @ http://localhost:3001/__tsd/console-pipe/sse:0
[ 7305042ms] [ERROR] Failed to load resource: net::ERR_CONNECTION_REFUSED @ http://localhost:3001/__tsd/console-pipe/sse:0
[ 7308045ms] [ERROR] Failed to load resource: net::ERR_CONNECTION_REFUSED @ http://localhost:3001/__tsd/console-pipe/sse:0
[ 7310775ms] [ERROR] Failed to load resource: net::ERR_CONNECTION_REFUSED @ http://localhost:3001/api/cloud/task-notifications:0
[ 7311048ms] [ERROR] Failed to load resource: net::ERR_CONNECTION_REFUSED @ http://localhost:3001/__tsd/console-pipe/sse:0
[ 7314051ms] [ERROR] Failed to load resource: net::ERR_CONNECTION_REFUSED @ http://localhost:3001/__tsd/console-pipe/sse:0
[ 7317054ms] [ERROR] Failed to load resource: net::ERR_CONNECTION_REFUSED @ http://localhost:3001/__tsd/console-pipe/sse:0
[ 7320057ms] [ERROR] Failed to load resource: net::ERR_CONNECTION_REFUSED @ http://localhost:3001/__tsd/console-pipe/sse:0
[ 7323060ms] [ERROR] Failed to load resource: net::ERR_CONNECTION_REFUSED @ http://localhost:3001/__tsd/console-pipe/sse:0
[ 7325776ms] [ERROR] Failed to load resource: net::ERR_CONNECTION_REFUSED @ http://localhost:3001/api/cloud/task-notifications:0
[ 7326062ms] [ERROR] Failed to load resource: net::ERR_CONNECTION_REFUSED @ http://localhost:3001/__tsd/console-pipe/sse:0
[ 7329064ms] [ERROR] Failed to load resource: net::ERR_CONNECTION_REFUSED @ http://localhost:3001/__tsd/console-pipe/sse:0
[ 7332066ms] [ERROR] Failed to load resource: net::ERR_CONNECTION_REFUSED @ http://localhost:3001/__tsd/console-pipe/sse:0
[ 7335068ms] [ERROR] Failed to load resource: net::ERR_CONNECTION_REFUSED @ http://localhost:3001/__tsd/console-pipe/sse:0
[ 7338071ms] [ERROR] Failed to load resource: net::ERR_CONNECTION_REFUSED @ http://localhost:3001/__tsd/console-pipe/sse:0
[ 7340776ms] [ERROR] Failed to load resource: net::ERR_CONNECTION_REFUSED @ http://localhost:3001/api/cloud/task-notifications:0
[ 7341074ms] [ERROR] Failed to load resource: net::ERR_CONNECTION_REFUSED @ http://localhost:3001/__tsd/console-pipe/sse:0
[ 7344075ms] [ERROR] Failed to load resource: net::ERR_CONNECTION_REFUSED @ http://localhost:3001/__tsd/console-pipe/sse:0
[ 7347078ms] [ERROR] Failed to load resource: net::ERR_CONNECTION_REFUSED @ http://localhost:3001/__tsd/console-pipe/sse:0
[ 7350080ms] [ERROR] Failed to load resource: net::ERR_CONNECTION_REFUSED @ http://localhost:3001/__tsd/console-pipe/sse:0
[ 7353083ms] [ERROR] Failed to load resource: net::ERR_CONNECTION_REFUSED @ http://localhost:3001/__tsd/console-pipe/sse:0
[ 7355776ms] [ERROR] Failed to load resource: net::ERR_CONNECTION_REFUSED @ http://localhost:3001/api/cloud/task-notifications:0
[ 7356085ms] [ERROR] Failed to load resource: net::ERR_CONNECTION_REFUSED @ http://localhost:3001/__tsd/console-pipe/sse:0
[ 7359087ms] [ERROR] Failed to load resource: net::ERR_CONNECTION_REFUSED @ http://localhost:3001/__tsd/console-pipe/sse:0
[ 7362090ms] [ERROR] Failed to load resource: net::ERR_CONNECTION_REFUSED @ http://localhost:3001/__tsd/console-pipe/sse:0
[ 7365091ms] [ERROR] Failed to load resource: net::ERR_CONNECTION_REFUSED @ http://localhost:3001/__tsd/console-pipe/sse:0
[ 7368093ms] [ERROR] Failed to load resource: net::ERR_CONNECTION_REFUSED @ http://localhost:3001/__tsd/console-pipe/sse:0
[ 7370776ms] [ERROR] Failed to load resource: net::ERR_CONNECTION_REFUSED @ http://localhost:3001/api/cloud/task-notifications:0
[ 7371095ms] [ERROR] Failed to load resource: net::ERR_CONNECTION_REFUSED @ http://localhost:3001/__tsd/console-pipe/sse:0
[ 7374098ms] [ERROR] Failed to load resource: net::ERR_CONNECTION_REFUSED @ http://localhost:3001/__tsd/console-pipe/sse:0
[ 7377100ms] [ERROR] Failed to load resource: net::ERR_CONNECTION_REFUSED @ http://localhost:3001/__tsd/console-pipe/sse:0
[ 7380102ms] [ERROR] Failed to load resource: net::ERR_CONNECTION_REFUSED @ http://localhost:3001/__tsd/console-pipe/sse:0
[ 7383103ms] [ERROR] Failed to load resource: net::ERR_CONNECTION_REFUSED @ http://localhost:3001/__tsd/console-pipe/sse:0
[ 7385777ms] [ERROR] Failed to load resource: net::ERR_CONNECTION_REFUSED @ http://localhost:3001/api/cloud/task-notifications:0
[ 7386106ms] [ERROR] Failed to load resource: net::ERR_CONNECTION_REFUSED @ http://localhost:3001/__tsd/console-pipe/sse:0
[ 7389108ms] [ERROR] Failed to load resource: net::ERR_CONNECTION_REFUSED @ http://localhost:3001/__tsd/console-pipe/sse:0
[ 7392110ms] [ERROR] Failed to load resource: net::ERR_CONNECTION_REFUSED @ http://localhost:3001/__tsd/console-pipe/sse:0
[ 7395112ms] [ERROR] Failed to load resource: net::ERR_CONNECTION_REFUSED @ http://localhost:3001/__tsd/console-pipe/sse:0
[ 7398114ms] [ERROR] Failed to load resource: net::ERR_CONNECTION_REFUSED @ http://localhost:3001/__tsd/console-pipe/sse:0
[ 7400777ms] [ERROR] Failed to load resource: net::ERR_CONNECTION_REFUSED @ http://localhost:3001/api/cloud/task-notifications:0
[ 7401116ms] [ERROR] Failed to load resource: net::ERR_CONNECTION_REFUSED @ http://localhost:3001/__tsd/console-pipe/sse:0
[ 7404118ms] [ERROR] Failed to load resource: net::ERR_CONNECTION_REFUSED @ http://localhost:3001/__tsd/console-pipe/sse:0
[ 7407120ms] [ERROR] Failed to load resource: net::ERR_CONNECTION_REFUSED @ http://localhost:3001/__tsd/console-pipe/sse:0
[ 7410122ms] [ERROR] Failed to load resource: net::ERR_CONNECTION_REFUSED @ http://localhost:3001/__tsd/console-pipe/sse:0
[ 7413123ms] [ERROR] Failed to load resource: net::ERR_CONNECTION_REFUSED @ http://localhost:3001/__tsd/console-pipe/sse:0
[ 7415777ms] [ERROR] Failed to load resource: net::ERR_CONNECTION_REFUSED @ http://localhost:3001/api/cloud/task-notifications:0
[ 7416126ms] [ERROR] Failed to load resource: net::ERR_CONNECTION_REFUSED @ http://localhost:3001/__tsd/console-pipe/sse:0
[ 7419128ms] [ERROR] Failed to load resource: net::ERR_CONNECTION_REFUSED @ http://localhost:3001/__tsd/console-pipe/sse:0
[ 7422130ms] [ERROR] Failed to load resource: net::ERR_CONNECTION_REFUSED @ http://localhost:3001/__tsd/console-pipe/sse:0
[ 7425132ms] [ERROR] Failed to load resource: net::ERR_CONNECTION_REFUSED @ http://localhost:3001/__tsd/console-pipe/sse:0
[ 7428134ms] [ERROR] Failed to load resource: net::ERR_CONNECTION_REFUSED @ http://localhost:3001/__tsd/console-pipe/sse:0
[ 7430777ms] [ERROR] Failed to load resource: net::ERR_CONNECTION_REFUSED @ http://localhost:3001/api/cloud/task-notifications:0
[ 7431137ms] [ERROR] Failed to load resource: net::ERR_CONNECTION_REFUSED @ http://localhost:3001/__tsd/console-pipe/sse:0
[ 7434139ms] [ERROR] Failed to load resource: net::ERR_CONNECTION_REFUSED @ http://localhost:3001/__tsd/console-pipe/sse:0
[ 7437141ms] [ERROR] Failed to load resource: net::ERR_CONNECTION_REFUSED @ http://localhost:3001/__tsd/console-pipe/sse:0
[ 7440144ms] [ERROR] Failed to load resource: net::ERR_CONNECTION_REFUSED @ http://localhost:3001/__tsd/console-pipe/sse:0
[ 7443147ms] [ERROR] Failed to load resource: net::ERR_CONNECTION_REFUSED @ http://localhost:3001/__tsd/console-pipe/sse:0
[ 7445778ms] [ERROR] Failed to load resource: net::ERR_CONNECTION_REFUSED @ http://localhost:3001/api/cloud/task-notifications:0
[ 7446149ms] [ERROR] Failed to load resource: net::ERR_CONNECTION_REFUSED @ http://localhost:3001/__tsd/console-pipe/sse:0
[ 7449151ms] [ERROR] Failed to load resource: net::ERR_CONNECTION_REFUSED @ http://localhost:3001/__tsd/console-pipe/sse:0
[ 7452154ms] [ERROR] Failed to load resource: net::ERR_CONNECTION_REFUSED @ http://localhost:3001/__tsd/console-pipe/sse:0
[ 7455157ms] [ERROR] Failed to load resource: net::ERR_CONNECTION_REFUSED @ http://localhost:3001/__tsd/console-pipe/sse:0
[ 7458159ms] [ERROR] Failed to load resource: net::ERR_CONNECTION_REFUSED @ http://localhost:3001/__tsd/console-pipe/sse:0
[ 7460777ms] [ERROR] Failed to load resource: net::ERR_CONNECTION_REFUSED @ http://localhost:3001/api/cloud/task-notifications:0
[ 7461162ms] [ERROR] Failed to load resource: net::ERR_CONNECTION_REFUSED @ http://localhost:3001/__tsd/console-pipe/sse:0
[ 7464165ms] [ERROR] Failed to load resource: net::ERR_CONNECTION_REFUSED @ http://localhost:3001/__tsd/console-pipe/sse:0
[ 7467167ms] [ERROR] Failed to load resource: net::ERR_CONNECTION_REFUSED @ http://localhost:3001/__tsd/console-pipe/sse:0
[ 7470169ms] [ERROR] Failed to load resource: net::ERR_CONNECTION_REFUSED @ http://localhost:3001/__tsd/console-pipe/sse:0
[ 7473172ms] [ERROR] Failed to load resource: net::ERR_CONNECTION_REFUSED @ http://localhost:3001/__tsd/console-pipe/sse:0
[ 7475778ms] [ERROR] Failed to load resource: net::ERR_CONNECTION_REFUSED @ http://localhost:3001/api/cloud/task-notifications:0
[ 7476174ms] [ERROR] Failed to load resource: net::ERR_CONNECTION_REFUSED @ http://localhost:3001/__tsd/console-pipe/sse:0
[ 7479177ms] [ERROR] Failed to load resource: net::ERR_CONNECTION_REFUSED @ http://localhost:3001/__tsd/console-pipe/sse:0
[ 7482180ms] [ERROR] Failed to load resource: net::ERR_CONNECTION_REFUSED @ http://localhost:3001/__tsd/console-pipe/sse:0
[ 7485182ms] [ERROR] Failed to load resource: net::ERR_CONNECTION_REFUSED @ http://localhost:3001/__tsd/console-pipe/sse:0
[ 7488184ms] [ERROR] Failed to load resource: net::ERR_CONNECTION_REFUSED @ http://localhost:3001/__tsd/console-pipe/sse:0
[ 7490778ms] [ERROR] Failed to load resource: net::ERR_CONNECTION_REFUSED @ http://localhost:3001/api/cloud/task-notifications:0
[ 7491187ms] [ERROR] Failed to load resource: net::ERR_CONNECTION_REFUSED @ http://localhost:3001/__tsd/console-pipe/sse:0
[ 7494190ms] [ERROR] Failed to load resource: net::ERR_CONNECTION_REFUSED @ http://localhost:3001/__tsd/console-pipe/sse:0
[ 7497193ms] [ERROR] Failed to load resource: net::ERR_CONNECTION_REFUSED @ http://localhost:3001/__tsd/console-pipe/sse:0
[ 7500196ms] [ERROR] Failed to load resource: net::ERR_CONNECTION_REFUSED @ http://localhost:3001/__tsd/console-pipe/sse:0
[ 7503200ms] [ERROR] Failed to load resource: net::ERR_CONNECTION_REFUSED @ http://localhost:3001/__tsd/console-pipe/sse:0
[ 7505777ms] [ERROR] Failed to load resource: net::ERR_CONNECTION_REFUSED @ http://localhost:3001/api/cloud/task-notifications:0
[ 7506203ms] [ERROR] Failed to load resource: net::ERR_CONNECTION_REFUSED @ http://localhost:3001/__tsd/console-pipe/sse:0
[ 7509206ms] [ERROR] Failed to load resource: net::ERR_CONNECTION_REFUSED @ http://localhost:3001/__tsd/console-pipe/sse:0
[ 7512208ms] [ERROR] Failed to load resource: net::ERR_CONNECTION_REFUSED @ http://localhost:3001/__tsd/console-pipe/sse:0
[ 7515210ms] [ERROR] Failed to load resource: net::ERR_CONNECTION_REFUSED @ http://localhost:3001/__tsd/console-pipe/sse:0
[ 7518213ms] [ERROR] Failed to load resource: net::ERR_CONNECTION_REFUSED @ http://localhost:3001/__tsd/console-pipe/sse:0
[ 7520777ms] [ERROR] Failed to load resource: net::ERR_CONNECTION_REFUSED @ http://localhost:3001/api/cloud/task-notifications:0
[ 7521215ms] [ERROR] Failed to load resource: net::ERR_CONNECTION_REFUSED @ http://localhost:3001/__tsd/console-pipe/sse:0
[ 7524218ms] [ERROR] Failed to load resource: net::ERR_CONNECTION_REFUSED @ http://localhost:3001/__tsd/console-pipe/sse:0
[ 7527220ms] [ERROR] Failed to load resource: net::ERR_CONNECTION_REFUSED @ http://localhost:3001/__tsd/console-pipe/sse:0
[ 7530222ms] [ERROR] Failed to load resource: net::ERR_CONNECTION_REFUSED @ http://localhost:3001/__tsd/console-pipe/sse:0
[ 7533225ms] [ERROR] Failed to load resource: net::ERR_CONNECTION_REFUSED @ http://localhost:3001/__tsd/console-pipe/sse:0
[ 7535778ms] [ERROR] Failed to load resource: net::ERR_CONNECTION_REFUSED @ http://localhost:3001/api/cloud/task-notifications:0
[ 7536227ms] [ERROR] Failed to load resource: net::ERR_CONNECTION_REFUSED @ http://localhost:3001/__tsd/console-pipe/sse:0
[ 7539229ms] [ERROR] Failed to load resource: net::ERR_CONNECTION_REFUSED @ http://localhost:3001/__tsd/console-pipe/sse:0
[ 7542232ms] [ERROR] Failed to load resource: net::ERR_CONNECTION_REFUSED @ http://localhost:3001/__tsd/console-pipe/sse:0
[ 7545235ms] [ERROR] Failed to load resource: net::ERR_CONNECTION_REFUSED @ http://localhost:3001/__tsd/console-pipe/sse:0
[ 7548237ms] [ERROR] Failed to load resource: net::ERR_CONNECTION_REFUSED @ http://localhost:3001/__tsd/console-pipe/sse:0
[ 7550777ms] [ERROR] Failed to load resource: net::ERR_CONNECTION_REFUSED @ http://localhost:3001/api/cloud/task-notifications:0
[ 7551239ms] [ERROR] Failed to load resource: net::ERR_CONNECTION_REFUSED @ http://localhost:3001/__tsd/console-pipe/sse:0
[ 7554242ms] [ERROR] Failed to load resource: net::ERR_CONNECTION_REFUSED @ http://localhost:3001/__tsd/console-pipe/sse:0
[ 7557244ms] [ERROR] Failed to load resource: net::ERR_CONNECTION_REFUSED @ http://localhost:3001/__tsd/console-pipe/sse:0
[ 7560247ms] [ERROR] Failed to load resource: net::ERR_CONNECTION_REFUSED @ http://localhost:3001/__tsd/console-pipe/sse:0
[ 7563250ms] [ERROR] Failed to load resource: net::ERR_CONNECTION_REFUSED @ http://localhost:3001/__tsd/console-pipe/sse:0
[ 7565777ms] [ERROR] Failed to load resource: net::ERR_CONNECTION_REFUSED @ http://localhost:3001/api/cloud/task-notifications:0
[ 7566254ms] [ERROR] Failed to load resource: net::ERR_CONNECTION_REFUSED @ http://localhost:3001/__tsd/console-pipe/sse:0
[ 7569256ms] [ERROR] Failed to load resource: net::ERR_CONNECTION_REFUSED @ http://localhost:3001/__tsd/console-pipe/sse:0
[ 7572259ms] [ERROR] Failed to load resource: net::ERR_CONNECTION_REFUSED @ http://localhost:3001/__tsd/console-pipe/sse:0
[ 7575261ms] [ERROR] Failed to load resource: net::ERR_CONNECTION_REFUSED @ http://localhost:3001/__tsd/console-pipe/sse:0
[ 7578264ms] [ERROR] Failed to load resource: net::ERR_CONNECTION_REFUSED @ http://localhost:3001/__tsd/console-pipe/sse:0
[ 7580777ms] [ERROR] Failed to load resource: net::ERR_CONNECTION_REFUSED @ http://localhost:3001/api/cloud/task-notifications:0
[ 7581266ms] [ERROR] Failed to load resource: net::ERR_CONNECTION_REFUSED @ http://localhost:3001/__tsd/console-pipe/sse:0
[ 7584270ms] [ERROR] Failed to load resource: net::ERR_CONNECTION_REFUSED @ http://localhost:3001/__tsd/console-pipe/sse:0
[ 7587272ms] [ERROR] Failed to load resource: net::ERR_CONNECTION_REFUSED @ http://localhost:3001/__tsd/console-pipe/sse:0
[ 7590274ms] [ERROR] Failed to load resource: net::ERR_CONNECTION_REFUSED @ http://localhost:3001/__tsd/console-pipe/sse:0
[ 7593276ms] [ERROR] Failed to load resource: net::ERR_CONNECTION_REFUSED @ http://localhost:3001/__tsd/console-pipe/sse:0
[ 7595779ms] [ERROR] Failed to load resource: net::ERR_CONNECTION_REFUSED @ http://localhost:3001/api/cloud/task-notifications:0
[ 7596278ms] [ERROR] Failed to load resource: net::ERR_CONNECTION_REFUSED @ http://localhost:3001/__tsd/console-pipe/sse:0
[ 7599281ms] [ERROR] Failed to load resource: net::ERR_CONNECTION_REFUSED @ http://localhost:3001/__tsd/console-pipe/sse:0
[ 7602284ms] [ERROR] Failed to load resource: net::ERR_CONNECTION_REFUSED @ http://localhost:3001/__tsd/console-pipe/sse:0
[ 7605286ms] [ERROR] Failed to load resource: net::ERR_CONNECTION_REFUSED @ http://localhost:3001/__tsd/console-pipe/sse:0
[ 7608288ms] [ERROR] Failed to load resource: net::ERR_CONNECTION_REFUSED @ http://localhost:3001/__tsd/console-pipe/sse:0
[ 7610778ms] [ERROR] Failed to load resource: net::ERR_CONNECTION_REFUSED @ http://localhost:3001/api/cloud/task-notifications:0
[ 7611290ms] [ERROR] Failed to load resource: net::ERR_CONNECTION_REFUSED @ http://localhost:3001/__tsd/console-pipe/sse:0
[ 7614295ms] [ERROR] Failed to load resource: net::ERR_CONNECTION_REFUSED @ http://localhost:3001/__tsd/console-pipe/sse:0
[ 7617295ms] [ERROR] Failed to load resource: net::ERR_CONNECTION_REFUSED @ http://localhost:3001/__tsd/console-pipe/sse:0
[ 7620299ms] [ERROR] Failed to load resource: net::ERR_CONNECTION_REFUSED @ http://localhost:3001/__tsd/console-pipe/sse:0
[ 7623303ms] [ERROR] Failed to load resource: net::ERR_CONNECTION_REFUSED @ http://localhost:3001/__tsd/console-pipe/sse:0
[ 7625778ms] [ERROR] Failed to load resource: net::ERR_CONNECTION_REFUSED @ http://localhost:3001/api/cloud/task-notifications:0
[ 7626307ms] [ERROR] Failed to load resource: net::ERR_CONNECTION_REFUSED @ http://localhost:3001/__tsd/console-pipe/sse:0
[ 7629310ms] [ERROR] Failed to load resource: net::ERR_CONNECTION_REFUSED @ http://localhost:3001/__tsd/console-pipe/sse:0
[ 7632312ms] [ERROR] Failed to load resource: net::ERR_CONNECTION_REFUSED @ http://localhost:3001/__tsd/console-pipe/sse:0
[ 7635315ms] [ERROR] Failed to load resource: net::ERR_CONNECTION_REFUSED @ http://localhost:3001/__tsd/console-pipe/sse:0
[ 7638317ms] [ERROR] Failed to load resource: net::ERR_CONNECTION_REFUSED @ http://localhost:3001/__tsd/console-pipe/sse:0
[ 7640778ms] [ERROR] Failed to load resource: net::ERR_CONNECTION_REFUSED @ http://localhost:3001/api/cloud/task-notifications:0
[ 7641319ms] [ERROR] Failed to load resource: net::ERR_CONNECTION_REFUSED @ http://localhost:3001/__tsd/console-pipe/sse:0
[ 7644322ms] [ERROR] Failed to load resource: net::ERR_CONNECTION_REFUSED @ http://localhost:3001/__tsd/console-pipe/sse:0
[ 7647324ms] [ERROR] Failed to load resource: net::ERR_CONNECTION_REFUSED @ http://localhost:3001/__tsd/console-pipe/sse:0
[ 7650326ms] [ERROR] Failed to load resource: net::ERR_CONNECTION_REFUSED @ http://localhost:3001/__tsd/console-pipe/sse:0
[ 7653329ms] [ERROR] Failed to load resource: net::ERR_CONNECTION_REFUSED @ http://localhost:3001/__tsd/console-pipe/sse:0
[ 7655779ms] [ERROR] Failed to load resource: net::ERR_CONNECTION_REFUSED @ http://localhost:3001/api/cloud/task-notifications:0
[ 7656331ms] [ERROR] Failed to load resource: net::ERR_CONNECTION_REFUSED @ http://localhost:3001/__tsd/console-pipe/sse:0
[ 7659333ms] [ERROR] Failed to load resource: net::ERR_CONNECTION_REFUSED @ http://localhost:3001/__tsd/console-pipe/sse:0
[ 7662335ms] [ERROR] Failed to load resource: net::ERR_CONNECTION_REFUSED @ http://localhost:3001/__tsd/console-pipe/sse:0
[ 7665337ms] [ERROR] Failed to load resource: net::ERR_CONNECTION_REFUSED @ http://localhost:3001/__tsd/console-pipe/sse:0
[ 7668338ms] [ERROR] Failed to load resource: net::ERR_CONNECTION_REFUSED @ http://localhost:3001/__tsd/console-pipe/sse:0
[ 7670778ms] [ERROR] Failed to load resource: net::ERR_CONNECTION_REFUSED @ http://localhost:3001/api/cloud/task-notifications:0
[ 7671341ms] [ERROR] Failed to load resource: net::ERR_CONNECTION_REFUSED @ http://localhost:3001/__tsd/console-pipe/sse:0
[ 7674343ms] [ERROR] Failed to load resource: net::ERR_CONNECTION_REFUSED @ http://localhost:3001/__tsd/console-pipe/sse:0
[ 7677345ms] [ERROR] Failed to load resource: net::ERR_CONNECTION_REFUSED @ http://localhost:3001/__tsd/console-pipe/sse:0
[ 7680347ms] [ERROR] Failed to load resource: net::ERR_CONNECTION_REFUSED @ http://localhost:3001/__tsd/console-pipe/sse:0
[ 7683349ms] [ERROR] Failed to load resource: net::ERR_CONNECTION_REFUSED @ http://localhost:3001/__tsd/console-pipe/sse:0
[ 7685779ms] [ERROR] Failed to load resource: net::ERR_CONNECTION_REFUSED @ http://localhost:3001/api/cloud/task-notifications:0
[ 7686350ms] [ERROR] Failed to load resource: net::ERR_CONNECTION_REFUSED @ http://localhost:3001/__tsd/console-pipe/sse:0
[ 7689352ms] [ERROR] Failed to load resource: net::ERR_CONNECTION_REFUSED @ http://localhost:3001/__tsd/console-pipe/sse:0
[ 7692354ms] [ERROR] Failed to load resource: net::ERR_CONNECTION_REFUSED @ http://localhost:3001/__tsd/console-pipe/sse:0
[ 7695356ms] [ERROR] Failed to load resource: net::ERR_CONNECTION_REFUSED @ http://localhost:3001/__tsd/console-pipe/sse:0
[ 7698358ms] [ERROR] Failed to load resource: net::ERR_CONNECTION_REFUSED @ http://localhost:3001/__tsd/console-pipe/sse:0
[ 7700778ms] [ERROR] Failed to load resource: net::ERR_CONNECTION_REFUSED @ http://localhost:3001/api/cloud/task-notifications:0
[ 7701372ms] [ERROR] Failed to load resource: net::ERR_CONNECTION_REFUSED @ http://localhost:3001/__tsd/console-pipe/sse:0
[ 7704373ms] [ERROR] Failed to load resource: net::ERR_CONNECTION_REFUSED @ http://localhost:3001/__tsd/console-pipe/sse:0
[ 7707375ms] [ERROR] Failed to load resource: net::ERR_CONNECTION_REFUSED @ http://localhost:3001/__tsd/console-pipe/sse:0
[ 7710377ms] [ERROR] Failed to load resource: net::ERR_CONNECTION_REFUSED @ http://localhost:3001/__tsd/console-pipe/sse:0
[ 7713438ms] [ERROR] Failed to load resource: net::ERR_CONNECTION_REFUSED @ http://localhost:3001/__tsd/console-pipe/sse:0
[ 7715782ms] [ERROR] Failed to load resource: net::ERR_CONNECTION_REFUSED @ http://localhost:3001/api/cloud/task-notifications:0
[ 7716451ms] [ERROR] Failed to load resource: net::ERR_CONNECTION_REFUSED @ http://localhost:3001/__tsd/console-pipe/sse:0
[ 7719453ms] [ERROR] Failed to load resource: net::ERR_CONNECTION_REFUSED @ http://localhost:3001/__tsd/console-pipe/sse:0
[ 7722455ms] [ERROR] Failed to load resource: net::ERR_CONNECTION_REFUSED @ http://localhost:3001/__tsd/console-pipe/sse:0
[ 7725456ms] [ERROR] Failed to load resource: net::ERR_CONNECTION_REFUSED @ http://localhost:3001/__tsd/console-pipe/sse:0
[ 7728459ms] [ERROR] Failed to load resource: net::ERR_CONNECTION_REFUSED @ http://localhost:3001/__tsd/console-pipe/sse:0
[ 7730780ms] [ERROR] Failed to load resource: net::ERR_CONNECTION_REFUSED @ http://localhost:3001/api/cloud/task-notifications:0
[ 7731462ms] [ERROR] Failed to load resource: net::ERR_CONNECTION_REFUSED @ http://localhost:3001/__tsd/console-pipe/sse:0
[ 7734464ms] [ERROR] Failed to load resource: net::ERR_CONNECTION_REFUSED @ http://localhost:3001/__tsd/console-pipe/sse:0
[ 7737466ms] [ERROR] Failed to load resource: net::ERR_CONNECTION_REFUSED @ http://localhost:3001/__tsd/console-pipe/sse:0
[ 7740469ms] [ERROR] Failed to load resource: net::ERR_CONNECTION_REFUSED @ http://localhost:3001/__tsd/console-pipe/sse:0
[ 7743471ms] [ERROR] Failed to load resource: net::ERR_CONNECTION_REFUSED @ http://localhost:3001/__tsd/console-pipe/sse:0
[ 7745780ms] [ERROR] Failed to load resource: net::ERR_CONNECTION_REFUSED @ http://localhost:3001/api/cloud/task-notifications:0
[ 7746474ms] [ERROR] Failed to load resource: net::ERR_CONNECTION_REFUSED @ http://localhost:3001/__tsd/console-pipe/sse:0
[ 7749479ms] [ERROR] Failed to load resource: net::ERR_CONNECTION_REFUSED @ http://localhost:3001/__tsd/console-pipe/sse:0
[ 7752483ms] [ERROR] Failed to load resource: net::ERR_CONNECTION_REFUSED @ http://localhost:3001/__tsd/console-pipe/sse:0
[ 7755486ms] [ERROR] Failed to load resource: net::ERR_CONNECTION_REFUSED @ http://localhost:3001/__tsd/console-pipe/sse:0
[ 7758489ms] [ERROR] Failed to load resource: net::ERR_CONNECTION_REFUSED @ http://localhost:3001/__tsd/console-pipe/sse:0
[ 7760778ms] [ERROR] Failed to load resource: net::ERR_CONNECTION_REFUSED @ http://localhost:3001/api/cloud/task-notifications:0
[ 7761491ms] [ERROR] Failed to load resource: net::ERR_CONNECTION_REFUSED @ http://localhost:3001/__tsd/console-pipe/sse:0
[ 7764494ms] [ERROR] Failed to load resource: net::ERR_CONNECTION_REFUSED @ http://localhost:3001/__tsd/console-pipe/sse:0
[ 7767496ms] [ERROR] Failed to load resource: net::ERR_CONNECTION_REFUSED @ http://localhost:3001/__tsd/console-pipe/sse:0
[ 7770499ms] [ERROR] Failed to load resource: net::ERR_CONNECTION_REFUSED @ http://localhost:3001/__tsd/console-pipe/sse:0
[ 7773503ms] [ERROR] Failed to load resource: net::ERR_CONNECTION_REFUSED @ http://localhost:3001/__tsd/console-pipe/sse:0
[ 7775776ms] [ERROR] Failed to load resource: net::ERR_CONNECTION_REFUSED @ http://localhost:3001/api/cloud/task-notifications:0
[ 7776504ms] [ERROR] Failed to load resource: net::ERR_CONNECTION_REFUSED @ http://localhost:3001/__tsd/console-pipe/sse:0
[ 7779505ms] [ERROR] Failed to load resource: net::ERR_CONNECTION_REFUSED @ http://localhost:3001/__tsd/console-pipe/sse:0
[ 7782507ms] [ERROR] Failed to load resource: net::ERR_CONNECTION_REFUSED @ http://localhost:3001/__tsd/console-pipe/sse:0
[ 7785510ms] [ERROR] Failed to load resource: net::ERR_CONNECTION_REFUSED @ http://localhost:3001/__tsd/console-pipe/sse:0
[ 7788514ms] [ERROR] Failed to load resource: net::ERR_CONNECTION_REFUSED @ http://localhost:3001/__tsd/console-pipe/sse:0
[ 7790772ms] [ERROR] Failed to load resource: net::ERR_CONNECTION_REFUSED @ http://localhost:3001/api/cloud/task-notifications:0
[ 7791516ms] [ERROR] Failed to load resource: net::ERR_CONNECTION_REFUSED @ http://localhost:3001/__tsd/console-pipe/sse:0
[ 7794520ms] [ERROR] Failed to load resource: net::ERR_CONNECTION_REFUSED @ http://localhost:3001/__tsd/console-pipe/sse:0
[ 7797523ms] [ERROR] Failed to load resource: net::ERR_CONNECTION_REFUSED @ http://localhost:3001/__tsd/console-pipe/sse:0
[ 7800526ms] [ERROR] Failed to load resource: net::ERR_CONNECTION_REFUSED @ http://localhost:3001/__tsd/console-pipe/sse:0
[ 7803528ms] [ERROR] Failed to load resource: net::ERR_CONNECTION_REFUSED @ http://localhost:3001/__tsd/console-pipe/sse:0
[ 7805772ms] [ERROR] Failed to load resource: net::ERR_CONNECTION_REFUSED @ http://localhost:3001/api/cloud/task-notifications:0
[ 7806530ms] [ERROR] Failed to load resource: net::ERR_CONNECTION_REFUSED @ http://localhost:3001/__tsd/console-pipe/sse:0
[ 7809533ms] [ERROR] Failed to load resource: net::ERR_CONNECTION_REFUSED @ http://localhost:3001/__tsd/console-pipe/sse:0
[ 7812536ms] [ERROR] Failed to load resource: net::ERR_CONNECTION_REFUSED @ http://localhost:3001/__tsd/console-pipe/sse:0
[ 7815538ms] [ERROR] Failed to load resource: net::ERR_CONNECTION_REFUSED @ http://localhost:3001/__tsd/console-pipe/sse:0
[ 7818541ms] [ERROR] Failed to load resource: net::ERR_CONNECTION_REFUSED @ http://localhost:3001/__tsd/console-pipe/sse:0
[ 7820770ms] [ERROR] Failed to load resource: net::ERR_CONNECTION_REFUSED @ http://localhost:3001/api/cloud/task-notifications:0
[ 7821543ms] [ERROR] Failed to load resource: net::ERR_CONNECTION_REFUSED @ http://localhost:3001/__tsd/console-pipe/sse:0
[ 7824546ms] [ERROR] Failed to load resource: net::ERR_CONNECTION_REFUSED @ http://localhost:3001/__tsd/console-pipe/sse:0
[ 7827549ms] [ERROR] Failed to load resource: net::ERR_CONNECTION_REFUSED @ http://localhost:3001/__tsd/console-pipe/sse:0
[ 7830551ms] [ERROR] Failed to load resource: net::ERR_CONNECTION_REFUSED @ http://localhost:3001/__tsd/console-pipe/sse:0
[ 7833554ms] [ERROR] Failed to load resource: net::ERR_CONNECTION_REFUSED @ http://localhost:3001/__tsd/console-pipe/sse:0
[ 7835772ms] [ERROR] Failed to load resource: net::ERR_CONNECTION_REFUSED @ http://localhost:3001/api/cloud/task-notifications:0
[ 7836556ms] [ERROR] Failed to load resource: net::ERR_CONNECTION_REFUSED @ http://localhost:3001/__tsd/console-pipe/sse:0
[ 7839559ms] [ERROR] Failed to load resource: net::ERR_CONNECTION_REFUSED @ http://localhost:3001/__tsd/console-pipe/sse:0
[ 7842562ms] [ERROR] Failed to load resource: net::ERR_CONNECTION_REFUSED @ http://localhost:3001/__tsd/console-pipe/sse:0
[ 7845564ms] [ERROR] Failed to load resource: net::ERR_CONNECTION_REFUSED @ http://localhost:3001/__tsd/console-pipe/sse:0
[ 7848567ms] [ERROR] Failed to load resource: net::ERR_CONNECTION_REFUSED @ http://localhost:3001/__tsd/console-pipe/sse:0
[ 7850771ms] [ERROR] Failed to load resource: net::ERR_CONNECTION_REFUSED @ http://localhost:3001/api/cloud/task-notifications:0
[ 7851569ms] [ERROR] Failed to load resource: net::ERR_CONNECTION_REFUSED @ http://localhost:3001/__tsd/console-pipe/sse:0
[ 7854571ms] [ERROR] Failed to load resource: net::ERR_CONNECTION_REFUSED @ http://localhost:3001/__tsd/console-pipe/sse:0
[ 7857573ms] [ERROR] Failed to load resource: net::ERR_CONNECTION_REFUSED @ http://localhost:3001/__tsd/console-pipe/sse:0
[ 7860576ms] [ERROR] Failed to load resource: net::ERR_CONNECTION_REFUSED @ http://localhost:3001/__tsd/console-pipe/sse:0
[ 7863579ms] [ERROR] Failed to load resource: net::ERR_CONNECTION_REFUSED @ http://localhost:3001/__tsd/console-pipe/sse:0
[ 7865771ms] [ERROR] Failed to load resource: net::ERR_CONNECTION_REFUSED @ http://localhost:3001/api/cloud/task-notifications:0
[ 7866581ms] [ERROR] Failed to load resource: net::ERR_CONNECTION_REFUSED @ http://localhost:3001/__tsd/console-pipe/sse:0
[ 7869584ms] [ERROR] Failed to load resource: net::ERR_CONNECTION_REFUSED @ http://localhost:3001/__tsd/console-pipe/sse:0
[ 7872586ms] [ERROR] Failed to load resource: net::ERR_CONNECTION_REFUSED @ http://localhost:3001/__tsd/console-pipe/sse:0
[ 7875588ms] [ERROR] Failed to load resource: net::ERR_CONNECTION_REFUSED @ http://localhost:3001/__tsd/console-pipe/sse:0
[ 7878591ms] [ERROR] Failed to load resource: net::ERR_CONNECTION_REFUSED @ http://localhost:3001/__tsd/console-pipe/sse:0
[ 7880771ms] [ERROR] Failed to load resource: net::ERR_CONNECTION_REFUSED @ http://localhost:3001/api/cloud/task-notifications:0
[ 7881594ms] [ERROR] Failed to load resource: net::ERR_CONNECTION_REFUSED @ http://localhost:3001/__tsd/console-pipe/sse:0
[ 7884596ms] [ERROR] Failed to load resource: net::ERR_CONNECTION_REFUSED @ http://localhost:3001/__tsd/console-pipe/sse:0
[ 7887598ms] [ERROR] Failed to load resource: net::ERR_CONNECTION_REFUSED @ http://localhost:3001/__tsd/console-pipe/sse:0
[ 7890601ms] [ERROR] Failed to load resource: net::ERR_CONNECTION_REFUSED @ http://localhost:3001/__tsd/console-pipe/sse:0
[ 7893603ms] [ERROR] Failed to load resource: net::ERR_CONNECTION_REFUSED @ http://localhost:3001/__tsd/console-pipe/sse:0
[ 7895772ms] [ERROR] Failed to load resource: net::ERR_CONNECTION_REFUSED @ http://localhost:3001/api/cloud/task-notifications:0
[ 7896605ms] [ERROR] Failed to load resource: net::ERR_CONNECTION_REFUSED @ http://localhost:3001/__tsd/console-pipe/sse:0
[ 7899608ms] [ERROR] Failed to load resource: net::ERR_CONNECTION_REFUSED @ http://localhost:3001/__tsd/console-pipe/sse:0
[ 7902610ms] [ERROR] Failed to load resource: net::ERR_CONNECTION_REFUSED @ http://localhost:3001/__tsd/console-pipe/sse:0
[ 7905613ms] [ERROR] Failed to load resource: net::ERR_CONNECTION_REFUSED @ http://localhost:3001/__tsd/console-pipe/sse:0
[ 7908616ms] [ERROR] Failed to load resource: net::ERR_CONNECTION_REFUSED @ http://localhost:3001/__tsd/console-pipe/sse:0
[ 7910772ms] [ERROR] Failed to load resource: net::ERR_CONNECTION_REFUSED @ http://localhost:3001/api/cloud/task-notifications:0
[ 7911619ms] [ERROR] Failed to load resource: net::ERR_CONNECTION_REFUSED @ http://localhost:3001/__tsd/console-pipe/sse:0
[ 7914621ms] [ERROR] Failed to load resource: net::ERR_CONNECTION_REFUSED @ http://localhost:3001/__tsd/console-pipe/sse:0
[ 7917624ms] [ERROR] Failed to load resource: net::ERR_CONNECTION_REFUSED @ http://localhost:3001/__tsd/console-pipe/sse:0
[ 7920627ms] [ERROR] Failed to load resource: net::ERR_CONNECTION_REFUSED @ http://localhost:3001/__tsd/console-pipe/sse:0
[ 7923630ms] [ERROR] Failed to load resource: net::ERR_CONNECTION_REFUSED @ http://localhost:3001/__tsd/console-pipe/sse:0
[ 7925771ms] [ERROR] Failed to load resource: net::ERR_CONNECTION_REFUSED @ http://localhost:3001/api/cloud/task-notifications:0
[ 7926632ms] [ERROR] Failed to load resource: net::ERR_CONNECTION_REFUSED @ http://localhost:3001/__tsd/console-pipe/sse:0
[ 7929636ms] [ERROR] Failed to load resource: net::ERR_CONNECTION_REFUSED @ http://localhost:3001/__tsd/console-pipe/sse:0
[ 7932638ms] [ERROR] Failed to load resource: net::ERR_CONNECTION_REFUSED @ http://localhost:3001/__tsd/console-pipe/sse:0
[ 7935641ms] [ERROR] Failed to load resource: net::ERR_CONNECTION_REFUSED @ http://localhost:3001/__tsd/console-pipe/sse:0
[ 7938644ms] [ERROR] Failed to load resource: net::ERR_CONNECTION_REFUSED @ http://localhost:3001/__tsd/console-pipe/sse:0
[ 7940772ms] [ERROR] Failed to load resource: net::ERR_CONNECTION_REFUSED @ http://localhost:3001/api/cloud/task-notifications:0
[ 7941646ms] [ERROR] Failed to load resource: net::ERR_CONNECTION_REFUSED @ http://localhost:3001/__tsd/console-pipe/sse:0
[ 7944648ms] [ERROR] Failed to load resource: net::ERR_CONNECTION_REFUSED @ http://localhost:3001/__tsd/console-pipe/sse:0
[ 7947651ms] [ERROR] Failed to load resource: net::ERR_CONNECTION_REFUSED @ http://localhost:3001/__tsd/console-pipe/sse:0
[ 7950653ms] [ERROR] Failed to load resource: net::ERR_CONNECTION_REFUSED @ http://localhost:3001/__tsd/console-pipe/sse:0
[ 7953655ms] [ERROR] Failed to load resource: net::ERR_CONNECTION_REFUSED @ http://localhost:3001/__tsd/console-pipe/sse:0
[ 7955772ms] [ERROR] Failed to load resource: net::ERR_CONNECTION_REFUSED @ http://localhost:3001/api/cloud/task-notifications:0
[ 7956657ms] [ERROR] Failed to load resource: net::ERR_CONNECTION_REFUSED @ http://localhost:3001/__tsd/console-pipe/sse:0
[ 7959661ms] [ERROR] Failed to load resource: net::ERR_CONNECTION_REFUSED @ http://localhost:3001/__tsd/console-pipe/sse:0
[ 7962663ms] [ERROR] Failed to load resource: net::ERR_CONNECTION_REFUSED @ http://localhost:3001/__tsd/console-pipe/sse:0
[ 7965664ms] [ERROR] Failed to load resource: net::ERR_CONNECTION_REFUSED @ http://localhost:3001/__tsd/console-pipe/sse:0
[ 7968666ms] [ERROR] Failed to load resource: net::ERR_CONNECTION_REFUSED @ http://localhost:3001/__tsd/console-pipe/sse:0
[ 7970772ms] [ERROR] Failed to load resource: net::ERR_CONNECTION_REFUSED @ http://localhost:3001/api/cloud/task-notifications:0
[ 7971668ms] [ERROR] Failed to load resource: net::ERR_CONNECTION_REFUSED @ http://localhost:3001/__tsd/console-pipe/sse:0
[ 7974670ms] [ERROR] Failed to load resource: net::ERR_CONNECTION_REFUSED @ http://localhost:3001/__tsd/console-pipe/sse:0
[ 7977672ms] [ERROR] Failed to load resource: net::ERR_CONNECTION_REFUSED @ http://localhost:3001/__tsd/console-pipe/sse:0
[ 7980675ms] [ERROR] Failed to load resource: net::ERR_CONNECTION_REFUSED @ http://localhost:3001/__tsd/console-pipe/sse:0
[ 7983676ms] [ERROR] Failed to load resource: net::ERR_CONNECTION_REFUSED @ http://localhost:3001/__tsd/console-pipe/sse:0
[ 7985772ms] [ERROR] Failed to load resource: net::ERR_CONNECTION_REFUSED @ http://localhost:3001/api/cloud/task-notifications:0
[ 7986678ms] [ERROR] Failed to load resource: net::ERR_CONNECTION_REFUSED @ http://localhost:3001/__tsd/console-pipe/sse:0
[ 7989680ms] [ERROR] Failed to load resource: net::ERR_CONNECTION_REFUSED @ http://localhost:3001/__tsd/console-pipe/sse:0
[ 7992683ms] [ERROR] Failed to load resource: net::ERR_CONNECTION_REFUSED @ http://localhost:3001/__tsd/console-pipe/sse:0
[ 7995685ms] [ERROR] Failed to load resource: net::ERR_CONNECTION_REFUSED @ http://localhost:3001/__tsd/console-pipe/sse:0
[ 7998687ms] [ERROR] Failed to load resource: net::ERR_CONNECTION_REFUSED @ http://localhost:3001/__tsd/console-pipe/sse:0
[ 8000771ms] [ERROR] Failed to load resource: net::ERR_CONNECTION_REFUSED @ http://localhost:3001/api/cloud/task-notifications:0
[ 8001689ms] [ERROR] Failed to load resource: net::ERR_CONNECTION_REFUSED @ http://localhost:3001/__tsd/console-pipe/sse:0
[ 8004691ms] [ERROR] Failed to load resource: net::ERR_CONNECTION_REFUSED @ http://localhost:3001/__tsd/console-pipe/sse:0
[ 8007693ms] [ERROR] Failed to load resource: net::ERR_CONNECTION_REFUSED @ http://localhost:3001/__tsd/console-pipe/sse:0
[ 8010695ms] [ERROR] Failed to load resource: net::ERR_CONNECTION_REFUSED @ http://localhost:3001/__tsd/console-pipe/sse:0
[ 8013698ms] [ERROR] Failed to load resource: net::ERR_CONNECTION_REFUSED @ http://localhost:3001/__tsd/console-pipe/sse:0
[ 8015772ms] [ERROR] Failed to load resource: net::ERR_CONNECTION_REFUSED @ http://localhost:3001/api/cloud/task-notifications:0
[ 8016700ms] [ERROR] Failed to load resource: net::ERR_CONNECTION_REFUSED @ http://localhost:3001/__tsd/console-pipe/sse:0
[ 8019702ms] [ERROR] Failed to load resource: net::ERR_CONNECTION_REFUSED @ http://localhost:3001/__tsd/console-pipe/sse:0
[ 8022704ms] [ERROR] Failed to load resource: net::ERR_CONNECTION_REFUSED @ http://localhost:3001/__tsd/console-pipe/sse:0
[ 8025706ms] [ERROR] Failed to load resource: net::ERR_CONNECTION_REFUSED @ http://localhost:3001/__tsd/console-pipe/sse:0
[ 8028708ms] [ERROR] Failed to load resource: net::ERR_CONNECTION_REFUSED @ http://localhost:3001/__tsd/console-pipe/sse:0
[ 8030771ms] [ERROR] Failed to load resource: net::ERR_CONNECTION_REFUSED @ http://localhost:3001/api/cloud/task-notifications:0
[ 8031710ms] [ERROR] Failed to load resource: net::ERR_CONNECTION_REFUSED @ http://localhost:3001/__tsd/console-pipe/sse:0
[ 8034713ms] [ERROR] Failed to load resource: net::ERR_CONNECTION_REFUSED @ http://localhost:3001/__tsd/console-pipe/sse:0
[ 8037715ms] [ERROR] Failed to load resource: net::ERR_CONNECTION_REFUSED @ http://localhost:3001/__tsd/console-pipe/sse:0
[ 8040716ms] [ERROR] Failed to load resource: net::ERR_CONNECTION_REFUSED @ http://localhost:3001/__tsd/console-pipe/sse:0
[ 8043718ms] [ERROR] Failed to load resource: net::ERR_CONNECTION_REFUSED @ http://localhost:3001/__tsd/console-pipe/sse:0
[ 8045772ms] [ERROR] Failed to load resource: net::ERR_CONNECTION_REFUSED @ http://localhost:3001/api/cloud/task-notifications:0
[ 8046720ms] [ERROR] Failed to load resource: net::ERR_CONNECTION_REFUSED @ http://localhost:3001/__tsd/console-pipe/sse:0
[ 8049723ms] [ERROR] Failed to load resource: net::ERR_CONNECTION_REFUSED @ http://localhost:3001/__tsd/console-pipe/sse:0
[ 8052726ms] [ERROR] Failed to load resource: net::ERR_CONNECTION_REFUSED @ http://localhost:3001/__tsd/console-pipe/sse:0
[ 8055730ms] [ERROR] Failed to load resource: net::ERR_CONNECTION_REFUSED @ http://localhost:3001/__tsd/console-pipe/sse:0
[ 8058733ms] [ERROR] Failed to load resource: net::ERR_CONNECTION_REFUSED @ http://localhost:3001/__tsd/console-pipe/sse:0
[ 8060772ms] [ERROR] Failed to load resource: net::ERR_CONNECTION_REFUSED @ http://localhost:3001/api/cloud/task-notifications:0
[ 8061735ms] [ERROR] Failed to load resource: net::ERR_CONNECTION_REFUSED @ http://localhost:3001/__tsd/console-pipe/sse:0
[ 8064738ms] [ERROR] Failed to load resource: net::ERR_CONNECTION_REFUSED @ http://localhost:3001/__tsd/console-pipe/sse:0
[ 8067741ms] [ERROR] Failed to load resource: net::ERR_CONNECTION_REFUSED @ http://localhost:3001/__tsd/console-pipe/sse:0
[ 8070745ms] [ERROR] Failed to load resource: net::ERR_CONNECTION_REFUSED @ http://localhost:3001/__tsd/console-pipe/sse:0
[ 8073748ms] [ERROR] Failed to load resource: net::ERR_CONNECTION_REFUSED @ http://localhost:3001/__tsd/console-pipe/sse:0
[ 8075773ms] [ERROR] Failed to load resource: net::ERR_CONNECTION_REFUSED @ http://localhost:3001/api/cloud/task-notifications:0
[ 8076751ms] [ERROR] Failed to load resource: net::ERR_CONNECTION_REFUSED @ http://localhost:3001/__tsd/console-pipe/sse:0
[ 8079753ms] [ERROR] Failed to load resource: net::ERR_CONNECTION_REFUSED @ http://localhost:3001/__tsd/console-pipe/sse:0
[ 8082755ms] [ERROR] Failed to load resource: net::ERR_CONNECTION_REFUSED @ http://localhost:3001/__tsd/console-pipe/sse:0
[ 8085768ms] [ERROR] Failed to load resource: net::ERR_CONNECTION_REFUSED @ http://localhost:3001/__tsd/console-pipe/sse:0
[ 8088770ms] [ERROR] Failed to load resource: net::ERR_CONNECTION_REFUSED @ http://localhost:3001/__tsd/console-pipe/sse:0
[ 8090772ms] [ERROR] Failed to load resource: net::ERR_CONNECTION_REFUSED @ http://localhost:3001/api/cloud/task-notifications:0
[ 8091772ms] [ERROR] Failed to load resource: net::ERR_CONNECTION_REFUSED @ http://localhost:3001/__tsd/console-pipe/sse:0
[ 8094776ms] [ERROR] Failed to load resource: net::ERR_CONNECTION_REFUSED @ http://localhost:3001/__tsd/console-pipe/sse:0
[ 8097779ms] [ERROR] Failed to load resource: net::ERR_CONNECTION_REFUSED @ http://localhost:3001/__tsd/console-pipe/sse:0
[ 8100782ms] [ERROR] Failed to load resource: net::ERR_CONNECTION_REFUSED @ http://localhost:3001/__tsd/console-pipe/sse:0
[ 8103785ms] [ERROR] Failed to load resource: net::ERR_CONNECTION_REFUSED @ http://localhost:3001/__tsd/console-pipe/sse:0
[ 8105774ms] [ERROR] Failed to load resource: net::ERR_CONNECTION_REFUSED @ http://localhost:3001/api/cloud/task-notifications:0
[ 8106790ms] [ERROR] Failed to load resource: net::ERR_CONNECTION_REFUSED @ http://localhost:3001/__tsd/console-pipe/sse:0
[ 8109793ms] [ERROR] Failed to load resource: net::ERR_CONNECTION_REFUSED @ http://localhost:3001/__tsd/console-pipe/sse:0
[ 8112796ms] [ERROR] Failed to load resource: net::ERR_CONNECTION_REFUSED @ http://localhost:3001/__tsd/console-pipe/sse:0
[ 8115799ms] [ERROR] Failed to load resource: net::ERR_CONNECTION_REFUSED @ http://localhost:3001/__tsd/console-pipe/sse:0
[ 8118801ms] [ERROR] Failed to load resource: net::ERR_CONNECTION_REFUSED @ http://localhost:3001/__tsd/console-pipe/sse:0
[ 8120772ms] [ERROR] Failed to load resource: net::ERR_CONNECTION_REFUSED @ http://localhost:3001/api/cloud/task-notifications:0
[ 8121804ms] [ERROR] Failed to load resource: net::ERR_CONNECTION_REFUSED @ http://localhost:3001/__tsd/console-pipe/sse:0
[ 8124806ms] [ERROR] Failed to load resource: net::ERR_CONNECTION_REFUSED @ http://localhost:3001/__tsd/console-pipe/sse:0
[ 8127807ms] [ERROR] Failed to load resource: net::ERR_CONNECTION_REFUSED @ http://localhost:3001/__tsd/console-pipe/sse:0
[ 8130809ms] [ERROR] Failed to load resource: net::ERR_CONNECTION_REFUSED @ http://localhost:3001/__tsd/console-pipe/sse:0
[ 8133812ms] [ERROR] Failed to load resource: net::ERR_CONNECTION_REFUSED @ http://localhost:3001/__tsd/console-pipe/sse:0
[ 8135772ms] [ERROR] Failed to load resource: net::ERR_CONNECTION_REFUSED @ http://localhost:3001/api/cloud/task-notifications:0
[ 8136815ms] [ERROR] Failed to load resource: net::ERR_CONNECTION_REFUSED @ http://localhost:3001/__tsd/console-pipe/sse:0
[ 8139817ms] [ERROR] Failed to load resource: net::ERR_CONNECTION_REFUSED @ http://localhost:3001/__tsd/console-pipe/sse:0
[ 8142819ms] [ERROR] Failed to load resource: net::ERR_CONNECTION_REFUSED @ http://localhost:3001/__tsd/console-pipe/sse:0
[ 8145822ms] [ERROR] Failed to load resource: net::ERR_CONNECTION_REFUSED @ http://localhost:3001/__tsd/console-pipe/sse:0
[ 8148825ms] [ERROR] Failed to load resource: net::ERR_CONNECTION_REFUSED @ http://localhost:3001/__tsd/console-pipe/sse:0
[ 8150772ms] [ERROR] Failed to load resource: net::ERR_CONNECTION_REFUSED @ http://localhost:3001/api/cloud/task-notifications:0
[ 8151827ms] [ERROR] Failed to load resource: net::ERR_CONNECTION_REFUSED @ http://localhost:3001/__tsd/console-pipe/sse:0
[ 8154831ms] [ERROR] Failed to load resource: net::ERR_CONNECTION_REFUSED @ http://localhost:3001/__tsd/console-pipe/sse:0
[ 8157834ms] [ERROR] Failed to load resource: net::ERR_CONNECTION_REFUSED @ http://localhost:3001/__tsd/console-pipe/sse:0
[ 8160837ms] [ERROR] Failed to load resource: net::ERR_CONNECTION_REFUSED @ http://localhost:3001/__tsd/console-pipe/sse:0
[ 8163839ms] [ERROR] Failed to load resource: net::ERR_CONNECTION_REFUSED @ http://localhost:3001/__tsd/console-pipe/sse:0
[ 8165773ms] [ERROR] Failed to load resource: net::ERR_CONNECTION_REFUSED @ http://localhost:3001/api/cloud/task-notifications:0
[ 8166841ms] [ERROR] Failed to load resource: net::ERR_CONNECTION_REFUSED @ http://localhost:3001/__tsd/console-pipe/sse:0
[ 8169844ms] [ERROR] Failed to load resource: net::ERR_CONNECTION_REFUSED @ http://localhost:3001/__tsd/console-pipe/sse:0
[ 8172847ms] [ERROR] Failed to load resource: net::ERR_CONNECTION_REFUSED @ http://localhost:3001/__tsd/console-pipe/sse:0
[ 8175850ms] [ERROR] Failed to load resource: net::ERR_CONNECTION_REFUSED @ http://localhost:3001/__tsd/console-pipe/sse:0
[ 8178852ms] [ERROR] Failed to load resource: net::ERR_CONNECTION_REFUSED @ http://localhost:3001/__tsd/console-pipe/sse:0
[ 8180773ms] [ERROR] Failed to load resource: net::ERR_CONNECTION_REFUSED @ http://localhost:3001/api/cloud/task-notifications:0
[ 8181854ms] [ERROR] Failed to load resource: net::ERR_CONNECTION_REFUSED @ http://localhost:3001/__tsd/console-pipe/sse:0
[ 8184857ms] [ERROR] Failed to load resource: net::ERR_CONNECTION_REFUSED @ http://localhost:3001/__tsd/console-pipe/sse:0
[ 8187859ms] [ERROR] Failed to load resource: net::ERR_CONNECTION_REFUSED @ http://localhost:3001/__tsd/console-pipe/sse:0
[ 8190862ms] [ERROR] Failed to load resource: net::ERR_CONNECTION_REFUSED @ http://localhost:3001/__tsd/console-pipe/sse:0
[ 8193865ms] [ERROR] Failed to load resource: net::ERR_CONNECTION_REFUSED @ http://localhost:3001/__tsd/console-pipe/sse:0
[ 8195773ms] [ERROR] Failed to load resource: net::ERR_CONNECTION_REFUSED @ http://localhost:3001/api/cloud/task-notifications:0
[ 8196868ms] [ERROR] Failed to load resource: net::ERR_CONNECTION_REFUSED @ http://localhost:3001/__tsd/console-pipe/sse:0
[ 8199870ms] [ERROR] Failed to load resource: net::ERR_CONNECTION_REFUSED @ http://localhost:3001/__tsd/console-pipe/sse:0
[ 8202872ms] [ERROR] Failed to load resource: net::ERR_CONNECTION_REFUSED @ http://localhost:3001/__tsd/console-pipe/sse:0
[ 8205875ms] [ERROR] Failed to load resource: net::ERR_CONNECTION_REFUSED @ http://localhost:3001/__tsd/console-pipe/sse:0
[ 8208877ms] [ERROR] Failed to load resource: net::ERR_CONNECTION_REFUSED @ http://localhost:3001/__tsd/console-pipe/sse:0
[ 8210772ms] [ERROR] Failed to load resource: net::ERR_CONNECTION_REFUSED @ http://localhost:3001/api/cloud/task-notifications:0
[ 8211880ms] [ERROR] Failed to load resource: net::ERR_CONNECTION_REFUSED @ http://localhost:3001/__tsd/console-pipe/sse:0
[ 8214882ms] [ERROR] Failed to load resource: net::ERR_CONNECTION_REFUSED @ http://localhost:3001/__tsd/console-pipe/sse:0
[ 8217885ms] [ERROR] Failed to load resource: net::ERR_CONNECTION_REFUSED @ http://localhost:3001/__tsd/console-pipe/sse:0
[ 8220889ms] [ERROR] Failed to load resource: net::ERR_CONNECTION_REFUSED @ http://localhost:3001/__tsd/console-pipe/sse:0
[ 8223892ms] [ERROR] Failed to load resource: net::ERR_CONNECTION_REFUSED @ http://localhost:3001/__tsd/console-pipe/sse:0
[ 8225773ms] [ERROR] Failed to load resource: net::ERR_CONNECTION_REFUSED @ http://localhost:3001/api/cloud/task-notifications:0
[ 8226894ms] [ERROR] Failed to load resource: net::ERR_CONNECTION_REFUSED @ http://localhost:3001/__tsd/console-pipe/sse:0
[ 8229897ms] [ERROR] Failed to load resource: net::ERR_CONNECTION_REFUSED @ http://localhost:3001/__tsd/console-pipe/sse:0
[ 8232900ms] [ERROR] Failed to load resource: net::ERR_CONNECTION_REFUSED @ http://localhost:3001/__tsd/console-pipe/sse:0
[ 8235903ms] [ERROR] Failed to load resource: net::ERR_CONNECTION_REFUSED @ http://localhost:3001/__tsd/console-pipe/sse:0
[ 8238904ms] [ERROR] Failed to load resource: net::ERR_CONNECTION_REFUSED @ http://localhost:3001/__tsd/console-pipe/sse:0
[ 8240772ms] [ERROR] Failed to load resource: net::ERR_CONNECTION_REFUSED @ http://localhost:3001/api/cloud/task-notifications:0
[ 8241907ms] [ERROR] Failed to load resource: net::ERR_CONNECTION_REFUSED @ http://localhost:3001/__tsd/console-pipe/sse:0
[ 8244909ms] [ERROR] Failed to load resource: net::ERR_CONNECTION_REFUSED @ http://localhost:3001/__tsd/console-pipe/sse:0
[ 8247912ms] [ERROR] Failed to load resource: net::ERR_CONNECTION_REFUSED @ http://localhost:3001/__tsd/console-pipe/sse:0
[ 8250914ms] [ERROR] Failed to load resource: net::ERR_CONNECTION_REFUSED @ http://localhost:3001/__tsd/console-pipe/sse:0
[ 8253916ms] [ERROR] Failed to load resource: net::ERR_CONNECTION_REFUSED @ http://localhost:3001/__tsd/console-pipe/sse:0
[ 8255773ms] [ERROR] Failed to load resource: net::ERR_CONNECTION_REFUSED @ http://localhost:3001/api/cloud/task-notifications:0
[ 8256919ms] [ERROR] Failed to load resource: net::ERR_CONNECTION_REFUSED @ http://localhost:3001/__tsd/console-pipe/sse:0
[ 8259921ms] [ERROR] Failed to load resource: net::ERR_CONNECTION_REFUSED @ http://localhost:3001/__tsd/console-pipe/sse:0
[ 8262923ms] [ERROR] Failed to load resource: net::ERR_CONNECTION_REFUSED @ http://localhost:3001/__tsd/console-pipe/sse:0
[ 8265925ms] [ERROR] Failed to load resource: net::ERR_CONNECTION_REFUSED @ http://localhost:3001/__tsd/console-pipe/sse:0
[ 8268928ms] [ERROR] Failed to load resource: net::ERR_CONNECTION_REFUSED @ http://localhost:3001/__tsd/console-pipe/sse:0
[ 8270772ms] [ERROR] Failed to load resource: net::ERR_CONNECTION_REFUSED @ http://localhost:3001/api/cloud/task-notifications:0
[ 8271930ms] [ERROR] Failed to load resource: net::ERR_CONNECTION_REFUSED @ http://localhost:3001/__tsd/console-pipe/sse:0
[ 8274932ms] [ERROR] Failed to load resource: net::ERR_CONNECTION_REFUSED @ http://localhost:3001/__tsd/console-pipe/sse:0
[ 8277934ms] [ERROR] Failed to load resource: net::ERR_CONNECTION_REFUSED @ http://localhost:3001/__tsd/console-pipe/sse:0
[ 8280937ms] [ERROR] Failed to load resource: net::ERR_CONNECTION_REFUSED @ http://localhost:3001/__tsd/console-pipe/sse:0
[ 8283938ms] [ERROR] Failed to load resource: net::ERR_CONNECTION_REFUSED @ http://localhost:3001/__tsd/console-pipe/sse:0
[ 8285773ms] [ERROR] Failed to load resource: net::ERR_CONNECTION_REFUSED @ http://localhost:3001/api/cloud/task-notifications:0
[ 8286940ms] [ERROR] Failed to load resource: net::ERR_CONNECTION_REFUSED @ http://localhost:3001/__tsd/console-pipe/sse:0
[ 8289942ms] [ERROR] Failed to load resource: net::ERR_CONNECTION_REFUSED @ http://localhost:3001/__tsd/console-pipe/sse:0
[ 8292945ms] [ERROR] Failed to load resource: net::ERR_CONNECTION_REFUSED @ http://localhost:3001/__tsd/console-pipe/sse:0
[ 8295947ms] [ERROR] Failed to load resource: net::ERR_CONNECTION_REFUSED @ http://localhost:3001/__tsd/console-pipe/sse:0
[ 8298949ms] [ERROR] Failed to load resource: net::ERR_CONNECTION_REFUSED @ http://localhost:3001/__tsd/console-pipe/sse:0
[ 8300773ms] [ERROR] Failed to load resource: net::ERR_CONNECTION_REFUSED @ http://localhost:3001/api/cloud/task-notifications:0
[ 8301952ms] [ERROR] Failed to load resource: net::ERR_CONNECTION_REFUSED @ http://localhost:3001/__tsd/console-pipe/sse:0
[ 8304954ms] [ERROR] Failed to load resource: net::ERR_CONNECTION_REFUSED @ http://localhost:3001/__tsd/console-pipe/sse:0
[ 8307956ms] [ERROR] Failed to load resource: net::ERR_CONNECTION_REFUSED @ http://localhost:3001/__tsd/console-pipe/sse:0
[ 8310958ms] [ERROR] Failed to load resource: net::ERR_CONNECTION_REFUSED @ http://localhost:3001/__tsd/console-pipe/sse:0
[ 8313960ms] [ERROR] Failed to load resource: net::ERR_CONNECTION_REFUSED @ http://localhost:3001/__tsd/console-pipe/sse:0
[ 8315774ms] [ERROR] Failed to load resource: net::ERR_CONNECTION_REFUSED @ http://localhost:3001/api/cloud/task-notifications:0
[ 8316961ms] [ERROR] Failed to load resource: net::ERR_CONNECTION_REFUSED @ http://localhost:3001/__tsd/console-pipe/sse:0
[ 8319964ms] [ERROR] Failed to load resource: net::ERR_CONNECTION_REFUSED @ http://localhost:3001/__tsd/console-pipe/sse:0
[ 8322966ms] [ERROR] Failed to load resource: net::ERR_CONNECTION_REFUSED @ http://localhost:3001/__tsd/console-pipe/sse:0
[ 8325968ms] [ERROR] Failed to load resource: net::ERR_CONNECTION_REFUSED @ http://localhost:3001/__tsd/console-pipe/sse:0
[ 8328970ms] [ERROR] Failed to load resource: net::ERR_CONNECTION_REFUSED @ http://localhost:3001/__tsd/console-pipe/sse:0
[ 8330772ms] [ERROR] Failed to load resource: net::ERR_CONNECTION_REFUSED @ http://localhost:3001/api/cloud/task-notifications:0
[ 8331972ms] [ERROR] Failed to load resource: net::ERR_CONNECTION_REFUSED @ http://localhost:3001/__tsd/console-pipe/sse:0
[ 8334974ms] [ERROR] Failed to load resource: net::ERR_CONNECTION_REFUSED @ http://localhost:3001/__tsd/console-pipe/sse:0
[ 8337977ms] [ERROR] Failed to load resource: net::ERR_CONNECTION_REFUSED @ http://localhost:3001/__tsd/console-pipe/sse:0
[ 8340981ms] [ERROR] Failed to load resource: net::ERR_CONNECTION_REFUSED @ http://localhost:3001/__tsd/console-pipe/sse:0
[ 8343984ms] [ERROR] Failed to load resource: net::ERR_CONNECTION_REFUSED @ http://localhost:3001/__tsd/console-pipe/sse:0
[ 8345774ms] [ERROR] Failed to load resource: net::ERR_CONNECTION_REFUSED @ http://localhost:3001/api/cloud/task-notifications:0
[ 8346987ms] [ERROR] Failed to load resource: net::ERR_CONNECTION_REFUSED @ http://localhost:3001/__tsd/console-pipe/sse:0
[ 8349989ms] [ERROR] Failed to load resource: net::ERR_CONNECTION_REFUSED @ http://localhost:3001/__tsd/console-pipe/sse:0
[ 8352992ms] [ERROR] Failed to load resource: net::ERR_CONNECTION_REFUSED @ http://localhost:3001/__tsd/console-pipe/sse:0
[ 8355995ms] [ERROR] Failed to load resource: net::ERR_CONNECTION_REFUSED @ http://localhost:3001/__tsd/console-pipe/sse:0
[ 8358998ms] [ERROR] Failed to load resource: net::ERR_CONNECTION_REFUSED @ http://localhost:3001/__tsd/console-pipe/sse:0
[ 8360773ms] [ERROR] Failed to load resource: net::ERR_CONNECTION_REFUSED @ http://localhost:3001/api/cloud/task-notifications:0
[ 8362000ms] [ERROR] Failed to load resource: net::ERR_CONNECTION_REFUSED @ http://localhost:3001/__tsd/console-pipe/sse:0
[ 8365002ms] [ERROR] Failed to load resource: net::ERR_CONNECTION_REFUSED @ http://localhost:3001/__tsd/console-pipe/sse:0
[ 8368005ms] [ERROR] Failed to load resource: net::ERR_CONNECTION_REFUSED @ http://localhost:3001/__tsd/console-pipe/sse:0
[ 8371008ms] [ERROR] Failed to load resource: net::ERR_CONNECTION_REFUSED @ http://localhost:3001/__tsd/console-pipe/sse:0
[ 8374010ms] [ERROR] Failed to load resource: net::ERR_CONNECTION_REFUSED @ http://localhost:3001/__tsd/console-pipe/sse:0
[ 8375774ms] [ERROR] Failed to load resource: net::ERR_CONNECTION_REFUSED @ http://localhost:3001/api/cloud/task-notifications:0
[ 8377013ms] [ERROR] Failed to load resource: net::ERR_CONNECTION_REFUSED @ http://localhost:3001/__tsd/console-pipe/sse:0
[ 8380017ms] [ERROR] Failed to load resource: net::ERR_CONNECTION_REFUSED @ http://localhost:3001/__tsd/console-pipe/sse:0
[ 8383020ms] [ERROR] Failed to load resource: net::ERR_CONNECTION_REFUSED @ http://localhost:3001/__tsd/console-pipe/sse:0
[ 8386022ms] [ERROR] Failed to load resource: net::ERR_CONNECTION_REFUSED @ http://localhost:3001/__tsd/console-pipe/sse:0
[ 8389025ms] [ERROR] Failed to load resource: net::ERR_CONNECTION_REFUSED @ http://localhost:3001/__tsd/console-pipe/sse:0
[ 8390773ms] [ERROR] Failed to load resource: net::ERR_CONNECTION_REFUSED @ http://localhost:3001/api/cloud/task-notifications:0
[ 8392028ms] [ERROR] Failed to load resource: net::ERR_CONNECTION_REFUSED @ http://localhost:3001/__tsd/console-pipe/sse:0
[ 8395030ms] [ERROR] Failed to load resource: net::ERR_CONNECTION_REFUSED @ http://localhost:3001/__tsd/console-pipe/sse:0
[ 8398033ms] [ERROR] Failed to load resource: net::ERR_CONNECTION_REFUSED @ http://localhost:3001/__tsd/console-pipe/sse:0
[ 8401035ms] [ERROR] Failed to load resource: net::ERR_CONNECTION_REFUSED @ http://localhost:3001/__tsd/console-pipe/sse:0
[ 8404037ms] [ERROR] Failed to load resource: net::ERR_CONNECTION_REFUSED @ http://localhost:3001/__tsd/console-pipe/sse:0
[ 8405774ms] [ERROR] Failed to load resource: net::ERR_CONNECTION_REFUSED @ http://localhost:3001/api/cloud/task-notifications:0
[ 8407039ms] [ERROR] Failed to load resource: net::ERR_CONNECTION_REFUSED @ http://localhost:3001/__tsd/console-pipe/sse:0
[ 8410043ms] [ERROR] Failed to load resource: net::ERR_CONNECTION_REFUSED @ http://localhost:3001/__tsd/console-pipe/sse:0
[ 8413046ms] [ERROR] Failed to load resource: net::ERR_CONNECTION_REFUSED @ http://localhost:3001/__tsd/console-pipe/sse:0
[ 8416050ms] [ERROR] Failed to load resource: net::ERR_CONNECTION_REFUSED @ http://localhost:3001/__tsd/console-pipe/sse:0
[ 8419052ms] [ERROR] Failed to load resource: net::ERR_CONNECTION_REFUSED @ http://localhost:3001/__tsd/console-pipe/sse:0
[ 8420773ms] [ERROR] Failed to load resource: net::ERR_CONNECTION_REFUSED @ http://localhost:3001/api/cloud/task-notifications:0
[ 8422055ms] [ERROR] Failed to load resource: net::ERR_CONNECTION_REFUSED @ http://localhost:3001/__tsd/console-pipe/sse:0
[ 8425057ms] [ERROR] Failed to load resource: net::ERR_CONNECTION_REFUSED @ http://localhost:3001/__tsd/console-pipe/sse:0
[ 8428060ms] [ERROR] Failed to load resource: net::ERR_CONNECTION_REFUSED @ http://localhost:3001/__tsd/console-pipe/sse:0
[ 8431062ms] [ERROR] Failed to load resource: net::ERR_CONNECTION_REFUSED @ http://localhost:3001/__tsd/console-pipe/sse:0
[ 8434065ms] [ERROR] Failed to load resource: net::ERR_CONNECTION_REFUSED @ http://localhost:3001/__tsd/console-pipe/sse:0
[ 8435774ms] [ERROR] Failed to load resource: net::ERR_CONNECTION_REFUSED @ http://localhost:3001/api/cloud/task-notifications:0
[ 8437069ms] [ERROR] Failed to load resource: net::ERR_CONNECTION_REFUSED @ http://localhost:3001/__tsd/console-pipe/sse:0
[ 8440071ms] [ERROR] Failed to load resource: net::ERR_CONNECTION_REFUSED @ http://localhost:3001/__tsd/console-pipe/sse:0
[ 8443073ms] [ERROR] Failed to load resource: net::ERR_CONNECTION_REFUSED @ http://localhost:3001/__tsd/console-pipe/sse:0
[ 8446075ms] [ERROR] Failed to load resource: net::ERR_CONNECTION_REFUSED @ http://localhost:3001/__tsd/console-pipe/sse:0
[ 8449078ms] [ERROR] Failed to load resource: net::ERR_CONNECTION_REFUSED @ http://localhost:3001/__tsd/console-pipe/sse:0
[ 8450774ms] [ERROR] Failed to load resource: net::ERR_CONNECTION_REFUSED @ http://localhost:3001/api/cloud/task-notifications:0
[ 8452081ms] [ERROR] Failed to load resource: net::ERR_CONNECTION_REFUSED @ http://localhost:3001/__tsd/console-pipe/sse:0
[ 8455084ms] [ERROR] Failed to load resource: net::ERR_CONNECTION_REFUSED @ http://localhost:3001/__tsd/console-pipe/sse:0
[ 8458086ms] [ERROR] Failed to load resource: net::ERR_CONNECTION_REFUSED @ http://localhost:3001/__tsd/console-pipe/sse:0
[ 8461090ms] [ERROR] Failed to load resource: net::ERR_CONNECTION_REFUSED @ http://localhost:3001/__tsd/console-pipe/sse:0
[ 8464093ms] [ERROR] Failed to load resource: net::ERR_CONNECTION_REFUSED @ http://localhost:3001/__tsd/console-pipe/sse:0
[ 8465774ms] [ERROR] Failed to load resource: net::ERR_CONNECTION_REFUSED @ http://localhost:3001/api/cloud/task-notifications:0
[ 8467095ms] [ERROR] Failed to load resource: net::ERR_CONNECTION_REFUSED @ http://localhost:3001/__tsd/console-pipe/sse:0
[ 8470098ms] [ERROR] Failed to load resource: net::ERR_CONNECTION_REFUSED @ http://localhost:3001/__tsd/console-pipe/sse:0
[ 8473101ms] [ERROR] Failed to load resource: net::ERR_CONNECTION_REFUSED @ http://localhost:3001/__tsd/console-pipe/sse:0
[ 8476103ms] [ERROR] Failed to load resource: net::ERR_CONNECTION_REFUSED @ http://localhost:3001/__tsd/console-pipe/sse:0
[ 8479105ms] [ERROR] Failed to load resource: net::ERR_CONNECTION_REFUSED @ http://localhost:3001/__tsd/console-pipe/sse:0
[ 8480772ms] [ERROR] Failed to load resource: net::ERR_CONNECTION_REFUSED @ http://localhost:3001/api/cloud/task-notifications:0
[ 8482107ms] [ERROR] Failed to load resource: net::ERR_CONNECTION_REFUSED @ http://localhost:3001/__tsd/console-pipe/sse:0
[ 8485109ms] [ERROR] Failed to load resource: net::ERR_CONNECTION_REFUSED @ http://localhost:3001/__tsd/console-pipe/sse:0
[ 8488111ms] [ERROR] Failed to load resource: net::ERR_CONNECTION_REFUSED @ http://localhost:3001/__tsd/console-pipe/sse:0
[ 8491113ms] [ERROR] Failed to load resource: net::ERR_CONNECTION_REFUSED @ http://localhost:3001/__tsd/console-pipe/sse:0
[ 8494115ms] [ERROR] Failed to load resource: net::ERR_CONNECTION_REFUSED @ http://localhost:3001/__tsd/console-pipe/sse:0
[ 8495774ms] [ERROR] Failed to load resource: net::ERR_CONNECTION_REFUSED @ http://localhost:3001/api/cloud/task-notifications:0
[ 8497118ms] [ERROR] Failed to load resource: net::ERR_CONNECTION_REFUSED @ http://localhost:3001/__tsd/console-pipe/sse:0
[ 8500120ms] [ERROR] Failed to load resource: net::ERR_CONNECTION_REFUSED @ http://localhost:3001/__tsd/console-pipe/sse:0
[ 8503122ms] [ERROR] Failed to load resource: net::ERR_CONNECTION_REFUSED @ http://localhost:3001/__tsd/console-pipe/sse:0
[ 8506125ms] [ERROR] Failed to load resource: net::ERR_CONNECTION_REFUSED @ http://localhost:3001/__tsd/console-pipe/sse:0
[ 8509129ms] [ERROR] Failed to load resource: net::ERR_CONNECTION_REFUSED @ http://localhost:3001/__tsd/console-pipe/sse:0
[ 8510773ms] [ERROR] Failed to load resource: net::ERR_CONNECTION_REFUSED @ http://localhost:3001/api/cloud/task-notifications:0
[ 8512132ms] [ERROR] Failed to load resource: net::ERR_CONNECTION_REFUSED @ http://localhost:3001/__tsd/console-pipe/sse:0
[ 8515134ms] [ERROR] Failed to load resource: net::ERR_CONNECTION_REFUSED @ http://localhost:3001/__tsd/console-pipe/sse:0
[ 8518137ms] [ERROR] Failed to load resource: net::ERR_CONNECTION_REFUSED @ http://localhost:3001/__tsd/console-pipe/sse:0
[ 8521140ms] [ERROR] Failed to load resource: net::ERR_CONNECTION_REFUSED @ http://localhost:3001/__tsd/console-pipe/sse:0
[ 8524143ms] [ERROR] Failed to load resource: net::ERR_CONNECTION_REFUSED @ http://localhost:3001/__tsd/console-pipe/sse:0
[ 8525775ms] [ERROR] Failed to load resource: net::ERR_CONNECTION_REFUSED @ http://localhost:3001/api/cloud/task-notifications:0
[ 8527145ms] [ERROR] Failed to load resource: net::ERR_CONNECTION_REFUSED @ http://localhost:3001/__tsd/console-pipe/sse:0
[ 8530148ms] [ERROR] Failed to load resource: net::ERR_CONNECTION_REFUSED @ http://localhost:3001/__tsd/console-pipe/sse:0
[ 8533151ms] [ERROR] Failed to load resource: net::ERR_CONNECTION_REFUSED @ http://localhost:3001/__tsd/console-pipe/sse:0
[ 8536153ms] [ERROR] Failed to load resource: net::ERR_CONNECTION_REFUSED @ http://localhost:3001/__tsd/console-pipe/sse:0
[ 8539155ms] [ERROR] Failed to load resource: net::ERR_CONNECTION_REFUSED @ http://localhost:3001/__tsd/console-pipe/sse:0
[ 8540775ms] [ERROR] Failed to load resource: net::ERR_CONNECTION_REFUSED @ http://localhost:3001/api/cloud/task-notifications:0
[ 8542158ms] [ERROR] Failed to load resource: net::ERR_CONNECTION_REFUSED @ http://localhost:3001/__tsd/console-pipe/sse:0
[ 8545161ms] [ERROR] Failed to load resource: net::ERR_CONNECTION_REFUSED @ http://localhost:3001/__tsd/console-pipe/sse:0
[ 8548163ms] [ERROR] Failed to load resource: net::ERR_CONNECTION_REFUSED @ http://localhost:3001/__tsd/console-pipe/sse:0
[ 8551165ms] [ERROR] Failed to load resource: net::ERR_CONNECTION_REFUSED @ http://localhost:3001/__tsd/console-pipe/sse:0
[ 8554168ms] [ERROR] Failed to load resource: net::ERR_CONNECTION_REFUSED @ http://localhost:3001/__tsd/console-pipe/sse:0
[ 8555774ms] [ERROR] Failed to load resource: net::ERR_CONNECTION_REFUSED @ http://localhost:3001/api/cloud/task-notifications:0
[ 8557171ms] [ERROR] Failed to load resource: net::ERR_CONNECTION_REFUSED @ http://localhost:3001/__tsd/console-pipe/sse:0
[ 8560174ms] [ERROR] Failed to load resource: net::ERR_CONNECTION_REFUSED @ http://localhost:3001/__tsd/console-pipe/sse:0
[ 8563176ms] [ERROR] Failed to load resource: net::ERR_CONNECTION_REFUSED @ http://localhost:3001/__tsd/console-pipe/sse:0
[ 8566178ms] [ERROR] Failed to load resource: net::ERR_CONNECTION_REFUSED @ http://localhost:3001/__tsd/console-pipe/sse:0
[ 8569180ms] [ERROR] Failed to load resource: net::ERR_CONNECTION_REFUSED @ http://localhost:3001/__tsd/console-pipe/sse:0
[ 8570775ms] [ERROR] Failed to load resource: net::ERR_CONNECTION_REFUSED @ http://localhost:3001/api/cloud/task-notifications:0
[ 8572183ms] [ERROR] Failed to load resource: net::ERR_CONNECTION_REFUSED @ http://localhost:3001/__tsd/console-pipe/sse:0
[ 8575185ms] [ERROR] Failed to load resource: net::ERR_CONNECTION_REFUSED @ http://localhost:3001/__tsd/console-pipe/sse:0
[ 8578187ms] [ERROR] Failed to load resource: net::ERR_CONNECTION_REFUSED @ http://localhost:3001/__tsd/console-pipe/sse:0
[ 8581190ms] [ERROR] Failed to load resource: net::ERR_CONNECTION_REFUSED @ http://localhost:3001/__tsd/console-pipe/sse:0
[ 8584192ms] [ERROR] Failed to load resource: net::ERR_CONNECTION_REFUSED @ http://localhost:3001/__tsd/console-pipe/sse:0
[ 8585776ms] [ERROR] Failed to load resource: net::ERR_CONNECTION_REFUSED @ http://localhost:3001/api/cloud/task-notifications:0
[ 8587194ms] [ERROR] Failed to load resource: net::ERR_CONNECTION_REFUSED @ http://localhost:3001/__tsd/console-pipe/sse:0
[ 8590196ms] [ERROR] Failed to load resource: net::ERR_CONNECTION_REFUSED @ http://localhost:3001/__tsd/console-pipe/sse:0
[ 8593198ms] [ERROR] Failed to load resource: net::ERR_CONNECTION_REFUSED @ http://localhost:3001/__tsd/console-pipe/sse:0
[ 8596201ms] [ERROR] Failed to load resource: net::ERR_CONNECTION_REFUSED @ http://localhost:3001/__tsd/console-pipe/sse:0
[ 8599203ms] [ERROR] Failed to load resource: net::ERR_CONNECTION_REFUSED @ http://localhost:3001/__tsd/console-pipe/sse:0
[ 8600774ms] [ERROR] Failed to load resource: net::ERR_CONNECTION_REFUSED @ http://localhost:3001/api/cloud/task-notifications:0
[ 8602205ms] [ERROR] Failed to load resource: net::ERR_CONNECTION_REFUSED @ http://localhost:3001/__tsd/console-pipe/sse:0
[ 8605207ms] [ERROR] Failed to load resource: net::ERR_CONNECTION_REFUSED @ http://localhost:3001/__tsd/console-pipe/sse:0
[ 8608209ms] [ERROR] Failed to load resource: net::ERR_CONNECTION_REFUSED @ http://localhost:3001/__tsd/console-pipe/sse:0
[ 8611211ms] [ERROR] Failed to load resource: net::ERR_CONNECTION_REFUSED @ http://localhost:3001/__tsd/console-pipe/sse:0
[ 8614213ms] [ERROR] Failed to load resource: net::ERR_CONNECTION_REFUSED @ http://localhost:3001/__tsd/console-pipe/sse:0
[ 8615776ms] [ERROR] Failed to load resource: net::ERR_CONNECTION_REFUSED @ http://localhost:3001/api/cloud/task-notifications:0
[ 8617216ms] [ERROR] Failed to load resource: net::ERR_CONNECTION_REFUSED @ http://localhost:3001/__tsd/console-pipe/sse:0
[ 8620217ms] [ERROR] Failed to load resource: net::ERR_CONNECTION_REFUSED @ http://localhost:3001/__tsd/console-pipe/sse:0
[ 8623219ms] [ERROR] Failed to load resource: net::ERR_CONNECTION_REFUSED @ http://localhost:3001/__tsd/console-pipe/sse:0
[ 8626222ms] [ERROR] Failed to load resource: net::ERR_CONNECTION_REFUSED @ http://localhost:3001/__tsd/console-pipe/sse:0
[ 8629223ms] [ERROR] Failed to load resource: net::ERR_CONNECTION_REFUSED @ http://localhost:3001/__tsd/console-pipe/sse:0
[ 8630774ms] [ERROR] Failed to load resource: net::ERR_CONNECTION_REFUSED @ http://localhost:3001/api/cloud/task-notifications:0
[ 8632226ms] [ERROR] Failed to load resource: net::ERR_CONNECTION_REFUSED @ http://localhost:3001/__tsd/console-pipe/sse:0
[ 8635229ms] [ERROR] Failed to load resource: net::ERR_CONNECTION_REFUSED @ http://localhost:3001/__tsd/console-pipe/sse:0
[ 8638234ms] [ERROR] Failed to load resource: net::ERR_CONNECTION_REFUSED @ http://localhost:3001/__tsd/console-pipe/sse:0
[ 8641236ms] [ERROR] Failed to load resource: net::ERR_CONNECTION_REFUSED @ http://localhost:3001/__tsd/console-pipe/sse:0
[ 8644239ms] [ERROR] Failed to load resource: net::ERR_CONNECTION_REFUSED @ http://localhost:3001/__tsd/console-pipe/sse:0
[ 8645775ms] [ERROR] Failed to load resource: net::ERR_CONNECTION_REFUSED @ http://localhost:3001/api/cloud/task-notifications:0
[ 8647241ms] [ERROR] Failed to load resource: net::ERR_CONNECTION_REFUSED @ http://localhost:3001/__tsd/console-pipe/sse:0
[ 8650243ms] [ERROR] Failed to load resource: net::ERR_CONNECTION_REFUSED @ http://localhost:3001/__tsd/console-pipe/sse:0
[ 8653246ms] [ERROR] Failed to load resource: net::ERR_CONNECTION_REFUSED @ http://localhost:3001/__tsd/console-pipe/sse:0
[ 8656250ms] [ERROR] Failed to load resource: net::ERR_CONNECTION_REFUSED @ http://localhost:3001/__tsd/console-pipe/sse:0
[ 8659252ms] [ERROR] Failed to load resource: net::ERR_CONNECTION_REFUSED @ http://localhost:3001/__tsd/console-pipe/sse:0
[ 8660775ms] [ERROR] Failed to load resource: net::ERR_CONNECTION_REFUSED @ http://localhost:3001/api/cloud/task-notifications:0
[ 8662255ms] [ERROR] Failed to load resource: net::ERR_CONNECTION_REFUSED @ http://localhost:3001/__tsd/console-pipe/sse:0
[ 8665257ms] [ERROR] Failed to load resource: net::ERR_CONNECTION_REFUSED @ http://localhost:3001/__tsd/console-pipe/sse:0
[ 8668259ms] [ERROR] Failed to load resource: net::ERR_CONNECTION_REFUSED @ http://localhost:3001/__tsd/console-pipe/sse:0
[ 8671262ms] [ERROR] Failed to load resource: net::ERR_CONNECTION_REFUSED @ http://localhost:3001/__tsd/console-pipe/sse:0
[ 8674265ms] [ERROR] Failed to load resource: net::ERR_CONNECTION_REFUSED @ http://localhost:3001/__tsd/console-pipe/sse:0
[ 8675776ms] [ERROR] Failed to load resource: net::ERR_CONNECTION_REFUSED @ http://localhost:3001/api/cloud/task-notifications:0
[ 8677268ms] [ERROR] Failed to load resource: net::ERR_CONNECTION_REFUSED @ http://localhost:3001/__tsd/console-pipe/sse:0
[ 8680271ms] [ERROR] Failed to load resource: net::ERR_CONNECTION_REFUSED @ http://localhost:3001/__tsd/console-pipe/sse:0
[ 8683273ms] [ERROR] Failed to load resource: net::ERR_CONNECTION_REFUSED @ http://localhost:3001/__tsd/console-pipe/sse:0
[ 8686275ms] [ERROR] Failed to load resource: net::ERR_CONNECTION_REFUSED @ http://localhost:3001/__tsd/console-pipe/sse:0
[ 8689277ms] [ERROR] Failed to load resource: net::ERR_CONNECTION_REFUSED @ http://localhost:3001/__tsd/console-pipe/sse:0
[ 8690775ms] [ERROR] Failed to load resource: net::ERR_CONNECTION_REFUSED @ http://localhost:3001/api/cloud/task-notifications:0
[ 8692280ms] [ERROR] Failed to load resource: net::ERR_CONNECTION_REFUSED @ http://localhost:3001/__tsd/console-pipe/sse:0
[ 8695284ms] [ERROR] Failed to load resource: net::ERR_CONNECTION_REFUSED @ http://localhost:3001/__tsd/console-pipe/sse:0
[ 8698286ms] [ERROR] Failed to load resource: net::ERR_CONNECTION_REFUSED @ http://localhost:3001/__tsd/console-pipe/sse:0
[ 8701289ms] [ERROR] Failed to load resource: net::ERR_CONNECTION_REFUSED @ http://localhost:3001/__tsd/console-pipe/sse:0
[ 8704290ms] [ERROR] Failed to load resource: net::ERR_CONNECTION_REFUSED @ http://localhost:3001/__tsd/console-pipe/sse:0
[ 8705773ms] [ERROR] Failed to load resource: net::ERR_CONNECTION_REFUSED @ http://localhost:3001/api/cloud/task-notifications:0
[ 8707292ms] [ERROR] Failed to load resource: net::ERR_CONNECTION_REFUSED @ http://localhost:3001/__tsd/console-pipe/sse:0
[ 8710295ms] [ERROR] Failed to load resource: net::ERR_CONNECTION_REFUSED @ http://localhost:3001/__tsd/console-pipe/sse:0
[ 8713297ms] [ERROR] Failed to load resource: net::ERR_CONNECTION_REFUSED @ http://localhost:3001/__tsd/console-pipe/sse:0
[ 8716302ms] [ERROR] Failed to load resource: net::ERR_CONNECTION_REFUSED @ http://localhost:3001/__tsd/console-pipe/sse:0
[ 8719305ms] [ERROR] Failed to load resource: net::ERR_CONNECTION_REFUSED @ http://localhost:3001/__tsd/console-pipe/sse:0
[ 8720775ms] [ERROR] Failed to load resource: net::ERR_CONNECTION_REFUSED @ http://localhost:3001/api/cloud/task-notifications:0
[ 8722307ms] [ERROR] Failed to load resource: net::ERR_CONNECTION_REFUSED @ http://localhost:3001/__tsd/console-pipe/sse:0
[ 8725310ms] [ERROR] Failed to load resource: net::ERR_CONNECTION_REFUSED @ http://localhost:3001/__tsd/console-pipe/sse:0
[ 8728313ms] [ERROR] Failed to load resource: net::ERR_CONNECTION_REFUSED @ http://localhost:3001/__tsd/console-pipe/sse:0
[ 8731316ms] [ERROR] Failed to load resource: net::ERR_CONNECTION_REFUSED @ http://localhost:3001/__tsd/console-pipe/sse:0
[ 8734317ms] [ERROR] Failed to load resource: net::ERR_CONNECTION_REFUSED @ http://localhost:3001/__tsd/console-pipe/sse:0
[ 8735775ms] [ERROR] Failed to load resource: net::ERR_CONNECTION_REFUSED @ http://localhost:3001/api/cloud/task-notifications:0
[ 8737320ms] [ERROR] Failed to load resource: net::ERR_CONNECTION_REFUSED @ http://localhost:3001/__tsd/console-pipe/sse:0
[ 8740322ms] [ERROR] Failed to load resource: net::ERR_CONNECTION_REFUSED @ http://localhost:3001/__tsd/console-pipe/sse:0
[ 8743324ms] [ERROR] Failed to load resource: net::ERR_CONNECTION_REFUSED @ http://localhost:3001/__tsd/console-pipe/sse:0
[ 8746326ms] [ERROR] Failed to load resource: net::ERR_CONNECTION_REFUSED @ http://localhost:3001/__tsd/console-pipe/sse:0
[ 8749329ms] [ERROR] Failed to load resource: net::ERR_CONNECTION_REFUSED @ http://localhost:3001/__tsd/console-pipe/sse:0
[ 8750774ms] [ERROR] Failed to load resource: net::ERR_CONNECTION_REFUSED @ http://localhost:3001/api/cloud/task-notifications:0
[ 8752332ms] [ERROR] Failed to load resource: net::ERR_CONNECTION_REFUSED @ http://localhost:3001/__tsd/console-pipe/sse:0
[ 8755335ms] [ERROR] Failed to load resource: net::ERR_CONNECTION_REFUSED @ http://localhost:3001/__tsd/console-pipe/sse:0
[ 8758337ms] [ERROR] Failed to load resource: net::ERR_CONNECTION_REFUSED @ http://localhost:3001/__tsd/console-pipe/sse:0
[ 8761340ms] [ERROR] Failed to load resource: net::ERR_CONNECTION_REFUSED @ http://localhost:3001/__tsd/console-pipe/sse:0
[ 8764343ms] [ERROR] Failed to load resource: net::ERR_CONNECTION_REFUSED @ http://localhost:3001/__tsd/console-pipe/sse:0
[ 8765775ms] [ERROR] Failed to load resource: net::ERR_CONNECTION_REFUSED @ http://localhost:3001/api/cloud/task-notifications:0
[ 8767346ms] [ERROR] Failed to load resource: net::ERR_CONNECTION_REFUSED @ http://localhost:3001/__tsd/console-pipe/sse:0
[ 8770350ms] [ERROR] Failed to load resource: net::ERR_CONNECTION_REFUSED @ http://localhost:3001/__tsd/console-pipe/sse:0
[ 8773353ms] [ERROR] Failed to load resource: net::ERR_CONNECTION_REFUSED @ http://localhost:3001/__tsd/console-pipe/sse:0
[ 8776356ms] [ERROR] Failed to load resource: net::ERR_CONNECTION_REFUSED @ http://localhost:3001/__tsd/console-pipe/sse:0
[ 8779358ms] [ERROR] Failed to load resource: net::ERR_CONNECTION_REFUSED @ http://localhost:3001/__tsd/console-pipe/sse:0
[ 8780776ms] [ERROR] Failed to load resource: net::ERR_CONNECTION_REFUSED @ http://localhost:3001/api/cloud/task-notifications:0
[ 8782360ms] [ERROR] Failed to load resource: net::ERR_CONNECTION_REFUSED @ http://localhost:3001/__tsd/console-pipe/sse:0
[ 8785363ms] [ERROR] Failed to load resource: net::ERR_CONNECTION_REFUSED @ http://localhost:3001/__tsd/console-pipe/sse:0
[ 8788366ms] [ERROR] Failed to load resource: net::ERR_CONNECTION_REFUSED @ http://localhost:3001/__tsd/console-pipe/sse:0
[ 8791369ms] [ERROR] Failed to load resource: net::ERR_CONNECTION_REFUSED @ http://localhost:3001/__tsd/console-pipe/sse:0
[ 8794371ms] [ERROR] Failed to load resource: net::ERR_CONNECTION_REFUSED @ http://localhost:3001/__tsd/console-pipe/sse:0
[ 8795776ms] [ERROR] Failed to load resource: net::ERR_CONNECTION_REFUSED @ http://localhost:3001/api/cloud/task-notifications:0
[ 8797374ms] [ERROR] Failed to load resource: net::ERR_CONNECTION_REFUSED @ http://localhost:3001/__tsd/console-pipe/sse:0
[ 8800376ms] [ERROR] Failed to load resource: net::ERR_CONNECTION_REFUSED @ http://localhost:3001/__tsd/console-pipe/sse:0
[ 8803379ms] [ERROR] Failed to load resource: net::ERR_CONNECTION_REFUSED @ http://localhost:3001/__tsd/console-pipe/sse:0
[ 8806381ms] [ERROR] Failed to load resource: net::ERR_CONNECTION_REFUSED @ http://localhost:3001/__tsd/console-pipe/sse:0
[ 8809384ms] [ERROR] Failed to load resource: net::ERR_CONNECTION_REFUSED @ http://localhost:3001/__tsd/console-pipe/sse:0
[ 8810776ms] [ERROR] Failed to load resource: net::ERR_CONNECTION_REFUSED @ http://localhost:3001/api/cloud/task-notifications:0
[ 8812387ms] [ERROR] Failed to load resource: net::ERR_CONNECTION_REFUSED @ http://localhost:3001/__tsd/console-pipe/sse:0
[ 8815390ms] [ERROR] Failed to load resource: net::ERR_CONNECTION_REFUSED @ http://localhost:3001/__tsd/console-pipe/sse:0
[ 8818392ms] [ERROR] Failed to load resource: net::ERR_CONNECTION_REFUSED @ http://localhost:3001/__tsd/console-pipe/sse:0
[ 8821395ms] [ERROR] Failed to load resource: net::ERR_CONNECTION_REFUSED @ http://localhost:3001/__tsd/console-pipe/sse:0
[ 8824398ms] [ERROR] Failed to load resource: net::ERR_CONNECTION_REFUSED @ http://localhost:3001/__tsd/console-pipe/sse:0
[ 8825775ms] [ERROR] Failed to load resource: net::ERR_CONNECTION_REFUSED @ http://localhost:3001/api/cloud/task-notifications:0
[ 8827400ms] [ERROR] Failed to load resource: net::ERR_CONNECTION_REFUSED @ http://localhost:3001/__tsd/console-pipe/sse:0
[ 8830403ms] [ERROR] Failed to load resource: net::ERR_CONNECTION_REFUSED @ http://localhost:3001/__tsd/console-pipe/sse:0
[ 8833405ms] [ERROR] Failed to load resource: net::ERR_CONNECTION_REFUSED @ http://localhost:3001/__tsd/console-pipe/sse:0
[ 8836408ms] [ERROR] Failed to load resource: net::ERR_CONNECTION_REFUSED @ http://localhost:3001/__tsd/console-pipe/sse:0
[ 8839411ms] [ERROR] Failed to load resource: net::ERR_CONNECTION_REFUSED @ http://localhost:3001/__tsd/console-pipe/sse:0
[ 8840775ms] [ERROR] Failed to load resource: net::ERR_CONNECTION_REFUSED @ http://localhost:3001/api/cloud/task-notifications:0
[ 8842414ms] [ERROR] Failed to load resource: net::ERR_CONNECTION_REFUSED @ http://localhost:3001/__tsd/console-pipe/sse:0
[ 8845416ms] [ERROR] Failed to load resource: net::ERR_CONNECTION_REFUSED @ http://localhost:3001/__tsd/console-pipe/sse:0
[ 8848418ms] [ERROR] Failed to load resource: net::ERR_CONNECTION_REFUSED @ http://localhost:3001/__tsd/console-pipe/sse:0
[ 8851420ms] [ERROR] Failed to load resource: net::ERR_CONNECTION_REFUSED @ http://localhost:3001/__tsd/console-pipe/sse:0
[ 8854423ms] [ERROR] Failed to load resource: net::ERR_CONNECTION_REFUSED @ http://localhost:3001/__tsd/console-pipe/sse:0
[ 8855775ms] [ERROR] Failed to load resource: net::ERR_CONNECTION_REFUSED @ http://localhost:3001/api/cloud/task-notifications:0
[ 8857426ms] [ERROR] Failed to load resource: net::ERR_CONNECTION_REFUSED @ http://localhost:3001/__tsd/console-pipe/sse:0
[ 8860427ms] [ERROR] Failed to load resource: net::ERR_CONNECTION_REFUSED @ http://localhost:3001/__tsd/console-pipe/sse:0
[ 8863429ms] [ERROR] Failed to load resource: net::ERR_CONNECTION_REFUSED @ http://localhost:3001/__tsd/console-pipe/sse:0
[ 8866431ms] [ERROR] Failed to load resource: net::ERR_CONNECTION_REFUSED @ http://localhost:3001/__tsd/console-pipe/sse:0
[ 8869433ms] [ERROR] Failed to load resource: net::ERR_CONNECTION_REFUSED @ http://localhost:3001/__tsd/console-pipe/sse:0
[ 8870776ms] [ERROR] Failed to load resource: net::ERR_CONNECTION_REFUSED @ http://localhost:3001/api/cloud/task-notifications:0
[ 8872436ms] [ERROR] Failed to load resource: net::ERR_CONNECTION_REFUSED @ http://localhost:3001/__tsd/console-pipe/sse:0
[ 8875438ms] [ERROR] Failed to load resource: net::ERR_CONNECTION_REFUSED @ http://localhost:3001/__tsd/console-pipe/sse:0
[ 8878439ms] [ERROR] Failed to load resource: net::ERR_CONNECTION_REFUSED @ http://localhost:3001/__tsd/console-pipe/sse:0
[ 8881442ms] [ERROR] Failed to load resource: net::ERR_CONNECTION_REFUSED @ http://localhost:3001/__tsd/console-pipe/sse:0
[ 8884444ms] [ERROR] Failed to load resource: net::ERR_CONNECTION_REFUSED @ http://localhost:3001/__tsd/console-pipe/sse:0
[ 8885777ms] [ERROR] Failed to load resource: net::ERR_CONNECTION_REFUSED @ http://localhost:3001/api/cloud/task-notifications:0
[ 8887447ms] [ERROR] Failed to load resource: net::ERR_CONNECTION_REFUSED @ http://localhost:3001/__tsd/console-pipe/sse:0
[ 8890448ms] [ERROR] Failed to load resource: net::ERR_CONNECTION_REFUSED @ http://localhost:3001/__tsd/console-pipe/sse:0
[ 8893450ms] [ERROR] Failed to load resource: net::ERR_CONNECTION_REFUSED @ http://localhost:3001/__tsd/console-pipe/sse:0
[ 8896452ms] [ERROR] Failed to load resource: net::ERR_CONNECTION_REFUSED @ http://localhost:3001/__tsd/console-pipe/sse:0
[ 8899454ms] [ERROR] Failed to load resource: net::ERR_CONNECTION_REFUSED @ http://localhost:3001/__tsd/console-pipe/sse:0
[ 8900775ms] [ERROR] Failed to load resource: net::ERR_CONNECTION_REFUSED @ http://localhost:3001/api/cloud/task-notifications:0
[ 8902456ms] [ERROR] Failed to load resource: net::ERR_CONNECTION_REFUSED @ http://localhost:3001/__tsd/console-pipe/sse:0
[ 8905459ms] [ERROR] Failed to load resource: net::ERR_CONNECTION_REFUSED @ http://localhost:3001/__tsd/console-pipe/sse:0
[ 8908460ms] [ERROR] Failed to load resource: net::ERR_CONNECTION_REFUSED @ http://localhost:3001/__tsd/console-pipe/sse:0
[ 8911462ms] [ERROR] Failed to load resource: net::ERR_CONNECTION_REFUSED @ http://localhost:3001/__tsd/console-pipe/sse:0
[ 8914464ms] [ERROR] Failed to load resource: net::ERR_CONNECTION_REFUSED @ http://localhost:3001/__tsd/console-pipe/sse:0
[ 8915776ms] [ERROR] Failed to load resource: net::ERR_CONNECTION_REFUSED @ http://localhost:3001/api/cloud/task-notifications:0
[ 8917466ms] [ERROR] Failed to load resource: net::ERR_CONNECTION_REFUSED @ http://localhost:3001/__tsd/console-pipe/sse:0
[ 8920468ms] [ERROR] Failed to load resource: net::ERR_CONNECTION_REFUSED @ http://localhost:3001/__tsd/console-pipe/sse:0
[ 8923470ms] [ERROR] Failed to load resource: net::ERR_CONNECTION_REFUSED @ http://localhost:3001/__tsd/console-pipe/sse:0
[ 8926472ms] [ERROR] Failed to load resource: net::ERR_CONNECTION_REFUSED @ http://localhost:3001/__tsd/console-pipe/sse:0
[ 8929473ms] [ERROR] Failed to load resource: net::ERR_CONNECTION_REFUSED @ http://localhost:3001/__tsd/console-pipe/sse:0
[ 8930776ms] [ERROR] Failed to load resource: net::ERR_CONNECTION_REFUSED @ http://localhost:3001/api/cloud/task-notifications:0
[ 8932476ms] [ERROR] Failed to load resource: net::ERR_CONNECTION_REFUSED @ http://localhost:3001/__tsd/console-pipe/sse:0
[ 8935478ms] [ERROR] Failed to load resource: net::ERR_CONNECTION_REFUSED @ http://localhost:3001/__tsd/console-pipe/sse:0
[ 8938480ms] [ERROR] Failed to load resource: net::ERR_CONNECTION_REFUSED @ http://localhost:3001/__tsd/console-pipe/sse:0
[ 8941484ms] [ERROR] Failed to load resource: net::ERR_CONNECTION_REFUSED @ http://localhost:3001/__tsd/console-pipe/sse:0
[ 8944487ms] [ERROR] Failed to load resource: net::ERR_CONNECTION_REFUSED @ http://localhost:3001/__tsd/console-pipe/sse:0
[ 8945776ms] [ERROR] Failed to load resource: net::ERR_CONNECTION_REFUSED @ http://localhost:3001/api/cloud/task-notifications:0
[ 8947490ms] [ERROR] Failed to load resource: net::ERR_CONNECTION_REFUSED @ http://localhost:3001/__tsd/console-pipe/sse:0
[ 8950493ms] [ERROR] Failed to load resource: net::ERR_CONNECTION_REFUSED @ http://localhost:3001/__tsd/console-pipe/sse:0
[ 8953496ms] [ERROR] Failed to load resource: net::ERR_CONNECTION_REFUSED @ http://localhost:3001/__tsd/console-pipe/sse:0
[ 8956501ms] [ERROR] Failed to load resource: net::ERR_CONNECTION_REFUSED @ http://localhost:3001/__tsd/console-pipe/sse:0
[ 8959504ms] [ERROR] Failed to load resource: net::ERR_CONNECTION_REFUSED @ http://localhost:3001/__tsd/console-pipe/sse:0
[ 8960775ms] [ERROR] Failed to load resource: net::ERR_CONNECTION_REFUSED @ http://localhost:3001/api/cloud/task-notifications:0
[ 8962505ms] [ERROR] Failed to load resource: net::ERR_CONNECTION_REFUSED @ http://localhost:3001/__tsd/console-pipe/sse:0
[ 8965508ms] [ERROR] Failed to load resource: net::ERR_CONNECTION_REFUSED @ http://localhost:3001/__tsd/console-pipe/sse:0
[ 8968512ms] [ERROR] Failed to load resource: net::ERR_CONNECTION_REFUSED @ http://localhost:3001/__tsd/console-pipe/sse:0
[ 8971514ms] [ERROR] Failed to load resource: net::ERR_CONNECTION_REFUSED @ http://localhost:3001/__tsd/console-pipe/sse:0
[ 8974518ms] [ERROR] Failed to load resource: net::ERR_CONNECTION_REFUSED @ http://localhost:3001/__tsd/console-pipe/sse:0
[ 8975776ms] [ERROR] Failed to load resource: net::ERR_CONNECTION_REFUSED @ http://localhost:3001/api/cloud/task-notifications:0
[ 8977520ms] [ERROR] Failed to load resource: net::ERR_CONNECTION_REFUSED @ http://localhost:3001/__tsd/console-pipe/sse:0
[ 8980523ms] [ERROR] Failed to load resource: net::ERR_CONNECTION_REFUSED @ http://localhost:3001/__tsd/console-pipe/sse:0
[ 8983525ms] [ERROR] Failed to load resource: net::ERR_CONNECTION_REFUSED @ http://localhost:3001/__tsd/console-pipe/sse:0
[ 8986527ms] [ERROR] Failed to load resource: net::ERR_CONNECTION_REFUSED @ http://localhost:3001/__tsd/console-pipe/sse:0
[ 8989530ms] [ERROR] Failed to load resource: net::ERR_CONNECTION_REFUSED @ http://localhost:3001/__tsd/console-pipe/sse:0
[ 8990775ms] [ERROR] Failed to load resource: net::ERR_CONNECTION_REFUSED @ http://localhost:3001/api/cloud/task-notifications:0
[ 8992534ms] [ERROR] Failed to load resource: net::ERR_CONNECTION_REFUSED @ http://localhost:3001/__tsd/console-pipe/sse:0
[ 8995537ms] [ERROR] Failed to load resource: net::ERR_CONNECTION_REFUSED @ http://localhost:3001/__tsd/console-pipe/sse:0
[ 8998540ms] [ERROR] Failed to load resource: net::ERR_CONNECTION_REFUSED @ http://localhost:3001/__tsd/console-pipe/sse:0
[ 9001542ms] [ERROR] Failed to load resource: net::ERR_CONNECTION_REFUSED @ http://localhost:3001/__tsd/console-pipe/sse:0
[ 9004545ms] [ERROR] Failed to load resource: net::ERR_CONNECTION_REFUSED @ http://localhost:3001/__tsd/console-pipe/sse:0
[ 9005776ms] [ERROR] Failed to load resource: net::ERR_CONNECTION_REFUSED @ http://localhost:3001/api/cloud/task-notifications:0
[ 9007548ms] [ERROR] Failed to load resource: net::ERR_CONNECTION_REFUSED @ http://localhost:3001/__tsd/console-pipe/sse:0
[ 9010550ms] [ERROR] Failed to load resource: net::ERR_CONNECTION_REFUSED @ http://localhost:3001/__tsd/console-pipe/sse:0
[ 9013554ms] [ERROR] Failed to load resource: net::ERR_CONNECTION_REFUSED @ http://localhost:3001/__tsd/console-pipe/sse:0
[ 9016556ms] [ERROR] Failed to load resource: net::ERR_CONNECTION_REFUSED @ http://localhost:3001/__tsd/console-pipe/sse:0
[ 9019560ms] [ERROR] Failed to load resource: net::ERR_CONNECTION_REFUSED @ http://localhost:3001/__tsd/console-pipe/sse:0
[ 9020776ms] [ERROR] Failed to load resource: net::ERR_CONNECTION_REFUSED @ http://localhost:3001/api/cloud/task-notifications:0
[ 9022563ms] [ERROR] Failed to load resource: net::ERR_CONNECTION_REFUSED @ http://localhost:3001/__tsd/console-pipe/sse:0
[ 9025566ms] [ERROR] Failed to load resource: net::ERR_CONNECTION_REFUSED @ http://localhost:3001/__tsd/console-pipe/sse:0
[ 9028568ms] [ERROR] Failed to load resource: net::ERR_CONNECTION_REFUSED @ http://localhost:3001/__tsd/console-pipe/sse:0
[ 9031571ms] [ERROR] Failed to load resource: net::ERR_CONNECTION_REFUSED @ http://localhost:3001/__tsd/console-pipe/sse:0
[ 9034574ms] [ERROR] Failed to load resource: net::ERR_CONNECTION_REFUSED @ http://localhost:3001/__tsd/console-pipe/sse:0
[ 9035776ms] [ERROR] Failed to load resource: net::ERR_CONNECTION_REFUSED @ http://localhost:3001/api/cloud/task-notifications:0
[ 9037578ms] [ERROR] Failed to load resource: net::ERR_CONNECTION_REFUSED @ http://localhost:3001/__tsd/console-pipe/sse:0
[ 9040582ms] [ERROR] Failed to load resource: net::ERR_CONNECTION_REFUSED @ http://localhost:3001/__tsd/console-pipe/sse:0
[ 9043587ms] [ERROR] Failed to load resource: net::ERR_CONNECTION_REFUSED @ http://localhost:3001/__tsd/console-pipe/sse:0
[ 9046903ms] [ERROR] Failed to load resource: net::ERR_CONNECTION_REFUSED @ http://localhost:3001/__tsd/console-pipe/sse:0
[ 9049906ms] [ERROR] Failed to load resource: net::ERR_CONNECTION_REFUSED @ http://localhost:3001/__tsd/console-pipe/sse:0
[ 9050778ms] [ERROR] Failed to load resource: net::ERR_CONNECTION_REFUSED @ http://localhost:3001/api/cloud/task-notifications:0
[ 9052908ms] [ERROR] Failed to load resource: net::ERR_CONNECTION_REFUSED @ http://localhost:3001/__tsd/console-pipe/sse:0
[ 9497312ms] [ERROR] Failed to load resource: net::ERR_CONNECTION_REFUSED @ http://localhost:3001/__tsd/console-pipe/sse:0
[ 9500316ms] [ERROR] Failed to load resource: net::ERR_CONNECTION_REFUSED @ http://localhost:3001/__tsd/console-pipe/sse:0
[ 9503319ms] [ERROR] Failed to load resource: net::ERR_CONNECTION_REFUSED @ http://localhost:3001/__tsd/console-pipe/sse:0
[ 9506323ms] [ERROR] Failed to load resource: net::ERR_CONNECTION_REFUSED @ http://localhost:3001/__tsd/console-pipe/sse:0
[ 9507173ms] [ERROR] Failed to load resource: net::ERR_CONNECTION_REFUSED @ http://localhost:3001/api/cloud/task-notifications:0
[ 9509325ms] [ERROR] Failed to load resource: net::ERR_CONNECTION_REFUSED @ http://localhost:3001/__tsd/console-pipe/sse:0
[ 9512328ms] [ERROR] Failed to load resource: net::ERR_CONNECTION_REFUSED @ http://localhost:3001/__tsd/console-pipe/sse:0
[ 9515332ms] [ERROR] Failed to load resource: net::ERR_CONNECTION_REFUSED @ http://localhost:3001/__tsd/console-pipe/sse:0
[ 9518336ms] [ERROR] Failed to load resource: net::ERR_CONNECTION_REFUSED @ http://localhost:3001/__tsd/console-pipe/sse:0
[ 9521340ms] [ERROR] Failed to load resource: net::ERR_CONNECTION_REFUSED @ http://localhost:3001/__tsd/console-pipe/sse:0
[ 9522168ms] [ERROR] Failed to load resource: net::ERR_CONNECTION_REFUSED @ http://localhost:3001/api/cloud/task-notifications:0
[ 9524344ms] [ERROR] Failed to load resource: net::ERR_CONNECTION_REFUSED @ http://localhost:3001/__tsd/console-pipe/sse:0
[ 9527348ms] [ERROR] Failed to load resource: net::ERR_CONNECTION_REFUSED @ http://localhost:3001/__tsd/console-pipe/sse:0
[ 9530352ms] [ERROR] Failed to load resource: net::ERR_CONNECTION_REFUSED @ http://localhost:3001/__tsd/console-pipe/sse:0
[ 9533355ms] [ERROR] Failed to load resource: net::ERR_CONNECTION_REFUSED @ http://localhost:3001/__tsd/console-pipe/sse:0
[ 9536359ms] [ERROR] Failed to load resource: net::ERR_CONNECTION_REFUSED @ http://localhost:3001/__tsd/console-pipe/sse:0
[ 9537165ms] [ERROR] Failed to load resource: net::ERR_CONNECTION_REFUSED @ http://localhost:3001/api/cloud/task-notifications:0
[ 9539364ms] [ERROR] Failed to load resource: net::ERR_CONNECTION_REFUSED @ http://localhost:3001/__tsd/console-pipe/sse:0
[ 9542369ms] [ERROR] Failed to load resource: net::ERR_CONNECTION_REFUSED @ http://localhost:3001/__tsd/console-pipe/sse:0
[ 9545373ms] [ERROR] Failed to load resource: net::ERR_CONNECTION_REFUSED @ http://localhost:3001/__tsd/console-pipe/sse:0
[ 9548377ms] [ERROR] Failed to load resource: net::ERR_CONNECTION_REFUSED @ http://localhost:3001/__tsd/console-pipe/sse:0
[ 9551380ms] [ERROR] Failed to load resource: net::ERR_CONNECTION_REFUSED @ http://localhost:3001/__tsd/console-pipe/sse:0
[ 9552165ms] [ERROR] Failed to load resource: net::ERR_CONNECTION_REFUSED @ http://localhost:3001/api/cloud/task-notifications:0
[ 9554385ms] [ERROR] Failed to load resource: net::ERR_CONNECTION_REFUSED @ http://localhost:3001/__tsd/console-pipe/sse:0
[ 9557388ms] [ERROR] Failed to load resource: net::ERR_CONNECTION_REFUSED @ http://localhost:3001/__tsd/console-pipe/sse:0
[ 9560391ms] [ERROR] Failed to load resource: net::ERR_CONNECTION_REFUSED @ http://localhost:3001/__tsd/console-pipe/sse:0
[ 9563396ms] [ERROR] Failed to load resource: net::ERR_CONNECTION_REFUSED @ http://localhost:3001/__tsd/console-pipe/sse:0
[ 9566400ms] [ERROR] Failed to load resource: net::ERR_CONNECTION_REFUSED @ http://localhost:3001/__tsd/console-pipe/sse:0
[ 9567164ms] [ERROR] Failed to load resource: net::ERR_CONNECTION_REFUSED @ http://localhost:3001/api/cloud/task-notifications:0
[ 9569404ms] [ERROR] Failed to load resource: net::ERR_CONNECTION_REFUSED @ http://localhost:3001/__tsd/console-pipe/sse:0
[ 9572408ms] [ERROR] Failed to load resource: net::ERR_CONNECTION_REFUSED @ http://localhost:3001/__tsd/console-pipe/sse:0
[ 9575412ms] [ERROR] Failed to load resource: net::ERR_CONNECTION_REFUSED @ http://localhost:3001/__tsd/console-pipe/sse:0
[ 9578416ms] [ERROR] Failed to load resource: net::ERR_CONNECTION_REFUSED @ http://localhost:3001/__tsd/console-pipe/sse:0
[ 9581418ms] [ERROR] Failed to load resource: net::ERR_CONNECTION_REFUSED @ http://localhost:3001/__tsd/console-pipe/sse:0
[ 9582164ms] [ERROR] Failed to load resource: net::ERR_CONNECTION_REFUSED @ http://localhost:3001/api/cloud/task-notifications:0
[ 9609983ms] [ERROR] Failed to load resource: net::ERR_CONNECTION_REFUSED @ http://localhost:3001/__tsd/console-pipe/sse:0
[ 9612985ms] [ERROR] Failed to load resource: net::ERR_CONNECTION_REFUSED @ http://localhost:3001/__tsd/console-pipe/sse:0
[ 9615988ms] [ERROR] Failed to load resource: net::ERR_CONNECTION_REFUSED @ http://localhost:3001/__tsd/console-pipe/sse:0
[ 9618989ms] [ERROR] Failed to load resource: net::ERR_CONNECTION_REFUSED @ http://localhost:3001/__tsd/console-pipe/sse:0
[10195183ms] [ERROR] Failed to load resource: net::ERR_CONNECTION_REFUSED @ http://localhost:3001/__tsd/console-pipe/sse:0
[10195919ms] [ERROR] Failed to load resource: net::ERR_CONNECTION_REFUSED @ http://localhost:3001/api/cloud/task-notifications:0
[10198186ms] [ERROR] Failed to load resource: net::ERR_CONNECTION_REFUSED @ http://localhost:3001/__tsd/console-pipe/sse:0
[10201191ms] [ERROR] Failed to load resource: net::ERR_CONNECTION_REFUSED @ http://localhost:3001/__tsd/console-pipe/sse:0
[10204193ms] [ERROR] Failed to load resource: net::ERR_CONNECTION_REFUSED @ http://localhost:3001/__tsd/console-pipe/sse:0
[10207196ms] [ERROR] Failed to load resource: net::ERR_CONNECTION_REFUSED @ http://localhost:3001/__tsd/console-pipe/sse:0
[10210199ms] [ERROR] Failed to load resource: net::ERR_CONNECTION_REFUSED @ http://localhost:3001/__tsd/console-pipe/sse:0
[10210918ms] [ERROR] Failed to load resource: net::ERR_CONNECTION_REFUSED @ http://localhost:3001/api/cloud/task-notifications:0
[10213203ms] [ERROR] Failed to load resource: net::ERR_CONNECTION_REFUSED @ http://localhost:3001/__tsd/console-pipe/sse:0
[10374644ms] [ERROR] Failed to load resource: net::ERR_CONNECTION_REFUSED @ http://localhost:3001/__tsd/console-pipe/sse:0
[10377648ms] [ERROR] Failed to load resource: net::ERR_CONNECTION_REFUSED @ http://localhost:3001/__tsd/console-pipe/sse:0
[10380652ms] [ERROR] Failed to load resource: net::ERR_CONNECTION_REFUSED @ http://localhost:3001/__tsd/console-pipe/sse:0
[10467962ms] [ERROR] Failed to load resource: net::ERR_CONNECTION_REFUSED @ http://localhost:3001/__tsd/console-pipe/sse:0
[10469348ms] [ERROR] Failed to load resource: net::ERR_CONNECTION_REFUSED @ http://localhost:3001/api/cloud/task-notifications:0
[10470969ms] [ERROR] Failed to load resource: net::ERR_CONNECTION_REFUSED @ http://localhost:3001/__tsd/console-pipe/sse:0
[10473972ms] [ERROR] Failed to load resource: net::ERR_CONNECTION_REFUSED @ http://localhost:3001/__tsd/console-pipe/sse:0
[10476975ms] [ERROR] Failed to load resource: net::ERR_CONNECTION_REFUSED @ http://localhost:3001/__tsd/console-pipe/sse:0
[10479978ms] [ERROR] Failed to load resource: net::ERR_CONNECTION_REFUSED @ http://localhost:3001/__tsd/console-pipe/sse:0
[10482982ms] [ERROR] Failed to load resource: net::ERR_CONNECTION_REFUSED @ http://localhost:3001/__tsd/console-pipe/sse:0
[10483662ms] [ERROR] Failed to load resource: net::ERR_CONNECTION_REFUSED @ http://localhost:3001/api/cloud/task-notifications:0
[10485986ms] [ERROR] Failed to load resource: net::ERR_CONNECTION_REFUSED @ http://localhost:3001/__tsd/console-pipe/sse:0
[10488990ms] [ERROR] Failed to load resource: net::ERR_CONNECTION_REFUSED @ http://localhost:3001/__tsd/console-pipe/sse:0
[10491992ms] [ERROR] Failed to load resource: net::ERR_CONNECTION_REFUSED @ http://localhost:3001/__tsd/console-pipe/sse:0
[10494996ms] [ERROR] Failed to load resource: net::ERR_CONNECTION_REFUSED @ http://localhost:3001/__tsd/console-pipe/sse:0
[10497997ms] [ERROR] Failed to load resource: net::ERR_CONNECTION_REFUSED @ http://localhost:3001/__tsd/console-pipe/sse:0
[10498661ms] [ERROR] Failed to load resource: net::ERR_CONNECTION_REFUSED @ http://localhost:3001/api/cloud/task-notifications:0
[10501000ms] [ERROR] Failed to load resource: net::ERR_CONNECTION_REFUSED @ http://localhost:3001/__tsd/console-pipe/sse:0
[10504003ms] [ERROR] Failed to load resource: net::ERR_CONNECTION_REFUSED @ http://localhost:3001/__tsd/console-pipe/sse:0
[10507007ms] [ERROR] Failed to load resource: net::ERR_CONNECTION_REFUSED @ http://localhost:3001/__tsd/console-pipe/sse:0
[10510009ms] [ERROR] Failed to load resource: net::ERR_CONNECTION_REFUSED @ http://localhost:3001/__tsd/console-pipe/sse:0
[10513011ms] [ERROR] Failed to load resource: net::ERR_CONNECTION_REFUSED @ http://localhost:3001/__tsd/console-pipe/sse:0
[10513660ms] [ERROR] Failed to load resource: net::ERR_CONNECTION_REFUSED @ http://localhost:3001/api/cloud/task-notifications:0
[10516014ms] [ERROR] Failed to load resource: net::ERR_CONNECTION_REFUSED @ http://localhost:3001/__tsd/console-pipe/sse:0
[10519017ms] [ERROR] Failed to load resource: net::ERR_CONNECTION_REFUSED @ http://localhost:3001/__tsd/console-pipe/sse:0
[10522021ms] [ERROR] Failed to load resource: net::ERR_CONNECTION_REFUSED @ http://localhost:3001/__tsd/console-pipe/sse:0
[10525023ms] [ERROR] Failed to load resource: net::ERR_CONNECTION_REFUSED @ http://localhost:3001/__tsd/console-pipe/sse:0
[10528025ms] [ERROR] Failed to load resource: net::ERR_CONNECTION_REFUSED @ http://localhost:3001/__tsd/console-pipe/sse:0
[10528660ms] [ERROR] Failed to load resource: net::ERR_CONNECTION_REFUSED @ http://localhost:3001/api/cloud/task-notifications:0
[10531028ms] [ERROR] Failed to load resource: net::ERR_CONNECTION_REFUSED @ http://localhost:3001/__tsd/console-pipe/sse:0
[10534030ms] [ERROR] Failed to load resource: net::ERR_CONNECTION_REFUSED @ http://localhost:3001/__tsd/console-pipe/sse:0
[10537034ms] [ERROR] Failed to load resource: net::ERR_CONNECTION_REFUSED @ http://localhost:3001/__tsd/console-pipe/sse:0
[10540038ms] [ERROR] Failed to load resource: net::ERR_CONNECTION_REFUSED @ http://localhost:3001/__tsd/console-pipe/sse:0
[10543042ms] [ERROR] Failed to load resource: net::ERR_CONNECTION_REFUSED @ http://localhost:3001/__tsd/console-pipe/sse:0
[10543661ms] [ERROR] Failed to load resource: net::ERR_CONNECTION_REFUSED @ http://localhost:3001/api/cloud/task-notifications:0
[10546044ms] [ERROR] Failed to load resource: net::ERR_CONNECTION_REFUSED @ http://localhost:3001/__tsd/console-pipe/sse:0
[10549047ms] [ERROR] Failed to load resource: net::ERR_CONNECTION_REFUSED @ http://localhost:3001/__tsd/console-pipe/sse:0
[10552049ms] [ERROR] Failed to load resource: net::ERR_CONNECTION_REFUSED @ http://localhost:3001/__tsd/console-pipe/sse:0
[10555051ms] [ERROR] Failed to load resource: net::ERR_CONNECTION_REFUSED @ http://localhost:3001/__tsd/console-pipe/sse:0
[10558054ms] [ERROR] Failed to load resource: net::ERR_CONNECTION_REFUSED @ http://localhost:3001/__tsd/console-pipe/sse:0
[10558666ms] [ERROR] Failed to load resource: net::ERR_CONNECTION_REFUSED @ http://localhost:3001/api/cloud/task-notifications:0
[10561056ms] [ERROR] Failed to load resource: net::ERR_CONNECTION_REFUSED @ http://localhost:3001/__tsd/console-pipe/sse:0
[10564076ms] [ERROR] Failed to load resource: net::ERR_CONNECTION_REFUSED @ http://localhost:3001/__tsd/console-pipe/sse:0
[10567079ms] [ERROR] Failed to load resource: net::ERR_CONNECTION_REFUSED @ http://localhost:3001/__tsd/console-pipe/sse:0
[10570081ms] [ERROR] Failed to load resource: net::ERR_CONNECTION_REFUSED @ http://localhost:3001/__tsd/console-pipe/sse:0
[10573084ms] [ERROR] Failed to load resource: net::ERR_CONNECTION_REFUSED @ http://localhost:3001/__tsd/console-pipe/sse:0
[10573663ms] [ERROR] Failed to load resource: net::ERR_CONNECTION_REFUSED @ http://localhost:3001/api/cloud/task-notifications:0
[10576088ms] [ERROR] Failed to load resource: net::ERR_CONNECTION_REFUSED @ http://localhost:3001/__tsd/console-pipe/sse:0
[10579092ms] [ERROR] Failed to load resource: net::ERR_CONNECTION_REFUSED @ http://localhost:3001/__tsd/console-pipe/sse:0
[10582095ms] [ERROR] Failed to load resource: net::ERR_CONNECTION_REFUSED @ http://localhost:3001/__tsd/console-pipe/sse:0
[10585098ms] [ERROR] Failed to load resource: net::ERR_CONNECTION_REFUSED @ http://localhost:3001/__tsd/console-pipe/sse:0
[10588100ms] [ERROR] Failed to load resource: net::ERR_CONNECTION_REFUSED @ http://localhost:3001/__tsd/console-pipe/sse:0
[10588661ms] [ERROR] Failed to load resource: net::ERR_CONNECTION_REFUSED @ http://localhost:3001/api/cloud/task-notifications:0
[10591105ms] [ERROR] Failed to load resource: net::ERR_CONNECTION_REFUSED @ http://localhost:3001/__tsd/console-pipe/sse:0
[10594107ms] [ERROR] Failed to load resource: net::ERR_CONNECTION_REFUSED @ http://localhost:3001/__tsd/console-pipe/sse:0
[10597110ms] [ERROR] Failed to load resource: net::ERR_CONNECTION_REFUSED @ http://localhost:3001/__tsd/console-pipe/sse:0
[10600113ms] [ERROR] Failed to load resource: net::ERR_CONNECTION_REFUSED @ http://localhost:3001/__tsd/console-pipe/sse:0
[10603115ms] [ERROR] Failed to load resource: net::ERR_CONNECTION_REFUSED @ http://localhost:3001/__tsd/console-pipe/sse:0
[10603659ms] [ERROR] Failed to load resource: net::ERR_CONNECTION_REFUSED @ http://localhost:3001/api/cloud/task-notifications:0
[10606119ms] [ERROR] Failed to load resource: net::ERR_CONNECTION_REFUSED @ http://localhost:3001/__tsd/console-pipe/sse:0
[10609121ms] [ERROR] Failed to load resource: net::ERR_CONNECTION_REFUSED @ http://localhost:3001/__tsd/console-pipe/sse:0
[10612123ms] [ERROR] Failed to load resource: net::ERR_CONNECTION_REFUSED @ http://localhost:3001/__tsd/console-pipe/sse:0
[10615125ms] [ERROR] Failed to load resource: net::ERR_CONNECTION_REFUSED @ http://localhost:3001/__tsd/console-pipe/sse:0
[10618127ms] [ERROR] Failed to load resource: net::ERR_CONNECTION_REFUSED @ http://localhost:3001/__tsd/console-pipe/sse:0
[10618662ms] [ERROR] Failed to load resource: net::ERR_CONNECTION_REFUSED @ http://localhost:3001/api/cloud/task-notifications:0
[10621131ms] [ERROR] Failed to load resource: net::ERR_CONNECTION_REFUSED @ http://localhost:3001/__tsd/console-pipe/sse:0
[10624133ms] [ERROR] Failed to load resource: net::ERR_CONNECTION_REFUSED @ http://localhost:3001/__tsd/console-pipe/sse:0
[10627136ms] [ERROR] Failed to load resource: net::ERR_CONNECTION_REFUSED @ http://localhost:3001/__tsd/console-pipe/sse:0
[10630138ms] [ERROR] Failed to load resource: net::ERR_CONNECTION_REFUSED @ http://localhost:3001/__tsd/console-pipe/sse:0
[10633141ms] [ERROR] Failed to load resource: net::ERR_CONNECTION_REFUSED @ http://localhost:3001/__tsd/console-pipe/sse:0
[10633663ms] [ERROR] Failed to load resource: net::ERR_CONNECTION_REFUSED @ http://localhost:3001/api/cloud/task-notifications:0
[10636144ms] [ERROR] Failed to load resource: net::ERR_CONNECTION_REFUSED @ http://localhost:3001/__tsd/console-pipe/sse:0
[10639147ms] [ERROR] Failed to load resource: net::ERR_CONNECTION_REFUSED @ http://localhost:3001/__tsd/console-pipe/sse:0
[10642148ms] [ERROR] Failed to load resource: net::ERR_CONNECTION_REFUSED @ http://localhost:3001/__tsd/console-pipe/sse:0
[10645151ms] [ERROR] Failed to load resource: net::ERR_CONNECTION_REFUSED @ http://localhost:3001/__tsd/console-pipe/sse:0
[10648153ms] [ERROR] Failed to load resource: net::ERR_CONNECTION_REFUSED @ http://localhost:3001/__tsd/console-pipe/sse:0
[10648660ms] [ERROR] Failed to load resource: net::ERR_CONNECTION_REFUSED @ http://localhost:3001/api/cloud/task-notifications:0
[10651156ms] [ERROR] Failed to load resource: net::ERR_CONNECTION_REFUSED @ http://localhost:3001/__tsd/console-pipe/sse:0
[10654158ms] [ERROR] Failed to load resource: net::ERR_CONNECTION_REFUSED @ http://localhost:3001/__tsd/console-pipe/sse:0
[10657160ms] [ERROR] Failed to load resource: net::ERR_CONNECTION_REFUSED @ http://localhost:3001/__tsd/console-pipe/sse:0
[10660162ms] [ERROR] Failed to load resource: net::ERR_CONNECTION_REFUSED @ http://localhost:3001/__tsd/console-pipe/sse:0
[10663164ms] [ERROR] Failed to load resource: net::ERR_CONNECTION_REFUSED @ http://localhost:3001/__tsd/console-pipe/sse:0
[10663660ms] [ERROR] Failed to load resource: net::ERR_CONNECTION_REFUSED @ http://localhost:3001/api/cloud/task-notifications:0
[10666166ms] [ERROR] Failed to load resource: net::ERR_CONNECTION_REFUSED @ http://localhost:3001/__tsd/console-pipe/sse:0
[10669168ms] [ERROR] Failed to load resource: net::ERR_CONNECTION_REFUSED @ http://localhost:3001/__tsd/console-pipe/sse:0
[10672170ms] [ERROR] Failed to load resource: net::ERR_CONNECTION_REFUSED @ http://localhost:3001/__tsd/console-pipe/sse:0
[10675173ms] [ERROR] Failed to load resource: net::ERR_CONNECTION_REFUSED @ http://localhost:3001/__tsd/console-pipe/sse:0
[10678174ms] [ERROR] Failed to load resource: net::ERR_CONNECTION_REFUSED @ http://localhost:3001/__tsd/console-pipe/sse:0
[10678661ms] [ERROR] Failed to load resource: net::ERR_CONNECTION_REFUSED @ http://localhost:3001/api/cloud/task-notifications:0
[10681176ms] [ERROR] Failed to load resource: net::ERR_CONNECTION_REFUSED @ http://localhost:3001/__tsd/console-pipe/sse:0
[10684178ms] [ERROR] Failed to load resource: net::ERR_CONNECTION_REFUSED @ http://localhost:3001/__tsd/console-pipe/sse:0
[10687180ms] [ERROR] Failed to load resource: net::ERR_CONNECTION_REFUSED @ http://localhost:3001/__tsd/console-pipe/sse:0
[10690182ms] [ERROR] Failed to load resource: net::ERR_CONNECTION_REFUSED @ http://localhost:3001/__tsd/console-pipe/sse:0
[10693184ms] [ERROR] Failed to load resource: net::ERR_CONNECTION_REFUSED @ http://localhost:3001/__tsd/console-pipe/sse:0
[10693660ms] [ERROR] Failed to load resource: net::ERR_CONNECTION_REFUSED @ http://localhost:3001/api/cloud/task-notifications:0
[10696186ms] [ERROR] Failed to load resource: net::ERR_CONNECTION_REFUSED @ http://localhost:3001/__tsd/console-pipe/sse:0
[10699189ms] [ERROR] Failed to load resource: net::ERR_CONNECTION_REFUSED @ http://localhost:3001/__tsd/console-pipe/sse:0
[10702190ms] [ERROR] Failed to load resource: net::ERR_CONNECTION_REFUSED @ http://localhost:3001/__tsd/console-pipe/sse:0
[10705193ms] [ERROR] Failed to load resource: net::ERR_CONNECTION_REFUSED @ http://localhost:3001/__tsd/console-pipe/sse:0
[10708194ms] [ERROR] Failed to load resource: net::ERR_CONNECTION_REFUSED @ http://localhost:3001/__tsd/console-pipe/sse:0
[10708660ms] [ERROR] Failed to load resource: net::ERR_CONNECTION_REFUSED @ http://localhost:3001/api/cloud/task-notifications:0
[10711197ms] [ERROR] Failed to load resource: net::ERR_CONNECTION_REFUSED @ http://localhost:3001/__tsd/console-pipe/sse:0
[10714199ms] [ERROR] Failed to load resource: net::ERR_CONNECTION_REFUSED @ http://localhost:3001/__tsd/console-pipe/sse:0
[10717201ms] [ERROR] Failed to load resource: net::ERR_CONNECTION_REFUSED @ http://localhost:3001/__tsd/console-pipe/sse:0
[10720203ms] [ERROR] Failed to load resource: net::ERR_CONNECTION_REFUSED @ http://localhost:3001/__tsd/console-pipe/sse:0
[10723205ms] [ERROR] Failed to load resource: net::ERR_CONNECTION_REFUSED @ http://localhost:3001/__tsd/console-pipe/sse:0
[10723661ms] [ERROR] Failed to load resource: net::ERR_CONNECTION_REFUSED @ http://localhost:3001/api/cloud/task-notifications:0
[10726206ms] [ERROR] Failed to load resource: net::ERR_CONNECTION_REFUSED @ http://localhost:3001/__tsd/console-pipe/sse:0
[10729208ms] [ERROR] Failed to load resource: net::ERR_CONNECTION_REFUSED @ http://localhost:3001/__tsd/console-pipe/sse:0
[10732210ms] [ERROR] Failed to load resource: net::ERR_CONNECTION_REFUSED @ http://localhost:3001/__tsd/console-pipe/sse:0
[10735212ms] [ERROR] Failed to load resource: net::ERR_CONNECTION_REFUSED @ http://localhost:3001/__tsd/console-pipe/sse:0
[10738213ms] [ERROR] Failed to load resource: net::ERR_CONNECTION_REFUSED @ http://localhost:3001/__tsd/console-pipe/sse:0
[10738660ms] [ERROR] Failed to load resource: net::ERR_CONNECTION_REFUSED @ http://localhost:3001/api/cloud/task-notifications:0
[10741216ms] [ERROR] Failed to load resource: net::ERR_CONNECTION_REFUSED @ http://localhost:3001/__tsd/console-pipe/sse:0
[10744218ms] [ERROR] Failed to load resource: net::ERR_CONNECTION_REFUSED @ http://localhost:3001/__tsd/console-pipe/sse:0
[10747223ms] [ERROR] Failed to load resource: net::ERR_CONNECTION_REFUSED @ http://localhost:3001/__tsd/console-pipe/sse:0
[10750226ms] [ERROR] Failed to load resource: net::ERR_CONNECTION_REFUSED @ http://localhost:3001/__tsd/console-pipe/sse:0
[10753227ms] [ERROR] Failed to load resource: net::ERR_CONNECTION_REFUSED @ http://localhost:3001/__tsd/console-pipe/sse:0
[10753661ms] [ERROR] Failed to load resource: net::ERR_CONNECTION_REFUSED @ http://localhost:3001/api/cloud/task-notifications:0
[10756232ms] [ERROR] Failed to load resource: net::ERR_CONNECTION_REFUSED @ http://localhost:3001/__tsd/console-pipe/sse:0
[10759234ms] [ERROR] Failed to load resource: net::ERR_CONNECTION_REFUSED @ http://localhost:3001/__tsd/console-pipe/sse:0
[10762237ms] [ERROR] Failed to load resource: net::ERR_CONNECTION_REFUSED @ http://localhost:3001/__tsd/console-pipe/sse:0
[10765240ms] [ERROR] Failed to load resource: net::ERR_CONNECTION_REFUSED @ http://localhost:3001/__tsd/console-pipe/sse:0
[10768242ms] [ERROR] Failed to load resource: net::ERR_CONNECTION_REFUSED @ http://localhost:3001/__tsd/console-pipe/sse:0
[10768661ms] [ERROR] Failed to load resource: net::ERR_CONNECTION_REFUSED @ http://localhost:3001/api/cloud/task-notifications:0
[10771245ms] [ERROR] Failed to load resource: net::ERR_CONNECTION_REFUSED @ http://localhost:3001/__tsd/console-pipe/sse:0
[10774246ms] [ERROR] Failed to load resource: net::ERR_CONNECTION_REFUSED @ http://localhost:3001/__tsd/console-pipe/sse:0
[10777248ms] [ERROR] Failed to load resource: net::ERR_CONNECTION_REFUSED @ http://localhost:3001/__tsd/console-pipe/sse:0
[10780251ms] [ERROR] Failed to load resource: net::ERR_CONNECTION_REFUSED @ http://localhost:3001/__tsd/console-pipe/sse:0
[10783254ms] [ERROR] Failed to load resource: net::ERR_CONNECTION_REFUSED @ http://localhost:3001/__tsd/console-pipe/sse:0
[10783662ms] [ERROR] Failed to load resource: net::ERR_CONNECTION_REFUSED @ http://localhost:3001/api/cloud/task-notifications:0
[10786256ms] [ERROR] Failed to load resource: net::ERR_CONNECTION_REFUSED @ http://localhost:3001/__tsd/console-pipe/sse:0
[10789258ms] [ERROR] Failed to load resource: net::ERR_CONNECTION_REFUSED @ http://localhost:3001/__tsd/console-pipe/sse:0
[10792260ms] [ERROR] Failed to load resource: net::ERR_CONNECTION_REFUSED @ http://localhost:3001/__tsd/console-pipe/sse:0
[10795263ms] [ERROR] Failed to load resource: net::ERR_CONNECTION_REFUSED @ http://localhost:3001/__tsd/console-pipe/sse:0
[10798266ms] [ERROR] Failed to load resource: net::ERR_CONNECTION_REFUSED @ http://localhost:3001/__tsd/console-pipe/sse:0
[10798661ms] [ERROR] Failed to load resource: net::ERR_CONNECTION_REFUSED @ http://localhost:3001/api/cloud/task-notifications:0
[10801268ms] [ERROR] Failed to load resource: net::ERR_CONNECTION_REFUSED @ http://localhost:3001/__tsd/console-pipe/sse:0
[10804274ms] [ERROR] Failed to load resource: net::ERR_CONNECTION_REFUSED @ http://localhost:3001/__tsd/console-pipe/sse:0
[10807276ms] [ERROR] Failed to load resource: net::ERR_CONNECTION_REFUSED @ http://localhost:3001/__tsd/console-pipe/sse:0
[10810279ms] [ERROR] Failed to load resource: net::ERR_CONNECTION_REFUSED @ http://localhost:3001/__tsd/console-pipe/sse:0
[10813282ms] [ERROR] Failed to load resource: net::ERR_CONNECTION_REFUSED @ http://localhost:3001/__tsd/console-pipe/sse:0
[10813660ms] [ERROR] Failed to load resource: net::ERR_CONNECTION_REFUSED @ http://localhost:3001/api/cloud/task-notifications:0
[10816285ms] [ERROR] Failed to load resource: net::ERR_CONNECTION_REFUSED @ http://localhost:3001/__tsd/console-pipe/sse:0
[10819289ms] [ERROR] Failed to load resource: net::ERR_CONNECTION_REFUSED @ http://localhost:3001/__tsd/console-pipe/sse:0
[10822292ms] [ERROR] Failed to load resource: net::ERR_CONNECTION_REFUSED @ http://localhost:3001/__tsd/console-pipe/sse:0
[10825295ms] [ERROR] Failed to load resource: net::ERR_CONNECTION_REFUSED @ http://localhost:3001/__tsd/console-pipe/sse:0
[10828297ms] [ERROR] Failed to load resource: net::ERR_CONNECTION_REFUSED @ http://localhost:3001/__tsd/console-pipe/sse:0
[10828661ms] [ERROR] Failed to load resource: net::ERR_CONNECTION_REFUSED @ http://localhost:3001/api/cloud/task-notifications:0
[10831300ms] [ERROR] Failed to load resource: net::ERR_CONNECTION_REFUSED @ http://localhost:3001/__tsd/console-pipe/sse:0
[10834302ms] [ERROR] Failed to load resource: net::ERR_CONNECTION_REFUSED @ http://localhost:3001/__tsd/console-pipe/sse:0
[10837305ms] [ERROR] Failed to load resource: net::ERR_CONNECTION_REFUSED @ http://localhost:3001/__tsd/console-pipe/sse:0
[10840307ms] [ERROR] Failed to load resource: net::ERR_CONNECTION_REFUSED @ http://localhost:3001/__tsd/console-pipe/sse:0
[10843308ms] [ERROR] Failed to load resource: net::ERR_CONNECTION_REFUSED @ http://localhost:3001/__tsd/console-pipe/sse:0
[10843661ms] [ERROR] Failed to load resource: net::ERR_CONNECTION_REFUSED @ http://localhost:3001/api/cloud/task-notifications:0
[10846310ms] [ERROR] Failed to load resource: net::ERR_CONNECTION_REFUSED @ http://localhost:3001/__tsd/console-pipe/sse:0
[10849312ms] [ERROR] Failed to load resource: net::ERR_CONNECTION_REFUSED @ http://localhost:3001/__tsd/console-pipe/sse:0
[10852314ms] [ERROR] Failed to load resource: net::ERR_CONNECTION_REFUSED @ http://localhost:3001/__tsd/console-pipe/sse:0
[10855316ms] [ERROR] Failed to load resource: net::ERR_CONNECTION_REFUSED @ http://localhost:3001/__tsd/console-pipe/sse:0
[10858318ms] [ERROR] Failed to load resource: net::ERR_CONNECTION_REFUSED @ http://localhost:3001/__tsd/console-pipe/sse:0
[10858662ms] [ERROR] Failed to load resource: net::ERR_CONNECTION_REFUSED @ http://localhost:3001/api/cloud/task-notifications:0
[10861321ms] [ERROR] Failed to load resource: net::ERR_CONNECTION_REFUSED @ http://localhost:3001/__tsd/console-pipe/sse:0
[10864324ms] [ERROR] Failed to load resource: net::ERR_CONNECTION_REFUSED @ http://localhost:3001/__tsd/console-pipe/sse:0
[10867326ms] [ERROR] Failed to load resource: net::ERR_CONNECTION_REFUSED @ http://localhost:3001/__tsd/console-pipe/sse:0
[10870328ms] [ERROR] Failed to load resource: net::ERR_CONNECTION_REFUSED @ http://localhost:3001/__tsd/console-pipe/sse:0
[10873330ms] [ERROR] Failed to load resource: net::ERR_CONNECTION_REFUSED @ http://localhost:3001/__tsd/console-pipe/sse:0
[10873660ms] [ERROR] Failed to load resource: net::ERR_CONNECTION_REFUSED @ http://localhost:3001/api/cloud/task-notifications:0
[10876336ms] [ERROR] Failed to load resource: net::ERR_CONNECTION_REFUSED @ http://localhost:3001/__tsd/console-pipe/sse:0
[10879339ms] [ERROR] Failed to load resource: net::ERR_CONNECTION_REFUSED @ http://localhost:3001/__tsd/console-pipe/sse:0
[10882341ms] [ERROR] Failed to load resource: net::ERR_CONNECTION_REFUSED @ http://localhost:3001/__tsd/console-pipe/sse:0
[10885344ms] [ERROR] Failed to load resource: net::ERR_CONNECTION_REFUSED @ http://localhost:3001/__tsd/console-pipe/sse:0
[10888347ms] [ERROR] Failed to load resource: net::ERR_CONNECTION_REFUSED @ http://localhost:3001/__tsd/console-pipe/sse:0
[10888662ms] [ERROR] Failed to load resource: net::ERR_CONNECTION_REFUSED @ http://localhost:3001/api/cloud/task-notifications:0
[10891351ms] [ERROR] Failed to load resource: net::ERR_CONNECTION_REFUSED @ http://localhost:3001/__tsd/console-pipe/sse:0
[10894356ms] [ERROR] Failed to load resource: net::ERR_CONNECTION_REFUSED @ http://localhost:3001/__tsd/console-pipe/sse:0
[10897359ms] [ERROR] Failed to load resource: net::ERR_CONNECTION_REFUSED @ http://localhost:3001/__tsd/console-pipe/sse:0
[10900365ms] [ERROR] Failed to load resource: net::ERR_CONNECTION_REFUSED @ http://localhost:3001/__tsd/console-pipe/sse:0
[10903377ms] [ERROR] Failed to load resource: net::ERR_CONNECTION_REFUSED @ http://localhost:3001/__tsd/console-pipe/sse:0
[10904062ms] [ERROR] Failed to load resource: net::ERR_CONNECTION_REFUSED @ http://localhost:3001/api/cloud/task-notifications:0
[10906391ms] [ERROR] Failed to load resource: net::ERR_CONNECTION_REFUSED @ http://localhost:3001/__tsd/console-pipe/sse:0
[10909394ms] [ERROR] Failed to load resource: net::ERR_CONNECTION_REFUSED @ http://localhost:3001/__tsd/console-pipe/sse:0
[10912396ms] [ERROR] Failed to load resource: net::ERR_CONNECTION_REFUSED @ http://localhost:3001/__tsd/console-pipe/sse:0
[10915399ms] [ERROR] Failed to load resource: net::ERR_CONNECTION_REFUSED @ http://localhost:3001/__tsd/console-pipe/sse:0
[10918401ms] [ERROR] Failed to load resource: net::ERR_CONNECTION_REFUSED @ http://localhost:3001/__tsd/console-pipe/sse:0
[10918661ms] [ERROR] Failed to load resource: net::ERR_CONNECTION_REFUSED @ http://localhost:3001/api/cloud/task-notifications:0
[10921405ms] [ERROR] Failed to load resource: net::ERR_CONNECTION_REFUSED @ http://localhost:3001/__tsd/console-pipe/sse:0
[10924407ms] [ERROR] Failed to load resource: net::ERR_CONNECTION_REFUSED @ http://localhost:3001/__tsd/console-pipe/sse:0
[10927410ms] [ERROR] Failed to load resource: net::ERR_CONNECTION_REFUSED @ http://localhost:3001/__tsd/console-pipe/sse:0
[10930412ms] [ERROR] Failed to load resource: net::ERR_CONNECTION_REFUSED @ http://localhost:3001/__tsd/console-pipe/sse:0
[10933415ms] [ERROR] Failed to load resource: net::ERR_CONNECTION_REFUSED @ http://localhost:3001/__tsd/console-pipe/sse:0
[10933661ms] [ERROR] Failed to load resource: net::ERR_CONNECTION_REFUSED @ http://localhost:3001/api/cloud/task-notifications:0
[10936419ms] [ERROR] Failed to load resource: net::ERR_CONNECTION_REFUSED @ http://localhost:3001/__tsd/console-pipe/sse:0
[10939422ms] [ERROR] Failed to load resource: net::ERR_CONNECTION_REFUSED @ http://localhost:3001/__tsd/console-pipe/sse:0
[10942635ms] [ERROR] Failed to load resource: net::ERR_CONNECTION_REFUSED @ http://localhost:3001/__tsd/console-pipe/sse:0
[10945639ms] [ERROR] Failed to load resource: net::ERR_CONNECTION_REFUSED @ http://localhost:3001/__tsd/console-pipe/sse:0
[10948641ms] [ERROR] Failed to load resource: net::ERR_CONNECTION_REFUSED @ http://localhost:3001/__tsd/console-pipe/sse:0
[10948664ms] [ERROR] Failed to load resource: net::ERR_CONNECTION_REFUSED @ http://localhost:3001/api/cloud/task-notifications:0
[10951644ms] [ERROR] Failed to load resource: net::ERR_CONNECTION_REFUSED @ http://localhost:3001/__tsd/console-pipe/sse:0
[10954647ms] [ERROR] Failed to load resource: net::ERR_CONNECTION_REFUSED @ http://localhost:3001/__tsd/console-pipe/sse:0
[10957650ms] [ERROR] Failed to load resource: net::ERR_CONNECTION_REFUSED @ http://localhost:3001/__tsd/console-pipe/sse:0
[10960652ms] [ERROR] Failed to load resource: net::ERR_CONNECTION_REFUSED @ http://localhost:3001/__tsd/console-pipe/sse:0
[10963657ms] [ERROR] Failed to load resource: net::ERR_CONNECTION_REFUSED @ http://localhost:3001/__tsd/console-pipe/sse:0
[10963661ms] [ERROR] Failed to load resource: net::ERR_CONNECTION_REFUSED @ http://localhost:3001/api/cloud/task-notifications:0
[10966659ms] [ERROR] Failed to load resource: net::ERR_CONNECTION_REFUSED @ http://localhost:3001/__tsd/console-pipe/sse:0
[10969661ms] [ERROR] Failed to load resource: net::ERR_CONNECTION_REFUSED @ http://localhost:3001/__tsd/console-pipe/sse:0
[10972664ms] [ERROR] Failed to load resource: net::ERR_CONNECTION_REFUSED @ http://localhost:3001/__tsd/console-pipe/sse:0
[10975666ms] [ERROR] Failed to load resource: net::ERR_CONNECTION_REFUSED @ http://localhost:3001/__tsd/console-pipe/sse:0
[10978661ms] [ERROR] Failed to load resource: net::ERR_CONNECTION_REFUSED @ http://localhost:3001/api/cloud/task-notifications:0
[10978668ms] [ERROR] Failed to load resource: net::ERR_CONNECTION_REFUSED @ http://localhost:3001/__tsd/console-pipe/sse:0
[10981672ms] [ERROR] Failed to load resource: net::ERR_CONNECTION_REFUSED @ http://localhost:3001/__tsd/console-pipe/sse:0
[10984675ms] [ERROR] Failed to load resource: net::ERR_CONNECTION_REFUSED @ http://localhost:3001/__tsd/console-pipe/sse:0
[10987677ms] [ERROR] Failed to load resource: net::ERR_CONNECTION_REFUSED @ http://localhost:3001/__tsd/console-pipe/sse:0
[10990680ms] [ERROR] Failed to load resource: net::ERR_CONNECTION_REFUSED @ http://localhost:3001/__tsd/console-pipe/sse:0
[10993662ms] [ERROR] Failed to load resource: net::ERR_CONNECTION_REFUSED @ http://localhost:3001/api/cloud/task-notifications:0
[10993682ms] [ERROR] Failed to load resource: net::ERR_CONNECTION_REFUSED @ http://localhost:3001/__tsd/console-pipe/sse:0
[10996683ms] [ERROR] Failed to load resource: net::ERR_CONNECTION_REFUSED @ http://localhost:3001/__tsd/console-pipe/sse:0
[10999690ms] [ERROR] Failed to load resource: net::ERR_CONNECTION_REFUSED @ http://localhost:3001/__tsd/console-pipe/sse:0
[11002692ms] [ERROR] Failed to load resource: net::ERR_CONNECTION_REFUSED @ http://localhost:3001/__tsd/console-pipe/sse:0
[11005695ms] [ERROR] Failed to load resource: net::ERR_CONNECTION_REFUSED @ http://localhost:3001/__tsd/console-pipe/sse:0
[11008661ms] [ERROR] Failed to load resource: net::ERR_CONNECTION_REFUSED @ http://localhost:3001/api/cloud/task-notifications:0
[11008698ms] [ERROR] Failed to load resource: net::ERR_CONNECTION_REFUSED @ http://localhost:3001/__tsd/console-pipe/sse:0
[11011700ms] [ERROR] Failed to load resource: net::ERR_CONNECTION_REFUSED @ http://localhost:3001/__tsd/console-pipe/sse:0
[11014706ms] [ERROR] Failed to load resource: net::ERR_CONNECTION_REFUSED @ http://localhost:3001/__tsd/console-pipe/sse:0
[11017709ms] [ERROR] Failed to load resource: net::ERR_CONNECTION_REFUSED @ http://localhost:3001/__tsd/console-pipe/sse:0
[11020710ms] [ERROR] Failed to load resource: net::ERR_CONNECTION_REFUSED @ http://localhost:3001/__tsd/console-pipe/sse:0
[11023660ms] [ERROR] Failed to load resource: net::ERR_CONNECTION_REFUSED @ http://localhost:3001/api/cloud/task-notifications:0
[11023711ms] [ERROR] Failed to load resource: net::ERR_CONNECTION_REFUSED @ http://localhost:3001/__tsd/console-pipe/sse:0
[11026713ms] [ERROR] Failed to load resource: net::ERR_CONNECTION_REFUSED @ http://localhost:3001/__tsd/console-pipe/sse:0
[11029715ms] [ERROR] Failed to load resource: net::ERR_CONNECTION_REFUSED @ http://localhost:3001/__tsd/console-pipe/sse:0
[11032717ms] [ERROR] Failed to load resource: net::ERR_CONNECTION_REFUSED @ http://localhost:3001/__tsd/console-pipe/sse:0
[11035719ms] [ERROR] Failed to load resource: net::ERR_CONNECTION_REFUSED @ http://localhost:3001/__tsd/console-pipe/sse:0
