[     982ms] [ERROR] Failed to load resource: the server responded with a status of 404 () @ http://localhost:3002/favicon.ico:0
[    2644ms] [INFO] %cDownload the React DevTools for a better development experience: https://react.dev/link/react-devtools font-weight:bold @ http://localhost:3002/node_modules/.vite/deps/react-dom_client.js?v=a41b5b22:20102
[    2648ms] [INFO] 🌐 i18next is made possible by our own product, Locize — consider powering your project with managed localization (AI, CDN, integrations): https://locize.com 💙 @ http://localhost:3002/node_modules/.vite/deps/chunk-EZBKAI6A.js?v=a41b5b22:1783
[    3315ms] [VERBOSE] [DOM] Input elements should have autocomplete attributes (suggested: "current-password"): (More info: https://goo.gl/9p2vKq) %o @ http://localhost:3002/tasks/workers:0
[  181245ms] [INFO] %cDownload the React DevTools for a better development experience: https://react.dev/link/react-devtools font-weight:bold @ http://localhost:3002/node_modules/.vite/deps/react-dom_client.js?v=a41b5b22:20102
[  181246ms] [INFO] 🌐 i18next is made possible by our own product, Locize — consider powering your project with managed localization (AI, CDN, integrations): https://locize.com 💙 @ http://localhost:3002/node_modules/.vite/deps/chunk-EZBKAI6A.js?v=a41b5b22:1783
[  318343ms] [INFO] %cDownload the React DevTools for a better development experience: https://react.dev/link/react-devtools font-weight:bold @ http://localhost:3002/node_modules/.vite/deps/react-dom_client.js?v=a41b5b22:20102
[  318345ms] [INFO] 🌐 i18next is made possible by our own product, Locize — consider powering your project with managed localization (AI, CDN, integrations): https://locize.com 💙 @ http://localhost:3002/node_modules/.vite/deps/chunk-EZBKAI6A.js?v=a41b5b22:1783
[  423496ms] [INFO] %cDownload the React DevTools for a better development experience: https://react.dev/link/react-devtools font-weight:bold @ http://localhost:3002/node_modules/.vite/deps/react-dom_client.js?v=a41b5b22:20102
[  423497ms] [INFO] 🌐 i18next is made possible by our own product, Locize — consider powering your project with managed localization (AI, CDN, integrations): https://locize.com 💙 @ http://localhost:3002/node_modules/.vite/deps/chunk-EZBKAI6A.js?v=a41b5b22:1783
[  430684ms] [LOG] [vite] server connection lost. Polling for restart... @ http://localhost:3002/src/routes/__root.tsx:54
[  430686ms] [ERROR] Failed to load resource: net::ERR_INCOMPLETE_CHUNKED_ENCODING @ http://localhost:3002/__tsd/console-pipe/sse:0
[  430786ms] [ERROR] Failed to load resource: net::ERR_CONNECTION_REFUSED @ http://localhost:3002/__tsd/console-pipe:0
[  433689ms] [ERROR] Failed to load resource: net::ERR_CONNECTION_REFUSED @ http://localhost:3002/__tsd/console-pipe/sse:0
[  436691ms] [ERROR] Failed to load resource: net::ERR_CONNECTION_REFUSED @ http://localhost:3002/__tsd/console-pipe/sse:0
[  439035ms] [ERROR] Failed to load resource: net::ERR_CONNECTION_REFUSED @ http://localhost:3002/api/cloud/task-notifications:0
[  439695ms] [ERROR] Failed to load resource: net::ERR_CONNECTION_REFUSED @ http://localhost:3002/__tsd/console-pipe/sse:0
[  442697ms] [ERROR] Failed to load resource: net::ERR_CONNECTION_REFUSED @ http://localhost:3002/__tsd/console-pipe/sse:0
[  445699ms] [ERROR] Failed to load resource: net::ERR_CONNECTION_REFUSED @ http://localhost:3002/__tsd/console-pipe/sse:0
[  448702ms] [ERROR] Failed to load resource: net::ERR_CONNECTION_REFUSED @ http://localhost:3002/__tsd/console-pipe/sse:0
[  451705ms] [ERROR] Failed to load resource: net::ERR_CONNECTION_REFUSED @ http://localhost:3002/__tsd/console-pipe/sse:0
[  454034ms] [ERROR] Failed to load resource: net::ERR_CONNECTION_REFUSED @ http://localhost:3002/api/cloud/task-notifications:0
[  454713ms] [ERROR] Failed to load resource: net::ERR_CONNECTION_REFUSED @ http://localhost:3002/__tsd/console-pipe/sse:0
[  457715ms] [ERROR] Failed to load resource: net::ERR_CONNECTION_REFUSED @ http://localhost:3002/__tsd/console-pipe/sse:0
[  460725ms] [ERROR] Failed to load resource: net::ERR_CONNECTION_REFUSED @ http://localhost:3002/__tsd/console-pipe/sse:0
[  463728ms] [ERROR] Failed to load resource: net::ERR_CONNECTION_REFUSED @ http://localhost:3002/__tsd/console-pipe/sse:0
[  466731ms] [ERROR] Failed to load resource: net::ERR_CONNECTION_REFUSED @ http://localhost:3002/__tsd/console-pipe/sse:0
[  469035ms] [ERROR] Failed to load resource: net::ERR_CONNECTION_REFUSED @ http://localhost:3002/api/cloud/task-notifications:0
[  469756ms] [ERROR] Failed to load resource: net::ERR_CONNECTION_REFUSED @ http://localhost:3002/__tsd/console-pipe/sse:0
[  472763ms] [ERROR] Failed to load resource: net::ERR_CONNECTION_REFUSED @ http://localhost:3002/__tsd/console-pipe/sse:0
[  475765ms] [ERROR] Failed to load resource: net::ERR_CONNECTION_REFUSED @ http://localhost:3002/__tsd/console-pipe/sse:0
[  478768ms] [ERROR] Failed to load resource: net::ERR_CONNECTION_REFUSED @ http://localhost:3002/__tsd/console-pipe/sse:0
[  481771ms] [ERROR] Failed to load resource: net::ERR_CONNECTION_REFUSED @ http://localhost:3002/__tsd/console-pipe/sse:0
[  484033ms] [ERROR] Failed to load resource: net::ERR_CONNECTION_REFUSED @ http://localhost:3002/api/cloud/task-notifications:0
[  484774ms] [ERROR] Failed to load resource: net::ERR_CONNECTION_REFUSED @ http://localhost:3002/__tsd/console-pipe/sse:0
[  487777ms] [ERROR] Failed to load resource: net::ERR_CONNECTION_REFUSED @ http://localhost:3002/__tsd/console-pipe/sse:0
[  490780ms] [ERROR] Failed to load resource: net::ERR_CONNECTION_REFUSED @ http://localhost:3002/__tsd/console-pipe/sse:0
[  493783ms] [ERROR] Failed to load resource: net::ERR_CONNECTION_REFUSED @ http://localhost:3002/__tsd/console-pipe/sse:0
[  496786ms] [ERROR] Failed to load resource: net::ERR_CONNECTION_REFUSED @ http://localhost:3002/__tsd/console-pipe/sse:0
[  499033ms] [ERROR] Failed to load resource: net::ERR_CONNECTION_REFUSED @ http://localhost:3002/api/cloud/task-notifications:0
[  499815ms] [ERROR] Failed to load resource: net::ERR_CONNECTION_REFUSED @ http://localhost:3002/__tsd/console-pipe/sse:0
[  502815ms] [ERROR] Failed to load resource: net::ERR_CONNECTION_REFUSED @ http://localhost:3002/__tsd/console-pipe/sse:0
[  505819ms] [ERROR] Failed to load resource: net::ERR_CONNECTION_REFUSED @ http://localhost:3002/__tsd/console-pipe/sse:0
[  508822ms] [ERROR] Failed to load resource: net::ERR_CONNECTION_REFUSED @ http://localhost:3002/__tsd/console-pipe/sse:0
[  511826ms] [ERROR] Failed to load resource: net::ERR_CONNECTION_REFUSED @ http://localhost:3002/__tsd/console-pipe/sse:0
[  514033ms] [ERROR] Failed to load resource: net::ERR_CONNECTION_REFUSED @ http://localhost:3002/api/cloud/task-notifications:0
[  514832ms] [ERROR] Failed to load resource: net::ERR_CONNECTION_REFUSED @ http://localhost:3002/__tsd/console-pipe/sse:0
[  518480ms] [ERROR] Failed to load resource: net::ERR_CONNECTION_REFUSED @ http://localhost:3002/__tsd/console-pipe/sse:0
[  521439ms] [ERROR] Failed to load resource: net::ERR_CONNECTION_REFUSED @ http://localhost:3002/__tsd/console-pipe/sse:0
[  524951ms] [ERROR] Failed to load resource: net::ERR_CONNECTION_REFUSED @ http://localhost:3002/__tsd/console-pipe/sse:0
[  528182ms] [ERROR] Failed to load resource: net::ERR_CONNECTION_REFUSED @ http://localhost:3002/__tsd/console-pipe/sse:0
[  529077ms] [ERROR] Failed to load resource: net::ERR_CONNECTION_REFUSED @ http://localhost:3002/api/cloud/task-notifications:0
[  531341ms] [ERROR] Failed to load resource: net::ERR_CONNECTION_REFUSED @ http://localhost:3002/__tsd/console-pipe/sse:0
[  534385ms] [ERROR] Failed to load resource: net::ERR_CONNECTION_REFUSED @ http://localhost:3002/__tsd/console-pipe/sse:0
[  537465ms] [ERROR] Failed to load resource: net::ERR_CONNECTION_REFUSED @ http://localhost:3002/__tsd/console-pipe/sse:0
[  541060ms] [ERROR] Failed to load resource: net::ERR_CONNECTION_REFUSED @ http://localhost:3002/__tsd/console-pipe/sse:0
[  544400ms] [ERROR] Failed to load resource: net::ERR_CONNECTION_REFUSED @ http://localhost:3002/__tsd/console-pipe/sse:0
[  544678ms] [ERROR] Failed to load resource: net::ERR_CONNECTION_REFUSED @ http://localhost:3002/api/cloud/task-notifications:0
[  547526ms] [ERROR] Failed to load resource: net::ERR_CONNECTION_REFUSED @ http://localhost:3002/__tsd/console-pipe/sse:0
[  550669ms] [ERROR] Failed to load resource: net::ERR_CONNECTION_REFUSED @ http://localhost:3002/__tsd/console-pipe/sse:0
[  553994ms] [ERROR] Failed to load resource: net::ERR_CONNECTION_REFUSED @ http://localhost:3002/__tsd/console-pipe/sse:0
[  557000ms] [ERROR] Failed to load resource: net::ERR_CONNECTION_REFUSED @ http://localhost:3002/__tsd/console-pipe/sse:0
[  559037ms] [ERROR] Failed to load resource: net::ERR_CONNECTION_REFUSED @ http://localhost:3002/api/cloud/task-notifications:0
[  560004ms] [ERROR] Failed to load resource: net::ERR_CONNECTION_REFUSED @ http://localhost:3002/__tsd/console-pipe/sse:0
[  563008ms] [ERROR] Failed to load resource: net::ERR_CONNECTION_REFUSED @ http://localhost:3002/__tsd/console-pipe/sse:0
[  566011ms] [ERROR] Failed to load resource: net::ERR_CONNECTION_REFUSED @ http://localhost:3002/__tsd/console-pipe/sse:0
[  569014ms] [ERROR] Failed to load resource: net::ERR_CONNECTION_REFUSED @ http://localhost:3002/__tsd/console-pipe/sse:0
[  572017ms] [ERROR] Failed to load resource: net::ERR_CONNECTION_REFUSED @ http://localhost:3002/__tsd/console-pipe/sse:0
[  574034ms] [ERROR] Failed to load resource: net::ERR_CONNECTION_REFUSED @ http://localhost:3002/api/cloud/task-notifications:0
[  575020ms] [ERROR] Failed to load resource: net::ERR_CONNECTION_REFUSED @ http://localhost:3002/__tsd/console-pipe/sse:0
[  578024ms] [ERROR] Failed to load resource: net::ERR_CONNECTION_REFUSED @ http://localhost:3002/__tsd/console-pipe/sse:0
[  581027ms] [ERROR] Failed to load resource: net::ERR_CONNECTION_REFUSED @ http://localhost:3002/__tsd/console-pipe/sse:0
[  584030ms] [ERROR] Failed to load resource: net::ERR_CONNECTION_REFUSED @ http://localhost:3002/__tsd/console-pipe/sse:0
[  587033ms] [ERROR] Failed to load resource: net::ERR_CONNECTION_REFUSED @ http://localhost:3002/__tsd/console-pipe/sse:0
[  589035ms] [ERROR] Failed to load resource: net::ERR_CONNECTION_REFUSED @ http://localhost:3002/api/cloud/task-notifications:0
[  590036ms] [ERROR] Failed to load resource: net::ERR_CONNECTION_REFUSED @ http://localhost:3002/__tsd/console-pipe/sse:0
[  593039ms] [ERROR] Failed to load resource: net::ERR_CONNECTION_REFUSED @ http://localhost:3002/__tsd/console-pipe/sse:0
[  596044ms] [ERROR] Failed to load resource: net::ERR_CONNECTION_REFUSED @ http://localhost:3002/__tsd/console-pipe/sse:0
[  599047ms] [ERROR] Failed to load resource: net::ERR_CONNECTION_REFUSED @ http://localhost:3002/__tsd/console-pipe/sse:0
[  602050ms] [ERROR] Failed to load resource: net::ERR_CONNECTION_REFUSED @ http://localhost:3002/__tsd/console-pipe/sse:0
[  604034ms] [ERROR] Failed to load resource: net::ERR_CONNECTION_REFUSED @ http://localhost:3002/api/cloud/task-notifications:0
[  605053ms] [ERROR] Failed to load resource: net::ERR_CONNECTION_REFUSED @ http://localhost:3002/__tsd/console-pipe/sse:0
[  608056ms] [ERROR] Failed to load resource: net::ERR_CONNECTION_REFUSED @ http://localhost:3002/__tsd/console-pipe/sse:0
[  611058ms] [ERROR] Failed to load resource: net::ERR_CONNECTION_REFUSED @ http://localhost:3002/__tsd/console-pipe/sse:0
[  614061ms] [ERROR] Failed to load resource: net::ERR_CONNECTION_REFUSED @ http://localhost:3002/__tsd/console-pipe/sse:0
[  617065ms] [ERROR] Failed to load resource: net::ERR_CONNECTION_REFUSED @ http://localhost:3002/__tsd/console-pipe/sse:0
[  619035ms] [ERROR] Failed to load resource: net::ERR_CONNECTION_REFUSED @ http://localhost:3002/api/cloud/task-notifications:0
[  620068ms] [ERROR] Failed to load resource: net::ERR_CONNECTION_REFUSED @ http://localhost:3002/__tsd/console-pipe/sse:0
[  623070ms] [ERROR] Failed to load resource: net::ERR_CONNECTION_REFUSED @ http://localhost:3002/__tsd/console-pipe/sse:0
[  626081ms] [ERROR] Failed to load resource: net::ERR_CONNECTION_REFUSED @ http://localhost:3002/__tsd/console-pipe/sse:0
[  629084ms] [ERROR] Failed to load resource: net::ERR_CONNECTION_REFUSED @ http://localhost:3002/__tsd/console-pipe/sse:0
[  632087ms] [ERROR] Failed to load resource: net::ERR_CONNECTION_REFUSED @ http://localhost:3002/__tsd/console-pipe/sse:0
[  634034ms] [ERROR] Failed to load resource: net::ERR_CONNECTION_REFUSED @ http://localhost:3002/api/cloud/task-notifications:0
[  635091ms] [ERROR] Failed to load resource: net::ERR_CONNECTION_REFUSED @ http://localhost:3002/__tsd/console-pipe/sse:0
[  638097ms] [ERROR] Failed to load resource: net::ERR_CONNECTION_REFUSED @ http://localhost:3002/__tsd/console-pipe/sse:0
[  641100ms] [ERROR] Failed to load resource: net::ERR_CONNECTION_REFUSED @ http://localhost:3002/__tsd/console-pipe/sse:0
[  644104ms] [ERROR] Failed to load resource: net::ERR_CONNECTION_REFUSED @ http://localhost:3002/__tsd/console-pipe/sse:0
[  647106ms] [ERROR] Failed to load resource: net::ERR_CONNECTION_REFUSED @ http://localhost:3002/__tsd/console-pipe/sse:0
[  649034ms] [ERROR] Failed to load resource: net::ERR_CONNECTION_REFUSED @ http://localhost:3002/api/cloud/task-notifications:0
[  650110ms] [ERROR] Failed to load resource: net::ERR_CONNECTION_REFUSED @ http://localhost:3002/__tsd/console-pipe/sse:0
[  653113ms] [ERROR] Failed to load resource: net::ERR_CONNECTION_REFUSED @ http://localhost:3002/__tsd/console-pipe/sse:0
[  656116ms] [ERROR] Failed to load resource: net::ERR_CONNECTION_REFUSED @ http://localhost:3002/__tsd/console-pipe/sse:0
[  659122ms] [ERROR] Failed to load resource: net::ERR_CONNECTION_REFUSED @ http://localhost:3002/__tsd/console-pipe/sse:0
[  662125ms] [ERROR] Failed to load resource: net::ERR_CONNECTION_REFUSED @ http://localhost:3002/__tsd/console-pipe/sse:0
[  664033ms] [ERROR] Failed to load resource: net::ERR_CONNECTION_REFUSED @ http://localhost:3002/api/cloud/task-notifications:0
[  665130ms] [ERROR] Failed to load resource: net::ERR_CONNECTION_REFUSED @ http://localhost:3002/__tsd/console-pipe/sse:0
[  668133ms] [ERROR] Failed to load resource: net::ERR_CONNECTION_REFUSED @ http://localhost:3002/__tsd/console-pipe/sse:0
[  671136ms] [ERROR] Failed to load resource: net::ERR_CONNECTION_REFUSED @ http://localhost:3002/__tsd/console-pipe/sse:0
[  674145ms] [ERROR] Failed to load resource: net::ERR_CONNECTION_REFUSED @ http://localhost:3002/__tsd/console-pipe/sse:0
[  677146ms] [ERROR] Failed to load resource: net::ERR_CONNECTION_REFUSED @ http://localhost:3002/__tsd/console-pipe/sse:0
[  679034ms] [ERROR] Failed to load resource: net::ERR_CONNECTION_REFUSED @ http://localhost:3002/api/cloud/task-notifications:0
[  680150ms] [ERROR] Failed to load resource: net::ERR_CONNECTION_REFUSED @ http://localhost:3002/__tsd/console-pipe/sse:0
[  683153ms] [ERROR] Failed to load resource: net::ERR_CONNECTION_REFUSED @ http://localhost:3002/__tsd/console-pipe/sse:0
[  686156ms] [ERROR] Failed to load resource: net::ERR_CONNECTION_REFUSED @ http://localhost:3002/__tsd/console-pipe/sse:0
[  689160ms] [ERROR] Failed to load resource: net::ERR_CONNECTION_REFUSED @ http://localhost:3002/__tsd/console-pipe/sse:0
[  692163ms] [ERROR] Failed to load resource: net::ERR_CONNECTION_REFUSED @ http://localhost:3002/__tsd/console-pipe/sse:0
[  694035ms] [ERROR] Failed to load resource: net::ERR_CONNECTION_REFUSED @ http://localhost:3002/api/cloud/task-notifications:0
[  695169ms] [ERROR] Failed to load resource: net::ERR_CONNECTION_REFUSED @ http://localhost:3002/__tsd/console-pipe/sse:0
[  698172ms] [ERROR] Failed to load resource: net::ERR_CONNECTION_REFUSED @ http://localhost:3002/__tsd/console-pipe/sse:0
[  701178ms] [ERROR] Failed to load resource: net::ERR_CONNECTION_REFUSED @ http://localhost:3002/__tsd/console-pipe/sse:0
[  704182ms] [ERROR] Failed to load resource: net::ERR_CONNECTION_REFUSED @ http://localhost:3002/__tsd/console-pipe/sse:0
[  707184ms] [ERROR] Failed to load resource: net::ERR_CONNECTION_REFUSED @ http://localhost:3002/__tsd/console-pipe/sse:0
[  709035ms] [ERROR] Failed to load resource: net::ERR_CONNECTION_REFUSED @ http://localhost:3002/api/cloud/task-notifications:0
[  710187ms] [ERROR] Failed to load resource: net::ERR_CONNECTION_REFUSED @ http://localhost:3002/__tsd/console-pipe/sse:0
[  713190ms] [ERROR] Failed to load resource: net::ERR_CONNECTION_REFUSED @ http://localhost:3002/__tsd/console-pipe/sse:0
[  716193ms] [ERROR] Failed to load resource: net::ERR_CONNECTION_REFUSED @ http://localhost:3002/__tsd/console-pipe/sse:0
[  719197ms] [ERROR] Failed to load resource: net::ERR_CONNECTION_REFUSED @ http://localhost:3002/__tsd/console-pipe/sse:0
[  722199ms] [ERROR] Failed to load resource: net::ERR_CONNECTION_REFUSED @ http://localhost:3002/__tsd/console-pipe/sse:0
[  724035ms] [ERROR] Failed to load resource: net::ERR_CONNECTION_REFUSED @ http://localhost:3002/api/cloud/task-notifications:0
[  725203ms] [ERROR] Failed to load resource: net::ERR_CONNECTION_REFUSED @ http://localhost:3002/__tsd/console-pipe/sse:0
[  728207ms] [ERROR] Failed to load resource: net::ERR_CONNECTION_REFUSED @ http://localhost:3002/__tsd/console-pipe/sse:0
[  731210ms] [ERROR] Failed to load resource: net::ERR_CONNECTION_REFUSED @ http://localhost:3002/__tsd/console-pipe/sse:0
[  734214ms] [ERROR] Failed to load resource: net::ERR_CONNECTION_REFUSED @ http://localhost:3002/__tsd/console-pipe/sse:0
[  737216ms] [ERROR] Failed to load resource: net::ERR_CONNECTION_REFUSED @ http://localhost:3002/__tsd/console-pipe/sse:0
[  739033ms] [ERROR] Failed to load resource: net::ERR_CONNECTION_REFUSED @ http://localhost:3002/api/cloud/task-notifications:0
[  740220ms] [ERROR] Failed to load resource: net::ERR_CONNECTION_REFUSED @ http://localhost:3002/__tsd/console-pipe/sse:0
[  743223ms] [ERROR] Failed to load resource: net::ERR_CONNECTION_REFUSED @ http://localhost:3002/__tsd/console-pipe/sse:0
[  746227ms] [ERROR] Failed to load resource: net::ERR_CONNECTION_REFUSED @ http://localhost:3002/__tsd/console-pipe/sse:0
[  749230ms] [ERROR] Failed to load resource: net::ERR_CONNECTION_REFUSED @ http://localhost:3002/__tsd/console-pipe/sse:0
[  752236ms] [ERROR] Failed to load resource: net::ERR_CONNECTION_REFUSED @ http://localhost:3002/__tsd/console-pipe/sse:0
[  754033ms] [ERROR] Failed to load resource: net::ERR_CONNECTION_REFUSED @ http://localhost:3002/api/cloud/task-notifications:0
[  755240ms] [ERROR] Failed to load resource: net::ERR_CONNECTION_REFUSED @ http://localhost:3002/__tsd/console-pipe/sse:0
[  758243ms] [ERROR] Failed to load resource: net::ERR_CONNECTION_REFUSED @ http://localhost:3002/__tsd/console-pipe/sse:0
[  761246ms] [ERROR] Failed to load resource: net::ERR_CONNECTION_REFUSED @ http://localhost:3002/__tsd/console-pipe/sse:0
[  764249ms] [ERROR] Failed to load resource: net::ERR_CONNECTION_REFUSED @ http://localhost:3002/__tsd/console-pipe/sse:0
[  767252ms] [ERROR] Failed to load resource: net::ERR_CONNECTION_REFUSED @ http://localhost:3002/__tsd/console-pipe/sse:0
[  769036ms] [ERROR] Failed to load resource: net::ERR_CONNECTION_REFUSED @ http://localhost:3002/api/cloud/task-notifications:0
[  770256ms] [ERROR] Failed to load resource: net::ERR_CONNECTION_REFUSED @ http://localhost:3002/__tsd/console-pipe/sse:0
[  773259ms] [ERROR] Failed to load resource: net::ERR_CONNECTION_REFUSED @ http://localhost:3002/__tsd/console-pipe/sse:0
[  776263ms] [ERROR] Failed to load resource: net::ERR_CONNECTION_REFUSED @ http://localhost:3002/__tsd/console-pipe/sse:0
[  779338ms] [ERROR] Failed to load resource: net::ERR_CONNECTION_REFUSED @ http://localhost:3002/__tsd/console-pipe/sse:0
[  782340ms] [ERROR] Failed to load resource: net::ERR_CONNECTION_REFUSED @ http://localhost:3002/__tsd/console-pipe/sse:0
[  784033ms] [ERROR] Failed to load resource: net::ERR_CONNECTION_REFUSED @ http://localhost:3002/api/cloud/task-notifications:0
[  785344ms] [ERROR] Failed to load resource: net::ERR_CONNECTION_REFUSED @ http://localhost:3002/__tsd/console-pipe/sse:0
[  788347ms] [ERROR] Failed to load resource: net::ERR_CONNECTION_REFUSED @ http://localhost:3002/__tsd/console-pipe/sse:0
[  791350ms] [ERROR] Failed to load resource: net::ERR_CONNECTION_REFUSED @ http://localhost:3002/__tsd/console-pipe/sse:0
[  794353ms] [ERROR] Failed to load resource: net::ERR_CONNECTION_REFUSED @ http://localhost:3002/__tsd/console-pipe/sse:0
[  797356ms] [ERROR] Failed to load resource: net::ERR_CONNECTION_REFUSED @ http://localhost:3002/__tsd/console-pipe/sse:0
[  799034ms] [ERROR] Failed to load resource: net::ERR_CONNECTION_REFUSED @ http://localhost:3002/api/cloud/task-notifications:0
[  800359ms] [ERROR] Failed to load resource: net::ERR_CONNECTION_REFUSED @ http://localhost:3002/__tsd/console-pipe/sse:0
[  803362ms] [ERROR] Failed to load resource: net::ERR_CONNECTION_REFUSED @ http://localhost:3002/__tsd/console-pipe/sse:0
[  806365ms] [ERROR] Failed to load resource: net::ERR_CONNECTION_REFUSED @ http://localhost:3002/__tsd/console-pipe/sse:0
[  809368ms] [ERROR] Failed to load resource: net::ERR_CONNECTION_REFUSED @ http://localhost:3002/__tsd/console-pipe/sse:0
[  812370ms] [ERROR] Failed to load resource: net::ERR_CONNECTION_REFUSED @ http://localhost:3002/__tsd/console-pipe/sse:0
[  814036ms] [ERROR] Failed to load resource: net::ERR_CONNECTION_REFUSED @ http://localhost:3002/api/cloud/task-notifications:0
[  815373ms] [ERROR] Failed to load resource: net::ERR_CONNECTION_REFUSED @ http://localhost:3002/__tsd/console-pipe/sse:0
[  818376ms] [ERROR] Failed to load resource: net::ERR_CONNECTION_REFUSED @ http://localhost:3002/__tsd/console-pipe/sse:0
[  821382ms] [ERROR] Failed to load resource: net::ERR_CONNECTION_REFUSED @ http://localhost:3002/__tsd/console-pipe/sse:0
[  824386ms] [ERROR] Failed to load resource: net::ERR_CONNECTION_REFUSED @ http://localhost:3002/__tsd/console-pipe/sse:0
[  827389ms] [ERROR] Failed to load resource: net::ERR_CONNECTION_REFUSED @ http://localhost:3002/__tsd/console-pipe/sse:0
[  829035ms] [ERROR] Failed to load resource: net::ERR_CONNECTION_REFUSED @ http://localhost:3002/api/cloud/task-notifications:0
[  830392ms] [ERROR] Failed to load resource: net::ERR_CONNECTION_REFUSED @ http://localhost:3002/__tsd/console-pipe/sse:0
[  833400ms] [ERROR] Failed to load resource: net::ERR_CONNECTION_REFUSED @ http://localhost:3002/__tsd/console-pipe/sse:0
[  836404ms] [ERROR] Failed to load resource: net::ERR_CONNECTION_REFUSED @ http://localhost:3002/__tsd/console-pipe/sse:0
[  839409ms] [ERROR] Failed to load resource: net::ERR_CONNECTION_REFUSED @ http://localhost:3002/__tsd/console-pipe/sse:0
[  842412ms] [ERROR] Failed to load resource: net::ERR_CONNECTION_REFUSED @ http://localhost:3002/__tsd/console-pipe/sse:0
[  844034ms] [ERROR] Failed to load resource: net::ERR_CONNECTION_REFUSED @ http://localhost:3002/api/cloud/task-notifications:0
[  845418ms] [ERROR] Failed to load resource: net::ERR_CONNECTION_REFUSED @ http://localhost:3002/__tsd/console-pipe/sse:0
[  848425ms] [ERROR] Failed to load resource: net::ERR_CONNECTION_REFUSED @ http://localhost:3002/__tsd/console-pipe/sse:0
[  851429ms] [ERROR] Failed to load resource: net::ERR_CONNECTION_REFUSED @ http://localhost:3002/__tsd/console-pipe/sse:0
[  854439ms] [ERROR] Failed to load resource: net::ERR_CONNECTION_REFUSED @ http://localhost:3002/__tsd/console-pipe/sse:0
[  857445ms] [ERROR] Failed to load resource: net::ERR_CONNECTION_REFUSED @ http://localhost:3002/__tsd/console-pipe/sse:0
[  859036ms] [ERROR] Failed to load resource: net::ERR_CONNECTION_REFUSED @ http://localhost:3002/api/cloud/task-notifications:0
[  860448ms] [ERROR] Failed to load resource: net::ERR_CONNECTION_REFUSED @ http://localhost:3002/__tsd/console-pipe/sse:0
[  863451ms] [ERROR] Failed to load resource: net::ERR_CONNECTION_REFUSED @ http://localhost:3002/__tsd/console-pipe/sse:0
[  866455ms] [ERROR] Failed to load resource: net::ERR_CONNECTION_REFUSED @ http://localhost:3002/__tsd/console-pipe/sse:0
[  869458ms] [ERROR] Failed to load resource: net::ERR_CONNECTION_REFUSED @ http://localhost:3002/__tsd/console-pipe/sse:0
[  872461ms] [ERROR] Failed to load resource: net::ERR_CONNECTION_REFUSED @ http://localhost:3002/__tsd/console-pipe/sse:0
[  874034ms] [ERROR] Failed to load resource: net::ERR_CONNECTION_REFUSED @ http://localhost:3002/api/cloud/task-notifications:0
[  875470ms] [ERROR] Failed to load resource: net::ERR_CONNECTION_REFUSED @ http://localhost:3002/__tsd/console-pipe/sse:0
[  878473ms] [ERROR] Failed to load resource: net::ERR_CONNECTION_REFUSED @ http://localhost:3002/__tsd/console-pipe/sse:0
[  881475ms] [ERROR] Failed to load resource: net::ERR_CONNECTION_REFUSED @ http://localhost:3002/__tsd/console-pipe/sse:0
[  884478ms] [ERROR] Failed to load resource: net::ERR_CONNECTION_REFUSED @ http://localhost:3002/__tsd/console-pipe/sse:0
[  887481ms] [ERROR] Failed to load resource: net::ERR_CONNECTION_REFUSED @ http://localhost:3002/__tsd/console-pipe/sse:0
[  889037ms] [ERROR] Failed to load resource: net::ERR_CONNECTION_REFUSED @ http://localhost:3002/api/cloud/task-notifications:0
[  890485ms] [ERROR] Failed to load resource: net::ERR_CONNECTION_REFUSED @ http://localhost:3002/__tsd/console-pipe/sse:0
[  893489ms] [ERROR] Failed to load resource: net::ERR_CONNECTION_REFUSED @ http://localhost:3002/__tsd/console-pipe/sse:0
[  896505ms] [ERROR] Failed to load resource: net::ERR_CONNECTION_REFUSED @ http://localhost:3002/__tsd/console-pipe/sse:0
[  899512ms] [ERROR] Failed to load resource: net::ERR_CONNECTION_REFUSED @ http://localhost:3002/__tsd/console-pipe/sse:0
[  902515ms] [ERROR] Failed to load resource: net::ERR_CONNECTION_REFUSED @ http://localhost:3002/__tsd/console-pipe/sse:0
[  904034ms] [ERROR] Failed to load resource: net::ERR_CONNECTION_REFUSED @ http://localhost:3002/api/cloud/task-notifications:0
[  905522ms] [ERROR] Failed to load resource: net::ERR_CONNECTION_REFUSED @ http://localhost:3002/__tsd/console-pipe/sse:0
[  908525ms] [ERROR] Failed to load resource: net::ERR_CONNECTION_REFUSED @ http://localhost:3002/__tsd/console-pipe/sse:0
[  911527ms] [ERROR] Failed to load resource: net::ERR_CONNECTION_REFUSED @ http://localhost:3002/__tsd/console-pipe/sse:0
[  914530ms] [ERROR] Failed to load resource: net::ERR_CONNECTION_REFUSED @ http://localhost:3002/__tsd/console-pipe/sse:0
[  917535ms] [ERROR] Failed to load resource: net::ERR_CONNECTION_REFUSED @ http://localhost:3002/__tsd/console-pipe/sse:0
[  919042ms] [ERROR] Failed to load resource: net::ERR_CONNECTION_REFUSED @ http://localhost:3002/api/cloud/task-notifications:0
[  920538ms] [ERROR] Failed to load resource: net::ERR_CONNECTION_REFUSED @ http://localhost:3002/__tsd/console-pipe/sse:0
[  923541ms] [ERROR] Failed to load resource: net::ERR_CONNECTION_REFUSED @ http://localhost:3002/__tsd/console-pipe/sse:0
[  926544ms] [ERROR] Failed to load resource: net::ERR_CONNECTION_REFUSED @ http://localhost:3002/__tsd/console-pipe/sse:0
[  929551ms] [ERROR] Failed to load resource: net::ERR_CONNECTION_REFUSED @ http://localhost:3002/__tsd/console-pipe/sse:0
[  932550ms] [ERROR] Failed to load resource: net::ERR_CONNECTION_REFUSED @ http://localhost:3002/__tsd/console-pipe/sse:0
[  934033ms] [ERROR] Failed to load resource: net::ERR_CONNECTION_REFUSED @ http://localhost:3002/api/cloud/task-notifications:0
[  935562ms] [ERROR] Failed to load resource: net::ERR_CONNECTION_REFUSED @ http://localhost:3002/__tsd/console-pipe/sse:0
[  938565ms] [ERROR] Failed to load resource: net::ERR_CONNECTION_REFUSED @ http://localhost:3002/__tsd/console-pipe/sse:0
[  941567ms] [ERROR] Failed to load resource: net::ERR_CONNECTION_REFUSED @ http://localhost:3002/__tsd/console-pipe/sse:0
[  944575ms] [ERROR] Failed to load resource: net::ERR_CONNECTION_REFUSED @ http://localhost:3002/__tsd/console-pipe/sse:0
[  947579ms] [ERROR] Failed to load resource: net::ERR_CONNECTION_REFUSED @ http://localhost:3002/__tsd/console-pipe/sse:0
[  949032ms] [ERROR] Failed to load resource: net::ERR_CONNECTION_REFUSED @ http://localhost:3002/api/cloud/task-notifications:0
[  950582ms] [ERROR] Failed to load resource: net::ERR_CONNECTION_REFUSED @ http://localhost:3002/__tsd/console-pipe/sse:0
[  953585ms] [ERROR] Failed to load resource: net::ERR_CONNECTION_REFUSED @ http://localhost:3002/__tsd/console-pipe/sse:0
[  956589ms] [ERROR] Failed to load resource: net::ERR_CONNECTION_REFUSED @ http://localhost:3002/__tsd/console-pipe/sse:0
[  959592ms] [ERROR] Failed to load resource: net::ERR_CONNECTION_REFUSED @ http://localhost:3002/__tsd/console-pipe/sse:0
[  962595ms] [ERROR] Failed to load resource: net::ERR_CONNECTION_REFUSED @ http://localhost:3002/__tsd/console-pipe/sse:0
[  964035ms] [ERROR] Failed to load resource: net::ERR_CONNECTION_REFUSED @ http://localhost:3002/api/cloud/task-notifications:0
[  965598ms] [ERROR] Failed to load resource: net::ERR_CONNECTION_REFUSED @ http://localhost:3002/__tsd/console-pipe/sse:0
[  968603ms] [ERROR] Failed to load resource: net::ERR_CONNECTION_REFUSED @ http://localhost:3002/__tsd/console-pipe/sse:0
[  971608ms] [ERROR] Failed to load resource: net::ERR_CONNECTION_REFUSED @ http://localhost:3002/__tsd/console-pipe/sse:0
[  974611ms] [ERROR] Failed to load resource: net::ERR_CONNECTION_REFUSED @ http://localhost:3002/__tsd/console-pipe/sse:0
[  977616ms] [ERROR] Failed to load resource: net::ERR_CONNECTION_REFUSED @ http://localhost:3002/__tsd/console-pipe/sse:0
[  979035ms] [ERROR] Failed to load resource: net::ERR_CONNECTION_REFUSED @ http://localhost:3002/api/cloud/task-notifications:0
[  980620ms] [ERROR] Failed to load resource: net::ERR_CONNECTION_REFUSED @ http://localhost:3002/__tsd/console-pipe/sse:0
[  983627ms] [ERROR] Failed to load resource: net::ERR_CONNECTION_REFUSED @ http://localhost:3002/__tsd/console-pipe/sse:0
[  986630ms] [ERROR] Failed to load resource: net::ERR_CONNECTION_REFUSED @ http://localhost:3002/__tsd/console-pipe/sse:0
[  989634ms] [ERROR] Failed to load resource: net::ERR_CONNECTION_REFUSED @ http://localhost:3002/__tsd/console-pipe/sse:0
[  992637ms] [ERROR] Failed to load resource: net::ERR_CONNECTION_REFUSED @ http://localhost:3002/__tsd/console-pipe/sse:0
[  994037ms] [ERROR] Failed to load resource: net::ERR_CONNECTION_REFUSED @ http://localhost:3002/api/cloud/task-notifications:0
[  995640ms] [ERROR] Failed to load resource: net::ERR_CONNECTION_REFUSED @ http://localhost:3002/__tsd/console-pipe/sse:0
[  998644ms] [ERROR] Failed to load resource: net::ERR_CONNECTION_REFUSED @ http://localhost:3002/__tsd/console-pipe/sse:0
[ 1001647ms] [ERROR] Failed to load resource: net::ERR_CONNECTION_REFUSED @ http://localhost:3002/__tsd/console-pipe/sse:0
[ 1004650ms] [ERROR] Failed to load resource: net::ERR_CONNECTION_REFUSED @ http://localhost:3002/__tsd/console-pipe/sse:0
[ 1007653ms] [ERROR] Failed to load resource: net::ERR_CONNECTION_REFUSED @ http://localhost:3002/__tsd/console-pipe/sse:0
[ 1009033ms] [ERROR] Failed to load resource: net::ERR_CONNECTION_REFUSED @ http://localhost:3002/api/cloud/task-notifications:0
[ 1010655ms] [ERROR] Failed to load resource: net::ERR_CONNECTION_REFUSED @ http://localhost:3002/__tsd/console-pipe/sse:0
[ 1013658ms] [ERROR] Failed to load resource: net::ERR_CONNECTION_REFUSED @ http://localhost:3002/__tsd/console-pipe/sse:0
[ 1016660ms] [ERROR] Failed to load resource: net::ERR_CONNECTION_REFUSED @ http://localhost:3002/__tsd/console-pipe/sse:0
[ 1019664ms] [ERROR] Failed to load resource: net::ERR_CONNECTION_REFUSED @ http://localhost:3002/__tsd/console-pipe/sse:0
[ 1022667ms] [ERROR] Failed to load resource: net::ERR_CONNECTION_REFUSED @ http://localhost:3002/__tsd/console-pipe/sse:0
[ 1024034ms] [ERROR] Failed to load resource: net::ERR_CONNECTION_REFUSED @ http://localhost:3002/api/cloud/task-notifications:0
[ 1025670ms] [ERROR] Failed to load resource: net::ERR_CONNECTION_REFUSED @ http://localhost:3002/__tsd/console-pipe/sse:0
[ 1028676ms] [ERROR] Failed to load resource: net::ERR_CONNECTION_REFUSED @ http://localhost:3002/__tsd/console-pipe/sse:0
[ 1032165ms] [ERROR] Failed to load resource: net::ERR_CONNECTION_REFUSED @ http://localhost:3002/__tsd/console-pipe/sse:0
[ 1035197ms] [ERROR] Failed to load resource: net::ERR_CONNECTION_REFUSED @ http://localhost:3002/__tsd/console-pipe/sse:0
[ 1039039ms] [ERROR] Failed to load resource: net::ERR_CONNECTION_REFUSED @ http://localhost:3002/__tsd/console-pipe/sse:0
[ 1039260ms] [ERROR] Failed to load resource: net::ERR_CONNECTION_REFUSED @ http://localhost:3002/api/cloud/task-notifications:0
[ 1042915ms] [ERROR] Failed to load resource: net::ERR_CONNECTION_REFUSED @ http://localhost:3002/__tsd/console-pipe/sse:0
[ 1046028ms] [ERROR] Failed to load resource: net::ERR_CONNECTION_REFUSED @ http://localhost:3002/__tsd/console-pipe/sse:0
[ 1050005ms] [ERROR] Failed to load resource: net::ERR_CONNECTION_REFUSED @ http://localhost:3002/__tsd/console-pipe/sse:0
[ 1059131ms] [ERROR] Failed to load resource: net::ERR_CONNECTION_REFUSED @ http://localhost:3002/__tsd/console-pipe/sse:0
[ 1059181ms] [ERROR] Failed to load resource: net::ERR_CONNECTION_REFUSED @ http://localhost:3002/api/cloud/task-notifications:0
[ 1062237ms] [ERROR] Failed to load resource: net::ERR_CONNECTION_REFUSED @ http://localhost:3002/__tsd/console-pipe/sse:0
[ 1065728ms] [ERROR] Failed to load resource: net::ERR_CONNECTION_REFUSED @ http://localhost:3002/__tsd/console-pipe/sse:0
[ 1069152ms] [ERROR] Failed to load resource: net::ERR_CONNECTION_REFUSED @ http://localhost:3002/__tsd/console-pipe/sse:0
[ 1069651ms] [ERROR] Failed to load resource: net::ERR_CONNECTION_REFUSED @ http://localhost:3002/api/cloud/task-notifications:0
[ 1072186ms] [ERROR] Failed to load resource: net::ERR_CONNECTION_REFUSED @ http://localhost:3002/__tsd/console-pipe/sse:0
[ 1075433ms] [ERROR] Failed to load resource: net::ERR_CONNECTION_REFUSED @ http://localhost:3002/__tsd/console-pipe/sse:0
[ 1078469ms] [ERROR] Failed to load resource: net::ERR_CONNECTION_REFUSED @ http://localhost:3002/__tsd/console-pipe/sse:0
[ 1081521ms] [ERROR] Failed to load resource: net::ERR_CONNECTION_REFUSED @ http://localhost:3002/__tsd/console-pipe/sse:0
[ 1084367ms] [ERROR] Failed to load resource: net::ERR_CONNECTION_REFUSED @ http://localhost:3002/api/cloud/task-notifications:0
[ 1085003ms] [ERROR] Failed to load resource: net::ERR_CONNECTION_REFUSED @ http://localhost:3002/__tsd/console-pipe/sse:0
[ 1088521ms] [ERROR] Failed to load resource: net::ERR_CONNECTION_REFUSED @ http://localhost:3002/__tsd/console-pipe/sse:0
[ 1091708ms] [ERROR] Failed to load resource: net::ERR_CONNECTION_REFUSED @ http://localhost:3002/__tsd/console-pipe/sse:0
[ 1094827ms] [ERROR] Failed to load resource: net::ERR_CONNECTION_REFUSED @ http://localhost:3002/__tsd/console-pipe/sse:0
[ 1097998ms] [ERROR] Failed to load resource: net::ERR_CONNECTION_REFUSED @ http://localhost:3002/__tsd/console-pipe/sse:0
[ 1099121ms] [ERROR] Failed to load resource: net::ERR_CONNECTION_REFUSED @ http://localhost:3002/api/cloud/task-notifications:0
[ 1101736ms] [ERROR] Failed to load resource: net::ERR_CONNECTION_REFUSED @ http://localhost:3002/__tsd/console-pipe/sse:0
[ 1105052ms] [ERROR] Failed to load resource: net::ERR_CONNECTION_REFUSED @ http://localhost:3002/__tsd/console-pipe/sse:0
[ 1108121ms] [ERROR] Failed to load resource: net::ERR_CONNECTION_REFUSED @ http://localhost:3002/__tsd/console-pipe/sse:0
[ 1111399ms] [ERROR] Failed to load resource: net::ERR_CONNECTION_REFUSED @ http://localhost:3002/__tsd/console-pipe/sse:0
[ 1114035ms] [ERROR] Failed to load resource: net::ERR_CONNECTION_REFUSED @ http://localhost:3002/api/cloud/task-notifications:0
[ 1114434ms] [ERROR] Failed to load resource: net::ERR_CONNECTION_REFUSED @ http://localhost:3002/__tsd/console-pipe/sse:0
[ 1117437ms] [ERROR] Failed to load resource: net::ERR_CONNECTION_REFUSED @ http://localhost:3002/__tsd/console-pipe/sse:0
[ 1120445ms] [ERROR] Failed to load resource: net::ERR_CONNECTION_REFUSED @ http://localhost:3002/__tsd/console-pipe/sse:0
[ 1123447ms] [ERROR] Failed to load resource: net::ERR_CONNECTION_REFUSED @ http://localhost:3002/__tsd/console-pipe/sse:0
[ 1126452ms] [ERROR] Failed to load resource: net::ERR_CONNECTION_REFUSED @ http://localhost:3002/__tsd/console-pipe/sse:0
[ 1129037ms] [ERROR] Failed to load resource: net::ERR_CONNECTION_REFUSED @ http://localhost:3002/api/cloud/task-notifications:0
[ 1129459ms] [ERROR] Failed to load resource: net::ERR_CONNECTION_REFUSED @ http://localhost:3002/__tsd/console-pipe/sse:0
[ 1132462ms] [ERROR] Failed to load resource: net::ERR_CONNECTION_REFUSED @ http://localhost:3002/__tsd/console-pipe/sse:0
[ 1135465ms] [ERROR] Failed to load resource: net::ERR_CONNECTION_REFUSED @ http://localhost:3002/__tsd/console-pipe/sse:0
[ 1138469ms] [ERROR] Failed to load resource: net::ERR_CONNECTION_REFUSED @ http://localhost:3002/__tsd/console-pipe/sse:0
[ 1141471ms] [ERROR] Failed to load resource: net::ERR_CONNECTION_REFUSED @ http://localhost:3002/__tsd/console-pipe/sse:0
[ 1144035ms] [ERROR] Failed to load resource: net::ERR_CONNECTION_REFUSED @ http://localhost:3002/api/cloud/task-notifications:0
[ 1144643ms] [ERROR] Failed to load resource: net::ERR_CONNECTION_REFUSED @ http://localhost:3002/__tsd/console-pipe/sse:0
[ 1147646ms] [ERROR] Failed to load resource: net::ERR_CONNECTION_REFUSED @ http://localhost:3002/__tsd/console-pipe/sse:0
[ 1150669ms] [ERROR] Failed to load resource: net::ERR_CONNECTION_REFUSED @ http://localhost:3002/__tsd/console-pipe/sse:0
[ 1153735ms] [ERROR] Failed to load resource: net::ERR_CONNECTION_REFUSED @ http://localhost:3002/__tsd/console-pipe/sse:0
[ 1156773ms] [ERROR] Failed to load resource: net::ERR_CONNECTION_REFUSED @ http://localhost:3002/__tsd/console-pipe/sse:0
[ 1159034ms] [ERROR] Failed to load resource: net::ERR_CONNECTION_REFUSED @ http://localhost:3002/api/cloud/task-notifications:0
[ 1159887ms] [ERROR] Failed to load resource: net::ERR_CONNECTION_REFUSED @ http://localhost:3002/__tsd/console-pipe/sse:0
[ 1164078ms] [ERROR] Failed to load resource: net::ERR_CONNECTION_REFUSED @ http://localhost:3002/__tsd/console-pipe/sse:0
[ 1167575ms] [ERROR] Failed to load resource: net::ERR_CONNECTION_REFUSED @ http://localhost:3002/__tsd/console-pipe/sse:0
[ 1170774ms] [ERROR] Failed to load resource: net::ERR_CONNECTION_REFUSED @ http://localhost:3002/__tsd/console-pipe/sse:0
[ 1173807ms] [ERROR] Failed to load resource: net::ERR_CONNECTION_REFUSED @ http://localhost:3002/__tsd/console-pipe/sse:0
[ 1174904ms] [ERROR] Failed to load resource: net::ERR_CONNECTION_REFUSED @ http://localhost:3002/api/cloud/task-notifications:0
[ 1176828ms] [ERROR] Failed to load resource: net::ERR_CONNECTION_REFUSED @ http://localhost:3002/__tsd/console-pipe/sse:0
[ 1179850ms] [ERROR] Failed to load resource: net::ERR_CONNECTION_REFUSED @ http://localhost:3002/__tsd/console-pipe/sse:0
[ 1183049ms] [ERROR] Failed to load resource: net::ERR_CONNECTION_REFUSED @ http://localhost:3002/__tsd/console-pipe/sse:0
[ 1186099ms] [ERROR] Failed to load resource: net::ERR_CONNECTION_REFUSED @ http://localhost:3002/__tsd/console-pipe/sse:0
[ 1189033ms] [ERROR] Failed to load resource: net::ERR_CONNECTION_REFUSED @ http://localhost:3002/api/cloud/task-notifications:0
[ 1189103ms] [ERROR] Failed to load resource: net::ERR_CONNECTION_REFUSED @ http://localhost:3002/__tsd/console-pipe/sse:0
[ 1192119ms] [ERROR] Failed to load resource: net::ERR_CONNECTION_REFUSED @ http://localhost:3002/__tsd/console-pipe/sse:0
[ 1195121ms] [ERROR] Failed to load resource: net::ERR_CONNECTION_REFUSED @ http://localhost:3002/__tsd/console-pipe/sse:0
[ 1198123ms] [ERROR] Failed to load resource: net::ERR_CONNECTION_REFUSED @ http://localhost:3002/__tsd/console-pipe/sse:0
[ 1201127ms] [ERROR] Failed to load resource: net::ERR_CONNECTION_REFUSED @ http://localhost:3002/__tsd/console-pipe/sse:0
[ 1204031ms] [ERROR] Failed to load resource: net::ERR_CONNECTION_REFUSED @ http://localhost:3002/api/cloud/task-notifications:0
[ 1204147ms] [ERROR] Failed to load resource: net::ERR_CONNECTION_REFUSED @ http://localhost:3002/__tsd/console-pipe/sse:0
[ 1207166ms] [ERROR] Failed to load resource: net::ERR_CONNECTION_REFUSED @ http://localhost:3002/__tsd/console-pipe/sse:0
[ 1210177ms] [ERROR] Failed to load resource: net::ERR_CONNECTION_REFUSED @ http://localhost:3002/__tsd/console-pipe/sse:0
[ 1213181ms] [ERROR] Failed to load resource: net::ERR_CONNECTION_REFUSED @ http://localhost:3002/__tsd/console-pipe/sse:0
[ 1216184ms] [ERROR] Failed to load resource: net::ERR_CONNECTION_REFUSED @ http://localhost:3002/__tsd/console-pipe/sse:0
[ 1219034ms] [ERROR] Failed to load resource: net::ERR_CONNECTION_REFUSED @ http://localhost:3002/api/cloud/task-notifications:0
[ 1219187ms] [ERROR] Failed to load resource: net::ERR_CONNECTION_REFUSED @ http://localhost:3002/__tsd/console-pipe/sse:0
[ 1222192ms] [ERROR] Failed to load resource: net::ERR_CONNECTION_REFUSED @ http://localhost:3002/__tsd/console-pipe/sse:0
[ 1225194ms] [ERROR] Failed to load resource: net::ERR_CONNECTION_REFUSED @ http://localhost:3002/__tsd/console-pipe/sse:0
[ 1228198ms] [ERROR] Failed to load resource: net::ERR_CONNECTION_REFUSED @ http://localhost:3002/__tsd/console-pipe/sse:0
[ 1231201ms] [ERROR] Failed to load resource: net::ERR_CONNECTION_REFUSED @ http://localhost:3002/__tsd/console-pipe/sse:0
[ 1234034ms] [ERROR] Failed to load resource: net::ERR_CONNECTION_REFUSED @ http://localhost:3002/api/cloud/task-notifications:0
[ 1234203ms] [ERROR] Failed to load resource: net::ERR_CONNECTION_REFUSED @ http://localhost:3002/__tsd/console-pipe/sse:0
[ 1237205ms] [ERROR] Failed to load resource: net::ERR_CONNECTION_REFUSED @ http://localhost:3002/__tsd/console-pipe/sse:0
[ 1240211ms] [ERROR] Failed to load resource: net::ERR_CONNECTION_REFUSED @ http://localhost:3002/__tsd/console-pipe/sse:0
[ 1243214ms] [ERROR] Failed to load resource: net::ERR_CONNECTION_REFUSED @ http://localhost:3002/__tsd/console-pipe/sse:0
[ 1246365ms] [ERROR] Failed to load resource: net::ERR_CONNECTION_REFUSED @ http://localhost:3002/__tsd/console-pipe/sse:0
[ 1249178ms] [ERROR] Failed to load resource: net::ERR_CONNECTION_REFUSED @ http://localhost:3002/api/cloud/task-notifications:0
[ 1249368ms] [ERROR] Failed to load resource: net::ERR_CONNECTION_REFUSED @ http://localhost:3002/__tsd/console-pipe/sse:0
[ 1252371ms] [ERROR] Failed to load resource: net::ERR_CONNECTION_REFUSED @ http://localhost:3002/__tsd/console-pipe/sse:0
[ 1255374ms] [ERROR] Failed to load resource: net::ERR_CONNECTION_REFUSED @ http://localhost:3002/__tsd/console-pipe/sse:0
[ 1258377ms] [ERROR] Failed to load resource: net::ERR_CONNECTION_REFUSED @ http://localhost:3002/__tsd/console-pipe/sse:0
[ 1261382ms] [ERROR] Failed to load resource: net::ERR_CONNECTION_REFUSED @ http://localhost:3002/__tsd/console-pipe/sse:0
[ 1264179ms] [ERROR] Failed to load resource: net::ERR_CONNECTION_REFUSED @ http://localhost:3002/api/cloud/task-notifications:0
[ 1264385ms] [ERROR] Failed to load resource: net::ERR_CONNECTION_REFUSED @ http://localhost:3002/__tsd/console-pipe/sse:0
[ 1267388ms] [ERROR] Failed to load resource: net::ERR_CONNECTION_REFUSED @ http://localhost:3002/__tsd/console-pipe/sse:0
[ 1270391ms] [ERROR] Failed to load resource: net::ERR_CONNECTION_REFUSED @ http://localhost:3002/__tsd/console-pipe/sse:0
[ 1273394ms] [ERROR] Failed to load resource: net::ERR_CONNECTION_REFUSED @ http://localhost:3002/__tsd/console-pipe/sse:0
[ 1276397ms] [ERROR] Failed to load resource: net::ERR_CONNECTION_REFUSED @ http://localhost:3002/__tsd/console-pipe/sse:0
[ 1279178ms] [ERROR] Failed to load resource: net::ERR_CONNECTION_REFUSED @ http://localhost:3002/api/cloud/task-notifications:0
[ 1279398ms] [ERROR] Failed to load resource: net::ERR_CONNECTION_REFUSED @ http://localhost:3002/__tsd/console-pipe/sse:0
[ 1282401ms] [ERROR] Failed to load resource: net::ERR_CONNECTION_REFUSED @ http://localhost:3002/__tsd/console-pipe/sse:0
[ 1285403ms] [ERROR] Failed to load resource: net::ERR_CONNECTION_REFUSED @ http://localhost:3002/__tsd/console-pipe/sse:0
[ 1288408ms] [ERROR] Failed to load resource: net::ERR_CONNECTION_REFUSED @ http://localhost:3002/__tsd/console-pipe/sse:0
[ 1291411ms] [ERROR] Failed to load resource: net::ERR_CONNECTION_REFUSED @ http://localhost:3002/__tsd/console-pipe/sse:0
[ 1294178ms] [ERROR] Failed to load resource: net::ERR_CONNECTION_REFUSED @ http://localhost:3002/api/cloud/task-notifications:0
[ 1294413ms] [ERROR] Failed to load resource: net::ERR_CONNECTION_REFUSED @ http://localhost:3002/__tsd/console-pipe/sse:0
[ 1297416ms] [ERROR] Failed to load resource: net::ERR_CONNECTION_REFUSED @ http://localhost:3002/__tsd/console-pipe/sse:0
[ 1300424ms] [ERROR] Failed to load resource: net::ERR_CONNECTION_REFUSED @ http://localhost:3002/__tsd/console-pipe/sse:0
[ 1303427ms] [ERROR] Failed to load resource: net::ERR_CONNECTION_REFUSED @ http://localhost:3002/__tsd/console-pipe/sse:0
[ 1306430ms] [ERROR] Failed to load resource: net::ERR_CONNECTION_REFUSED @ http://localhost:3002/__tsd/console-pipe/sse:0
[ 1309180ms] [ERROR] Failed to load resource: net::ERR_CONNECTION_REFUSED @ http://localhost:3002/api/cloud/task-notifications:0
[ 1309432ms] [ERROR] Failed to load resource: net::ERR_CONNECTION_REFUSED @ http://localhost:3002/__tsd/console-pipe/sse:0
[ 1312452ms] [ERROR] Failed to load resource: net::ERR_CONNECTION_REFUSED @ http://localhost:3002/__tsd/console-pipe/sse:0
[ 1315455ms] [ERROR] Failed to load resource: net::ERR_CONNECTION_REFUSED @ http://localhost:3002/__tsd/console-pipe/sse:0
[ 1318457ms] [ERROR] Failed to load resource: net::ERR_CONNECTION_REFUSED @ http://localhost:3002/__tsd/console-pipe/sse:0
[ 1321459ms] [ERROR] Failed to load resource: net::ERR_CONNECTION_REFUSED @ http://localhost:3002/__tsd/console-pipe/sse:0
[ 1324178ms] [ERROR] Failed to load resource: net::ERR_CONNECTION_REFUSED @ http://localhost:3002/api/cloud/task-notifications:0
[ 1324462ms] [ERROR] Failed to load resource: net::ERR_CONNECTION_REFUSED @ http://localhost:3002/__tsd/console-pipe/sse:0
[ 1327465ms] [ERROR] Failed to load resource: net::ERR_CONNECTION_REFUSED @ http://localhost:3002/__tsd/console-pipe/sse:0
[ 1330467ms] [ERROR] Failed to load resource: net::ERR_CONNECTION_REFUSED @ http://localhost:3002/__tsd/console-pipe/sse:0
[ 1333471ms] [ERROR] Failed to load resource: net::ERR_CONNECTION_REFUSED @ http://localhost:3002/__tsd/console-pipe/sse:0
[ 1336476ms] [ERROR] Failed to load resource: net::ERR_CONNECTION_REFUSED @ http://localhost:3002/__tsd/console-pipe/sse:0
[ 1339179ms] [ERROR] Failed to load resource: net::ERR_CONNECTION_REFUSED @ http://localhost:3002/api/cloud/task-notifications:0
[ 1339478ms] [ERROR] Failed to load resource: net::ERR_CONNECTION_REFUSED @ http://localhost:3002/__tsd/console-pipe/sse:0
[ 1342481ms] [ERROR] Failed to load resource: net::ERR_CONNECTION_REFUSED @ http://localhost:3002/__tsd/console-pipe/sse:0
[ 1345484ms] [ERROR] Failed to load resource: net::ERR_CONNECTION_REFUSED @ http://localhost:3002/__tsd/console-pipe/sse:0
[ 1348486ms] [ERROR] Failed to load resource: net::ERR_CONNECTION_REFUSED @ http://localhost:3002/__tsd/console-pipe/sse:0
[ 1351489ms] [ERROR] Failed to load resource: net::ERR_CONNECTION_REFUSED @ http://localhost:3002/__tsd/console-pipe/sse:0
[ 1354178ms] [ERROR] Failed to load resource: net::ERR_CONNECTION_REFUSED @ http://localhost:3002/api/cloud/task-notifications:0
[ 1354492ms] [ERROR] Failed to load resource: net::ERR_CONNECTION_REFUSED @ http://localhost:3002/__tsd/console-pipe/sse:0
[ 1357499ms] [ERROR] Failed to load resource: net::ERR_CONNECTION_REFUSED @ http://localhost:3002/__tsd/console-pipe/sse:0
[ 1360503ms] [ERROR] Failed to load resource: net::ERR_CONNECTION_REFUSED @ http://localhost:3002/__tsd/console-pipe/sse:0
[ 1363511ms] [ERROR] Failed to load resource: net::ERR_CONNECTION_REFUSED @ http://localhost:3002/__tsd/console-pipe/sse:0
[ 1366515ms] [ERROR] Failed to load resource: net::ERR_CONNECTION_REFUSED @ http://localhost:3002/__tsd/console-pipe/sse:0
[ 1369181ms] [ERROR] Failed to load resource: net::ERR_CONNECTION_REFUSED @ http://localhost:3002/api/cloud/task-notifications:0
[ 1369518ms] [ERROR] Failed to load resource: net::ERR_CONNECTION_REFUSED @ http://localhost:3002/__tsd/console-pipe/sse:0
[ 1372521ms] [ERROR] Failed to load resource: net::ERR_CONNECTION_REFUSED @ http://localhost:3002/__tsd/console-pipe/sse:0
[ 1375524ms] [ERROR] Failed to load resource: net::ERR_CONNECTION_REFUSED @ http://localhost:3002/__tsd/console-pipe/sse:0
[ 1378527ms] [ERROR] Failed to load resource: net::ERR_CONNECTION_REFUSED @ http://localhost:3002/__tsd/console-pipe/sse:0
[ 1381531ms] [ERROR] Failed to load resource: net::ERR_CONNECTION_REFUSED @ http://localhost:3002/__tsd/console-pipe/sse:0
[ 1384179ms] [ERROR] Failed to load resource: net::ERR_CONNECTION_REFUSED @ http://localhost:3002/api/cloud/task-notifications:0
[ 1384534ms] [ERROR] Failed to load resource: net::ERR_CONNECTION_REFUSED @ http://localhost:3002/__tsd/console-pipe/sse:0
[ 1387537ms] [ERROR] Failed to load resource: net::ERR_CONNECTION_REFUSED @ http://localhost:3002/__tsd/console-pipe/sse:0
[ 1390540ms] [ERROR] Failed to load resource: net::ERR_CONNECTION_REFUSED @ http://localhost:3002/__tsd/console-pipe/sse:0
[ 1393542ms] [ERROR] Failed to load resource: net::ERR_CONNECTION_REFUSED @ http://localhost:3002/__tsd/console-pipe/sse:0
[ 1396546ms] [ERROR] Failed to load resource: net::ERR_CONNECTION_REFUSED @ http://localhost:3002/__tsd/console-pipe/sse:0
[ 1399182ms] [ERROR] Failed to load resource: net::ERR_CONNECTION_REFUSED @ http://localhost:3002/api/cloud/task-notifications:0
[ 1399548ms] [ERROR] Failed to load resource: net::ERR_CONNECTION_REFUSED @ http://localhost:3002/__tsd/console-pipe/sse:0
[ 1402551ms] [ERROR] Failed to load resource: net::ERR_CONNECTION_REFUSED @ http://localhost:3002/__tsd/console-pipe/sse:0
[ 1405555ms] [ERROR] Failed to load resource: net::ERR_CONNECTION_REFUSED @ http://localhost:3002/__tsd/console-pipe/sse:0
[ 1408559ms] [ERROR] Failed to load resource: net::ERR_CONNECTION_REFUSED @ http://localhost:3002/__tsd/console-pipe/sse:0
[ 1411560ms] [ERROR] Failed to load resource: net::ERR_CONNECTION_REFUSED @ http://localhost:3002/__tsd/console-pipe/sse:0
[ 1414183ms] [ERROR] Failed to load resource: net::ERR_CONNECTION_REFUSED @ http://localhost:3002/api/cloud/task-notifications:0
[ 1414563ms] [ERROR] Failed to load resource: net::ERR_CONNECTION_REFUSED @ http://localhost:3002/__tsd/console-pipe/sse:0
[ 1417566ms] [ERROR] Failed to load resource: net::ERR_CONNECTION_REFUSED @ http://localhost:3002/__tsd/console-pipe/sse:0
[ 1420569ms] [ERROR] Failed to load resource: net::ERR_CONNECTION_REFUSED @ http://localhost:3002/__tsd/console-pipe/sse:0
[ 1423572ms] [ERROR] Failed to load resource: net::ERR_CONNECTION_REFUSED @ http://localhost:3002/__tsd/console-pipe/sse:0
[ 1426579ms] [ERROR] Failed to load resource: net::ERR_CONNECTION_REFUSED @ http://localhost:3002/__tsd/console-pipe/sse:0
[ 1429183ms] [ERROR] Failed to load resource: net::ERR_CONNECTION_REFUSED @ http://localhost:3002/api/cloud/task-notifications:0
[ 1429582ms] [ERROR] Failed to load resource: net::ERR_CONNECTION_REFUSED @ http://localhost:3002/__tsd/console-pipe/sse:0
[ 1432586ms] [ERROR] Failed to load resource: net::ERR_CONNECTION_REFUSED @ http://localhost:3002/__tsd/console-pipe/sse:0
[ 1435590ms] [ERROR] Failed to load resource: net::ERR_CONNECTION_REFUSED @ http://localhost:3002/__tsd/console-pipe/sse:0
[ 1438593ms] [ERROR] Failed to load resource: net::ERR_CONNECTION_REFUSED @ http://localhost:3002/__tsd/console-pipe/sse:0
[ 1441596ms] [ERROR] Failed to load resource: net::ERR_CONNECTION_REFUSED @ http://localhost:3002/__tsd/console-pipe/sse:0
[ 1444182ms] [ERROR] Failed to load resource: net::ERR_CONNECTION_REFUSED @ http://localhost:3002/api/cloud/task-notifications:0
[ 1444599ms] [ERROR] Failed to load resource: net::ERR_CONNECTION_REFUSED @ http://localhost:3002/__tsd/console-pipe/sse:0
[ 1447602ms] [ERROR] Failed to load resource: net::ERR_CONNECTION_REFUSED @ http://localhost:3002/__tsd/console-pipe/sse:0
[ 1450605ms] [ERROR] Failed to load resource: net::ERR_CONNECTION_REFUSED @ http://localhost:3002/__tsd/console-pipe/sse:0
[ 1453609ms] [ERROR] Failed to load resource: net::ERR_CONNECTION_REFUSED @ http://localhost:3002/__tsd/console-pipe/sse:0
[ 1456612ms] [ERROR] Failed to load resource: net::ERR_CONNECTION_REFUSED @ http://localhost:3002/__tsd/console-pipe/sse:0
[ 1459182ms] [ERROR] Failed to load resource: net::ERR_CONNECTION_REFUSED @ http://localhost:3002/api/cloud/task-notifications:0
[ 1459615ms] [ERROR] Failed to load resource: net::ERR_CONNECTION_REFUSED @ http://localhost:3002/__tsd/console-pipe/sse:0
[ 1462618ms] [ERROR] Failed to load resource: net::ERR_CONNECTION_REFUSED @ http://localhost:3002/__tsd/console-pipe/sse:0
[ 1465622ms] [ERROR] Failed to load resource: net::ERR_CONNECTION_REFUSED @ http://localhost:3002/__tsd/console-pipe/sse:0
[ 1468625ms] [ERROR] Failed to load resource: net::ERR_CONNECTION_REFUSED @ http://localhost:3002/__tsd/console-pipe/sse:0
[ 1471628ms] [ERROR] Failed to load resource: net::ERR_CONNECTION_REFUSED @ http://localhost:3002/__tsd/console-pipe/sse:0
[ 1474181ms] [ERROR] Failed to load resource: net::ERR_CONNECTION_REFUSED @ http://localhost:3002/api/cloud/task-notifications:0
[ 1474631ms] [ERROR] Failed to load resource: net::ERR_CONNECTION_REFUSED @ http://localhost:3002/__tsd/console-pipe/sse:0
[ 1477634ms] [ERROR] Failed to load resource: net::ERR_CONNECTION_REFUSED @ http://localhost:3002/__tsd/console-pipe/sse:0
[ 1480637ms] [ERROR] Failed to load resource: net::ERR_CONNECTION_REFUSED @ http://localhost:3002/__tsd/console-pipe/sse:0
[ 1483641ms] [ERROR] Failed to load resource: net::ERR_CONNECTION_REFUSED @ http://localhost:3002/__tsd/console-pipe/sse:0
[ 1486644ms] [ERROR] Failed to load resource: net::ERR_CONNECTION_REFUSED @ http://localhost:3002/__tsd/console-pipe/sse:0
[ 1489181ms] [ERROR] Failed to load resource: net::ERR_CONNECTION_REFUSED @ http://localhost:3002/api/cloud/task-notifications:0
[ 1489647ms] [ERROR] Failed to load resource: net::ERR_CONNECTION_REFUSED @ http://localhost:3002/__tsd/console-pipe/sse:0
[ 1492650ms] [ERROR] Failed to load resource: net::ERR_CONNECTION_REFUSED @ http://localhost:3002/__tsd/console-pipe/sse:0
[ 1495654ms] [ERROR] Failed to load resource: net::ERR_CONNECTION_REFUSED @ http://localhost:3002/__tsd/console-pipe/sse:0
[ 1498657ms] [ERROR] Failed to load resource: net::ERR_CONNECTION_REFUSED @ http://localhost:3002/__tsd/console-pipe/sse:0
[ 1501660ms] [ERROR] Failed to load resource: net::ERR_CONNECTION_REFUSED @ http://localhost:3002/__tsd/console-pipe/sse:0
[ 1504181ms] [ERROR] Failed to load resource: net::ERR_CONNECTION_REFUSED @ http://localhost:3002/api/cloud/task-notifications:0
[ 1504663ms] [ERROR] Failed to load resource: net::ERR_CONNECTION_REFUSED @ http://localhost:3002/__tsd/console-pipe/sse:0
[ 1507665ms] [ERROR] Failed to load resource: net::ERR_CONNECTION_REFUSED @ http://localhost:3002/__tsd/console-pipe/sse:0
[ 1510668ms] [ERROR] Failed to load resource: net::ERR_CONNECTION_REFUSED @ http://localhost:3002/__tsd/console-pipe/sse:0
[ 1513671ms] [ERROR] Failed to load resource: net::ERR_CONNECTION_REFUSED @ http://localhost:3002/__tsd/console-pipe/sse:0
[ 1516674ms] [ERROR] Failed to load resource: net::ERR_CONNECTION_REFUSED @ http://localhost:3002/__tsd/console-pipe/sse:0
[ 1519182ms] [ERROR] Failed to load resource: net::ERR_CONNECTION_REFUSED @ http://localhost:3002/api/cloud/task-notifications:0
[ 1519677ms] [ERROR] Failed to load resource: net::ERR_CONNECTION_REFUSED @ http://localhost:3002/__tsd/console-pipe/sse:0
[ 1522681ms] [ERROR] Failed to load resource: net::ERR_CONNECTION_REFUSED @ http://localhost:3002/__tsd/console-pipe/sse:0
[ 1525683ms] [ERROR] Failed to load resource: net::ERR_CONNECTION_REFUSED @ http://localhost:3002/__tsd/console-pipe/sse:0
[ 1528686ms] [ERROR] Failed to load resource: net::ERR_CONNECTION_REFUSED @ http://localhost:3002/__tsd/console-pipe/sse:0
[ 1531689ms] [ERROR] Failed to load resource: net::ERR_CONNECTION_REFUSED @ http://localhost:3002/__tsd/console-pipe/sse:0
[ 1534183ms] [ERROR] Failed to load resource: net::ERR_CONNECTION_REFUSED @ http://localhost:3002/api/cloud/task-notifications:0
[ 1534692ms] [ERROR] Failed to load resource: net::ERR_CONNECTION_REFUSED @ http://localhost:3002/__tsd/console-pipe/sse:0
[ 1537695ms] [ERROR] Failed to load resource: net::ERR_CONNECTION_REFUSED @ http://localhost:3002/__tsd/console-pipe/sse:0
[ 1540698ms] [ERROR] Failed to load resource: net::ERR_CONNECTION_REFUSED @ http://localhost:3002/__tsd/console-pipe/sse:0
[ 1543700ms] [ERROR] Failed to load resource: net::ERR_CONNECTION_REFUSED @ http://localhost:3002/__tsd/console-pipe/sse:0
[ 1546703ms] [ERROR] Failed to load resource: net::ERR_CONNECTION_REFUSED @ http://localhost:3002/__tsd/console-pipe/sse:0
[ 1549182ms] [ERROR] Failed to load resource: net::ERR_CONNECTION_REFUSED @ http://localhost:3002/api/cloud/task-notifications:0
[ 1549730ms] [ERROR] Failed to load resource: net::ERR_CONNECTION_REFUSED @ http://localhost:3002/__tsd/console-pipe/sse:0
[ 1552733ms] [ERROR] Failed to load resource: net::ERR_CONNECTION_REFUSED @ http://localhost:3002/__tsd/console-pipe/sse:0
[ 1555738ms] [ERROR] Failed to load resource: net::ERR_CONNECTION_REFUSED @ http://localhost:3002/__tsd/console-pipe/sse:0
[ 1558741ms] [ERROR] Failed to load resource: net::ERR_CONNECTION_REFUSED @ http://localhost:3002/__tsd/console-pipe/sse:0
[ 1561744ms] [ERROR] Failed to load resource: net::ERR_CONNECTION_REFUSED @ http://localhost:3002/__tsd/console-pipe/sse:0
[ 1564184ms] [ERROR] Failed to load resource: net::ERR_CONNECTION_REFUSED @ http://localhost:3002/api/cloud/task-notifications:0
[ 1564747ms] [ERROR] Failed to load resource: net::ERR_CONNECTION_REFUSED @ http://localhost:3002/__tsd/console-pipe/sse:0
[ 1567750ms] [ERROR] Failed to load resource: net::ERR_CONNECTION_REFUSED @ http://localhost:3002/__tsd/console-pipe/sse:0
[ 1570753ms] [ERROR] Failed to load resource: net::ERR_CONNECTION_REFUSED @ http://localhost:3002/__tsd/console-pipe/sse:0
[ 1573757ms] [ERROR] Failed to load resource: net::ERR_CONNECTION_REFUSED @ http://localhost:3002/__tsd/console-pipe/sse:0
[ 1576760ms] [ERROR] Failed to load resource: net::ERR_CONNECTION_REFUSED @ http://localhost:3002/__tsd/console-pipe/sse:0
[ 1579183ms] [ERROR] Failed to load resource: net::ERR_CONNECTION_REFUSED @ http://localhost:3002/api/cloud/task-notifications:0
[ 1579784ms] [ERROR] Failed to load resource: net::ERR_CONNECTION_REFUSED @ http://localhost:3002/__tsd/console-pipe/sse:0
[ 1582788ms] [ERROR] Failed to load resource: net::ERR_CONNECTION_REFUSED @ http://localhost:3002/__tsd/console-pipe/sse:0
[ 1585791ms] [ERROR] Failed to load resource: net::ERR_CONNECTION_REFUSED @ http://localhost:3002/__tsd/console-pipe/sse:0
[ 1588795ms] [ERROR] Failed to load resource: net::ERR_CONNECTION_REFUSED @ http://localhost:3002/__tsd/console-pipe/sse:0
[ 1591798ms] [ERROR] Failed to load resource: net::ERR_CONNECTION_REFUSED @ http://localhost:3002/__tsd/console-pipe/sse:0
[ 1594183ms] [ERROR] Failed to load resource: net::ERR_CONNECTION_REFUSED @ http://localhost:3002/api/cloud/task-notifications:0
[ 1594802ms] [ERROR] Failed to load resource: net::ERR_CONNECTION_REFUSED @ http://localhost:3002/__tsd/console-pipe/sse:0
[ 1597806ms] [ERROR] Failed to load resource: net::ERR_CONNECTION_REFUSED @ http://localhost:3002/__tsd/console-pipe/sse:0
[ 1600853ms] [ERROR] Failed to load resource: net::ERR_CONNECTION_REFUSED @ http://localhost:3002/__tsd/console-pipe/sse:0
[ 1603855ms] [ERROR] Failed to load resource: net::ERR_CONNECTION_REFUSED @ http://localhost:3002/__tsd/console-pipe/sse:0
[ 1606859ms] [ERROR] Failed to load resource: net::ERR_CONNECTION_REFUSED @ http://localhost:3002/__tsd/console-pipe/sse:0
[ 1609184ms] [ERROR] Failed to load resource: net::ERR_CONNECTION_REFUSED @ http://localhost:3002/api/cloud/task-notifications:0
[ 1609865ms] [ERROR] Failed to load resource: net::ERR_CONNECTION_REFUSED @ http://localhost:3002/__tsd/console-pipe/sse:0
[ 1612868ms] [ERROR] Failed to load resource: net::ERR_CONNECTION_REFUSED @ http://localhost:3002/__tsd/console-pipe/sse:0
[ 1615886ms] [ERROR] Failed to load resource: net::ERR_CONNECTION_REFUSED @ http://localhost:3002/__tsd/console-pipe/sse:0
[ 1618890ms] [ERROR] Failed to load resource: net::ERR_CONNECTION_REFUSED @ http://localhost:3002/__tsd/console-pipe/sse:0
[ 1621894ms] [ERROR] Failed to load resource: net::ERR_CONNECTION_REFUSED @ http://localhost:3002/__tsd/console-pipe/sse:0
[ 1624183ms] [ERROR] Failed to load resource: net::ERR_CONNECTION_REFUSED @ http://localhost:3002/api/cloud/task-notifications:0
[ 1624897ms] [ERROR] Failed to load resource: net::ERR_CONNECTION_REFUSED @ http://localhost:3002/__tsd/console-pipe/sse:0
[ 1627900ms] [ERROR] Failed to load resource: net::ERR_CONNECTION_REFUSED @ http://localhost:3002/__tsd/console-pipe/sse:0
[ 1630903ms] [ERROR] Failed to load resource: net::ERR_CONNECTION_REFUSED @ http://localhost:3002/__tsd/console-pipe/sse:0
[ 1633909ms] [ERROR] Failed to load resource: net::ERR_CONNECTION_REFUSED @ http://localhost:3002/__tsd/console-pipe/sse:0
[ 1636921ms] [ERROR] Failed to load resource: net::ERR_CONNECTION_REFUSED @ http://localhost:3002/__tsd/console-pipe/sse:0
[ 1639185ms] [ERROR] Failed to load resource: net::ERR_CONNECTION_REFUSED @ http://localhost:3002/api/cloud/task-notifications:0
[ 1639923ms] [ERROR] Failed to load resource: net::ERR_CONNECTION_REFUSED @ http://localhost:3002/__tsd/console-pipe/sse:0
[ 1642933ms] [ERROR] Failed to load resource: net::ERR_CONNECTION_REFUSED @ http://localhost:3002/__tsd/console-pipe/sse:0
[ 1645937ms] [ERROR] Failed to load resource: net::ERR_CONNECTION_REFUSED @ http://localhost:3002/__tsd/console-pipe/sse:0
[ 1648940ms] [ERROR] Failed to load resource: net::ERR_CONNECTION_REFUSED @ http://localhost:3002/__tsd/console-pipe/sse:0
[ 1651944ms] [ERROR] Failed to load resource: net::ERR_CONNECTION_REFUSED @ http://localhost:3002/__tsd/console-pipe/sse:0
[ 1654185ms] [ERROR] Failed to load resource: net::ERR_CONNECTION_REFUSED @ http://localhost:3002/api/cloud/task-notifications:0
[ 1654946ms] [ERROR] Failed to load resource: net::ERR_CONNECTION_REFUSED @ http://localhost:3002/__tsd/console-pipe/sse:0
[ 1657951ms] [ERROR] Failed to load resource: net::ERR_CONNECTION_REFUSED @ http://localhost:3002/__tsd/console-pipe/sse:0
[ 1660954ms] [ERROR] Failed to load resource: net::ERR_CONNECTION_REFUSED @ http://localhost:3002/__tsd/console-pipe/sse:0
[ 1663956ms] [ERROR] Failed to load resource: net::ERR_CONNECTION_REFUSED @ http://localhost:3002/__tsd/console-pipe/sse:0
[ 1666965ms] [ERROR] Failed to load resource: net::ERR_CONNECTION_REFUSED @ http://localhost:3002/__tsd/console-pipe/sse:0
[ 1669192ms] [ERROR] Failed to load resource: net::ERR_CONNECTION_REFUSED @ http://localhost:3002/api/cloud/task-notifications:0
[ 1669968ms] [ERROR] Failed to load resource: net::ERR_CONNECTION_REFUSED @ http://localhost:3002/__tsd/console-pipe/sse:0
[ 1672970ms] [ERROR] Failed to load resource: net::ERR_CONNECTION_REFUSED @ http://localhost:3002/__tsd/console-pipe/sse:0
[ 1675974ms] [ERROR] Failed to load resource: net::ERR_CONNECTION_REFUSED @ http://localhost:3002/__tsd/console-pipe/sse:0
[ 1678987ms] [ERROR] Failed to load resource: net::ERR_CONNECTION_REFUSED @ http://localhost:3002/__tsd/console-pipe/sse:0
[ 1681990ms] [ERROR] Failed to load resource: net::ERR_CONNECTION_REFUSED @ http://localhost:3002/__tsd/console-pipe/sse:0
[ 1684186ms] [ERROR] Failed to load resource: net::ERR_CONNECTION_REFUSED @ http://localhost:3002/api/cloud/task-notifications:0
[ 1684992ms] [ERROR] Failed to load resource: net::ERR_CONNECTION_REFUSED @ http://localhost:3002/__tsd/console-pipe/sse:0
[ 1687996ms] [ERROR] Failed to load resource: net::ERR_CONNECTION_REFUSED @ http://localhost:3002/__tsd/console-pipe/sse:0
[ 1691005ms] [ERROR] Failed to load resource: net::ERR_CONNECTION_REFUSED @ http://localhost:3002/__tsd/console-pipe/sse:0
[ 1694009ms] [ERROR] Failed to load resource: net::ERR_CONNECTION_REFUSED @ http://localhost:3002/__tsd/console-pipe/sse:0
[ 1697013ms] [ERROR] Failed to load resource: net::ERR_CONNECTION_REFUSED @ http://localhost:3002/__tsd/console-pipe/sse:0
[ 1699198ms] [ERROR] Failed to load resource: net::ERR_CONNECTION_REFUSED @ http://localhost:3002/api/cloud/task-notifications:0
[ 1700014ms] [ERROR] Failed to load resource: net::ERR_CONNECTION_REFUSED @ http://localhost:3002/__tsd/console-pipe/sse:0
[ 1703040ms] [ERROR] Failed to load resource: net::ERR_CONNECTION_REFUSED @ http://localhost:3002/__tsd/console-pipe/sse:0
[ 1706045ms] [ERROR] Failed to load resource: net::ERR_CONNECTION_REFUSED @ http://localhost:3002/__tsd/console-pipe/sse:0
[ 1709046ms] [ERROR] Failed to load resource: net::ERR_CONNECTION_REFUSED @ http://localhost:3002/__tsd/console-pipe/sse:0
[ 1712049ms] [ERROR] Failed to load resource: net::ERR_CONNECTION_REFUSED @ http://localhost:3002/__tsd/console-pipe/sse:0
[ 1714186ms] [ERROR] Failed to load resource: net::ERR_CONNECTION_REFUSED @ http://localhost:3002/api/cloud/task-notifications:0
[ 1715052ms] [ERROR] Failed to load resource: net::ERR_CONNECTION_REFUSED @ http://localhost:3002/__tsd/console-pipe/sse:0
[ 1718055ms] [ERROR] Failed to load resource: net::ERR_CONNECTION_REFUSED @ http://localhost:3002/__tsd/console-pipe/sse:0
[ 1721057ms] [ERROR] Failed to load resource: net::ERR_CONNECTION_REFUSED @ http://localhost:3002/__tsd/console-pipe/sse:0
[ 1724060ms] [ERROR] Failed to load resource: net::ERR_CONNECTION_REFUSED @ http://localhost:3002/__tsd/console-pipe/sse:0
[ 1727064ms] [ERROR] Failed to load resource: net::ERR_CONNECTION_REFUSED @ http://localhost:3002/__tsd/console-pipe/sse:0
[ 1729189ms] [ERROR] Failed to load resource: net::ERR_CONNECTION_REFUSED @ http://localhost:3002/api/cloud/task-notifications:0
[ 1730068ms] [ERROR] Failed to load resource: net::ERR_CONNECTION_REFUSED @ http://localhost:3002/__tsd/console-pipe/sse:0
[ 1733070ms] [ERROR] Failed to load resource: net::ERR_CONNECTION_REFUSED @ http://localhost:3002/__tsd/console-pipe/sse:0
[ 1736073ms] [ERROR] Failed to load resource: net::ERR_CONNECTION_REFUSED @ http://localhost:3002/__tsd/console-pipe/sse:0
[ 1739076ms] [ERROR] Failed to load resource: net::ERR_CONNECTION_REFUSED @ http://localhost:3002/__tsd/console-pipe/sse:0
[ 1742079ms] [ERROR] Failed to load resource: net::ERR_CONNECTION_REFUSED @ http://localhost:3002/__tsd/console-pipe/sse:0
[ 1744186ms] [ERROR] Failed to load resource: net::ERR_CONNECTION_REFUSED @ http://localhost:3002/api/cloud/task-notifications:0
[ 1745082ms] [ERROR] Failed to load resource: net::ERR_CONNECTION_REFUSED @ http://localhost:3002/__tsd/console-pipe/sse:0
[ 1748085ms] [ERROR] Failed to load resource: net::ERR_CONNECTION_REFUSED @ http://localhost:3002/__tsd/console-pipe/sse:0
[ 1751088ms] [ERROR] Failed to load resource: net::ERR_CONNECTION_REFUSED @ http://localhost:3002/__tsd/console-pipe/sse:0
[ 1754090ms] [ERROR] Failed to load resource: net::ERR_CONNECTION_REFUSED @ http://localhost:3002/__tsd/console-pipe/sse:0
[ 1757091ms] [ERROR] Failed to load resource: net::ERR_CONNECTION_REFUSED @ http://localhost:3002/__tsd/console-pipe/sse:0
[ 1759184ms] [ERROR] Failed to load resource: net::ERR_CONNECTION_REFUSED @ http://localhost:3002/api/cloud/task-notifications:0
[ 1760093ms] [ERROR] Failed to load resource: net::ERR_CONNECTION_REFUSED @ http://localhost:3002/__tsd/console-pipe/sse:0
[ 1763095ms] [ERROR] Failed to load resource: net::ERR_CONNECTION_REFUSED @ http://localhost:3002/__tsd/console-pipe/sse:0
[ 1766098ms] [ERROR] Failed to load resource: net::ERR_CONNECTION_REFUSED @ http://localhost:3002/__tsd/console-pipe/sse:0
[ 1769102ms] [ERROR] Failed to load resource: net::ERR_CONNECTION_REFUSED @ http://localhost:3002/__tsd/console-pipe/sse:0
[ 1772105ms] [ERROR] Failed to load resource: net::ERR_CONNECTION_REFUSED @ http://localhost:3002/__tsd/console-pipe/sse:0
[ 1774186ms] [ERROR] Failed to load resource: net::ERR_CONNECTION_REFUSED @ http://localhost:3002/api/cloud/task-notifications:0
[ 1775107ms] [ERROR] Failed to load resource: net::ERR_CONNECTION_REFUSED @ http://localhost:3002/__tsd/console-pipe/sse:0
[ 1778110ms] [ERROR] Failed to load resource: net::ERR_CONNECTION_REFUSED @ http://localhost:3002/__tsd/console-pipe/sse:0
[ 1781112ms] [ERROR] Failed to load resource: net::ERR_CONNECTION_REFUSED @ http://localhost:3002/__tsd/console-pipe/sse:0
[ 1784114ms] [ERROR] Failed to load resource: net::ERR_CONNECTION_REFUSED @ http://localhost:3002/__tsd/console-pipe/sse:0
[ 1787117ms] [ERROR] Failed to load resource: net::ERR_CONNECTION_REFUSED @ http://localhost:3002/__tsd/console-pipe/sse:0
[ 1789186ms] [ERROR] Failed to load resource: net::ERR_CONNECTION_REFUSED @ http://localhost:3002/api/cloud/task-notifications:0
[ 1790120ms] [ERROR] Failed to load resource: net::ERR_CONNECTION_REFUSED @ http://localhost:3002/__tsd/console-pipe/sse:0
[ 1793123ms] [ERROR] Failed to load resource: net::ERR_CONNECTION_REFUSED @ http://localhost:3002/__tsd/console-pipe/sse:0
[ 1796125ms] [ERROR] Failed to load resource: net::ERR_CONNECTION_REFUSED @ http://localhost:3002/__tsd/console-pipe/sse:0
[ 1799128ms] [ERROR] Failed to load resource: net::ERR_CONNECTION_REFUSED @ http://localhost:3002/__tsd/console-pipe/sse:0
[ 1802133ms] [ERROR] Failed to load resource: net::ERR_CONNECTION_REFUSED @ http://localhost:3002/__tsd/console-pipe/sse:0
[ 1804187ms] [ERROR] Failed to load resource: net::ERR_CONNECTION_REFUSED @ http://localhost:3002/api/cloud/task-notifications:0
[ 1805136ms] [ERROR] Failed to load resource: net::ERR_CONNECTION_REFUSED @ http://localhost:3002/__tsd/console-pipe/sse:0
[ 1808139ms] [ERROR] Failed to load resource: net::ERR_CONNECTION_REFUSED @ http://localhost:3002/__tsd/console-pipe/sse:0
[ 1811141ms] [ERROR] Failed to load resource: net::ERR_CONNECTION_REFUSED @ http://localhost:3002/__tsd/console-pipe/sse:0
[ 1814143ms] [ERROR] Failed to load resource: net::ERR_CONNECTION_REFUSED @ http://localhost:3002/__tsd/console-pipe/sse:0
[ 1817147ms] [ERROR] Failed to load resource: net::ERR_CONNECTION_REFUSED @ http://localhost:3002/__tsd/console-pipe/sse:0
[ 1819187ms] [ERROR] Failed to load resource: net::ERR_CONNECTION_REFUSED @ http://localhost:3002/api/cloud/task-notifications:0
[ 1820149ms] [ERROR] Failed to load resource: net::ERR_CONNECTION_REFUSED @ http://localhost:3002/__tsd/console-pipe/sse:0
[ 1823153ms] [ERROR] Failed to load resource: net::ERR_CONNECTION_REFUSED @ http://localhost:3002/__tsd/console-pipe/sse:0
[ 1826156ms] [ERROR] Failed to load resource: net::ERR_CONNECTION_REFUSED @ http://localhost:3002/__tsd/console-pipe/sse:0
[ 1829160ms] [ERROR] Failed to load resource: net::ERR_CONNECTION_REFUSED @ http://localhost:3002/__tsd/console-pipe/sse:0
[ 1832162ms] [ERROR] Failed to load resource: net::ERR_CONNECTION_REFUSED @ http://localhost:3002/__tsd/console-pipe/sse:0
[ 1834188ms] [ERROR] Failed to load resource: net::ERR_CONNECTION_REFUSED @ http://localhost:3002/api/cloud/task-notifications:0
[ 1835164ms] [ERROR] Failed to load resource: net::ERR_CONNECTION_REFUSED @ http://localhost:3002/__tsd/console-pipe/sse:0
[ 1838168ms] [ERROR] Failed to load resource: net::ERR_CONNECTION_REFUSED @ http://localhost:3002/__tsd/console-pipe/sse:0
[ 1841170ms] [ERROR] Failed to load resource: net::ERR_CONNECTION_REFUSED @ http://localhost:3002/__tsd/console-pipe/sse:0
[ 1844174ms] [ERROR] Failed to load resource: net::ERR_CONNECTION_REFUSED @ http://localhost:3002/__tsd/console-pipe/sse:0
[ 1847176ms] [ERROR] Failed to load resource: net::ERR_CONNECTION_REFUSED @ http://localhost:3002/__tsd/console-pipe/sse:0
[ 1849187ms] [ERROR] Failed to load resource: net::ERR_CONNECTION_REFUSED @ http://localhost:3002/api/cloud/task-notifications:0
[ 1850179ms] [ERROR] Failed to load resource: net::ERR_CONNECTION_REFUSED @ http://localhost:3002/__tsd/console-pipe/sse:0
[ 1853182ms] [ERROR] Failed to load resource: net::ERR_CONNECTION_REFUSED @ http://localhost:3002/__tsd/console-pipe/sse:0
[ 1856185ms] [ERROR] Failed to load resource: net::ERR_CONNECTION_REFUSED @ http://localhost:3002/__tsd/console-pipe/sse:0
[ 1859188ms] [ERROR] Failed to load resource: net::ERR_CONNECTION_REFUSED @ http://localhost:3002/__tsd/console-pipe/sse:0
[ 1862191ms] [ERROR] Failed to load resource: net::ERR_CONNECTION_REFUSED @ http://localhost:3002/__tsd/console-pipe/sse:0
[ 1864186ms] [ERROR] Failed to load resource: net::ERR_CONNECTION_REFUSED @ http://localhost:3002/api/cloud/task-notifications:0
[ 1865194ms] [ERROR] Failed to load resource: net::ERR_CONNECTION_REFUSED @ http://localhost:3002/__tsd/console-pipe/sse:0
[ 1868196ms] [ERROR] Failed to load resource: net::ERR_CONNECTION_REFUSED @ http://localhost:3002/__tsd/console-pipe/sse:0
[ 1871533ms] [ERROR] Failed to load resource: net::ERR_CONNECTION_REFUSED @ http://localhost:3002/__tsd/console-pipe/sse:0
[ 1874553ms] [ERROR] Failed to load resource: net::ERR_CONNECTION_REFUSED @ http://localhost:3002/__tsd/console-pipe/sse:0
[ 1877572ms] [ERROR] Failed to load resource: net::ERR_CONNECTION_REFUSED @ http://localhost:3002/__tsd/console-pipe/sse:0
[ 1879525ms] [ERROR] Failed to load resource: net::ERR_CONNECTION_REFUSED @ http://localhost:3002/api/cloud/task-notifications:0
[ 1880600ms] [ERROR] Failed to load resource: net::ERR_CONNECTION_REFUSED @ http://localhost:3002/__tsd/console-pipe/sse:0
[ 1883698ms] [ERROR] Failed to load resource: net::ERR_CONNECTION_REFUSED @ http://localhost:3002/__tsd/console-pipe/sse:0
[ 1886753ms] [ERROR] Failed to load resource: net::ERR_CONNECTION_REFUSED @ http://localhost:3002/__tsd/console-pipe/sse:0
[ 1890244ms] [ERROR] Failed to load resource: net::ERR_CONNECTION_REFUSED @ http://localhost:3002/__tsd/console-pipe/sse:0
[ 1893339ms] [ERROR] Failed to load resource: net::ERR_CONNECTION_REFUSED @ http://localhost:3002/__tsd/console-pipe/sse:0
[ 1894296ms] [ERROR] Failed to load resource: net::ERR_CONNECTION_REFUSED @ http://localhost:3002/api/cloud/task-notifications:0
[ 1896494ms] [ERROR] Failed to load resource: net::ERR_CONNECTION_REFUSED @ http://localhost:3002/__tsd/console-pipe/sse:0
[ 1900023ms] [ERROR] Failed to load resource: net::ERR_CONNECTION_REFUSED @ http://localhost:3002/__tsd/console-pipe/sse:0
[ 1903038ms] [ERROR] Failed to load resource: net::ERR_CONNECTION_REFUSED @ http://localhost:3002/__tsd/console-pipe/sse:0
[ 1906837ms] [ERROR] Failed to load resource: net::ERR_CONNECTION_REFUSED @ http://localhost:3002/__tsd/console-pipe/sse:0
[ 1909698ms] [ERROR] Failed to load resource: net::ERR_CONNECTION_REFUSED @ http://localhost:3002/api/cloud/task-notifications:0
[ 1910010ms] [ERROR] Failed to load resource: net::ERR_CONNECTION_REFUSED @ http://localhost:3002/__tsd/console-pipe/sse:0
[ 1913015ms] [ERROR] Failed to load resource: net::ERR_CONNECTION_REFUSED @ http://localhost:3002/__tsd/console-pipe/sse:0
[ 1916018ms] [ERROR] Failed to load resource: net::ERR_CONNECTION_REFUSED @ http://localhost:3002/__tsd/console-pipe/sse:0
[ 1919025ms] [ERROR] Failed to load resource: net::ERR_CONNECTION_REFUSED @ http://localhost:3002/__tsd/console-pipe/sse:0
[ 1922028ms] [ERROR] Failed to load resource: net::ERR_CONNECTION_REFUSED @ http://localhost:3002/__tsd/console-pipe/sse:0
[ 1924216ms] [ERROR] Failed to load resource: net::ERR_CONNECTION_REFUSED @ http://localhost:3002/api/cloud/task-notifications:0
[ 1925032ms] [ERROR] Failed to load resource: net::ERR_CONNECTION_REFUSED @ http://localhost:3002/__tsd/console-pipe/sse:0
[ 1928035ms] [ERROR] Failed to load resource: net::ERR_CONNECTION_REFUSED @ http://localhost:3002/__tsd/console-pipe/sse:0
[ 1931044ms] [ERROR] Failed to load resource: net::ERR_CONNECTION_REFUSED @ http://localhost:3002/__tsd/console-pipe/sse:0
[ 1934047ms] [ERROR] Failed to load resource: net::ERR_CONNECTION_REFUSED @ http://localhost:3002/__tsd/console-pipe/sse:0
[ 1937055ms] [ERROR] Failed to load resource: net::ERR_CONNECTION_REFUSED @ http://localhost:3002/__tsd/console-pipe/sse:0
[ 1939197ms] [ERROR] Failed to load resource: net::ERR_CONNECTION_REFUSED @ http://localhost:3002/api/cloud/task-notifications:0
[ 1940058ms] [ERROR] Failed to load resource: net::ERR_CONNECTION_REFUSED @ http://localhost:3002/__tsd/console-pipe/sse:0
[ 1943061ms] [ERROR] Failed to load resource: net::ERR_CONNECTION_REFUSED @ http://localhost:3002/__tsd/console-pipe/sse:0
[ 1946065ms] [ERROR] Failed to load resource: net::ERR_CONNECTION_REFUSED @ http://localhost:3002/__tsd/console-pipe/sse:0
[ 1949069ms] [ERROR] Failed to load resource: net::ERR_CONNECTION_REFUSED @ http://localhost:3002/__tsd/console-pipe/sse:0
[ 1952072ms] [ERROR] Failed to load resource: net::ERR_CONNECTION_REFUSED @ http://localhost:3002/__tsd/console-pipe/sse:0
[ 1954188ms] [ERROR] Failed to load resource: net::ERR_CONNECTION_REFUSED @ http://localhost:3002/api/cloud/task-notifications:0
[ 1955075ms] [ERROR] Failed to load resource: net::ERR_CONNECTION_REFUSED @ http://localhost:3002/__tsd/console-pipe/sse:0
[ 1958077ms] [ERROR] Failed to load resource: net::ERR_CONNECTION_REFUSED @ http://localhost:3002/__tsd/console-pipe/sse:0
[ 1961081ms] [ERROR] Failed to load resource: net::ERR_CONNECTION_REFUSED @ http://localhost:3002/__tsd/console-pipe/sse:0
[ 1964085ms] [ERROR] Failed to load resource: net::ERR_CONNECTION_REFUSED @ http://localhost:3002/__tsd/console-pipe/sse:0
[ 1967087ms] [ERROR] Failed to load resource: net::ERR_CONNECTION_REFUSED @ http://localhost:3002/__tsd/console-pipe/sse:0
[ 1969189ms] [ERROR] Failed to load resource: net::ERR_CONNECTION_REFUSED @ http://localhost:3002/api/cloud/task-notifications:0
[ 1970090ms] [ERROR] Failed to load resource: net::ERR_CONNECTION_REFUSED @ http://localhost:3002/__tsd/console-pipe/sse:0
[ 1973102ms] [ERROR] Failed to load resource: net::ERR_CONNECTION_REFUSED @ http://localhost:3002/__tsd/console-pipe/sse:0
[ 1976106ms] [ERROR] Failed to load resource: net::ERR_CONNECTION_REFUSED @ http://localhost:3002/__tsd/console-pipe/sse:0
[ 1979110ms] [ERROR] Failed to load resource: net::ERR_CONNECTION_REFUSED @ http://localhost:3002/__tsd/console-pipe/sse:0
[ 1982113ms] [ERROR] Failed to load resource: net::ERR_CONNECTION_REFUSED @ http://localhost:3002/__tsd/console-pipe/sse:0
[ 1984197ms] [ERROR] Failed to load resource: net::ERR_CONNECTION_REFUSED @ http://localhost:3002/api/cloud/task-notifications:0
[ 1985115ms] [ERROR] Failed to load resource: net::ERR_CONNECTION_REFUSED @ http://localhost:3002/__tsd/console-pipe/sse:0
[ 1988120ms] [ERROR] Failed to load resource: net::ERR_CONNECTION_REFUSED @ http://localhost:3002/__tsd/console-pipe/sse:0
[ 1991122ms] [ERROR] Failed to load resource: net::ERR_CONNECTION_REFUSED @ http://localhost:3002/__tsd/console-pipe/sse:0
[ 1994126ms] [ERROR] Failed to load resource: net::ERR_CONNECTION_REFUSED @ http://localhost:3002/__tsd/console-pipe/sse:0
[ 1997128ms] [ERROR] Failed to load resource: net::ERR_CONNECTION_REFUSED @ http://localhost:3002/__tsd/console-pipe/sse:0
[ 1999190ms] [ERROR] Failed to load resource: net::ERR_CONNECTION_REFUSED @ http://localhost:3002/api/cloud/task-notifications:0
[ 2000131ms] [ERROR] Failed to load resource: net::ERR_CONNECTION_REFUSED @ http://localhost:3002/__tsd/console-pipe/sse:0
[ 2003135ms] [ERROR] Failed to load resource: net::ERR_CONNECTION_REFUSED @ http://localhost:3002/__tsd/console-pipe/sse:0
[ 2006141ms] [ERROR] Failed to load resource: net::ERR_CONNECTION_REFUSED @ http://localhost:3002/__tsd/console-pipe/sse:0
[ 2009153ms] [ERROR] Failed to load resource: net::ERR_CONNECTION_REFUSED @ http://localhost:3002/__tsd/console-pipe/sse:0
[ 2012157ms] [ERROR] Failed to load resource: net::ERR_CONNECTION_REFUSED @ http://localhost:3002/__tsd/console-pipe/sse:0
[ 2014190ms] [ERROR] Failed to load resource: net::ERR_CONNECTION_REFUSED @ http://localhost:3002/api/cloud/task-notifications:0
[ 2015159ms] [ERROR] Failed to load resource: net::ERR_CONNECTION_REFUSED @ http://localhost:3002/__tsd/console-pipe/sse:0
[ 2018162ms] [ERROR] Failed to load resource: net::ERR_CONNECTION_REFUSED @ http://localhost:3002/__tsd/console-pipe/sse:0
[ 2021163ms] [ERROR] Failed to load resource: net::ERR_CONNECTION_REFUSED @ http://localhost:3002/__tsd/console-pipe/sse:0
[ 2024165ms] [ERROR] Failed to load resource: net::ERR_CONNECTION_REFUSED @ http://localhost:3002/__tsd/console-pipe/sse:0
[ 2027168ms] [ERROR] Failed to load resource: net::ERR_CONNECTION_REFUSED @ http://localhost:3002/__tsd/console-pipe/sse:0
[ 2029189ms] [ERROR] Failed to load resource: net::ERR_CONNECTION_REFUSED @ http://localhost:3002/api/cloud/task-notifications:0
[ 2030170ms] [ERROR] Failed to load resource: net::ERR_CONNECTION_REFUSED @ http://localhost:3002/__tsd/console-pipe/sse:0
[ 2033174ms] [ERROR] Failed to load resource: net::ERR_CONNECTION_REFUSED @ http://localhost:3002/__tsd/console-pipe/sse:0
[ 2036180ms] [ERROR] Failed to load resource: net::ERR_CONNECTION_REFUSED @ http://localhost:3002/__tsd/console-pipe/sse:0
[ 2039223ms] [ERROR] Failed to load resource: net::ERR_CONNECTION_REFUSED @ http://localhost:3002/__tsd/console-pipe/sse:0
[ 2042228ms] [ERROR] Failed to load resource: net::ERR_CONNECTION_REFUSED @ http://localhost:3002/__tsd/console-pipe/sse:0
[ 2044495ms] [ERROR] Failed to load resource: net::ERR_CONNECTION_REFUSED @ http://localhost:3002/api/cloud/task-notifications:0
[ 2045981ms] [ERROR] Failed to load resource: net::ERR_CONNECTION_REFUSED @ http://localhost:3002/__tsd/console-pipe/sse:0
[ 2048989ms] [ERROR] Failed to load resource: net::ERR_CONNECTION_REFUSED @ http://localhost:3002/__tsd/console-pipe/sse:0
[ 2052057ms] [ERROR] Failed to load resource: net::ERR_CONNECTION_REFUSED @ http://localhost:3002/__tsd/console-pipe/sse:0
[ 2055114ms] [ERROR] Failed to load resource: net::ERR_CONNECTION_REFUSED @ http://localhost:3002/__tsd/console-pipe/sse:0
[ 2058503ms] [ERROR] Failed to load resource: net::ERR_CONNECTION_REFUSED @ http://localhost:3002/__tsd/console-pipe/sse:0
[ 2060408ms] [ERROR] Failed to load resource: net::ERR_CONNECTION_REFUSED @ http://localhost:3002/api/cloud/task-notifications:0
[ 2061583ms] [ERROR] Failed to load resource: net::ERR_CONNECTION_REFUSED @ http://localhost:3002/__tsd/console-pipe/sse:0
[ 2065585ms] [ERROR] Failed to load resource: net::ERR_CONNECTION_REFUSED @ http://localhost:3002/__tsd/console-pipe/sse:0
[ 2069088ms] [ERROR] Failed to load resource: net::ERR_CONNECTION_REFUSED @ http://localhost:3002/__tsd/console-pipe/sse:0
[ 2072255ms] [ERROR] Failed to load resource: net::ERR_CONNECTION_REFUSED @ http://localhost:3002/__tsd/console-pipe/sse:0
[ 2074871ms] [ERROR] Failed to load resource: net::ERR_CONNECTION_REFUSED @ http://localhost:3002/api/cloud/task-notifications:0
[ 2075429ms] [ERROR] Failed to load resource: net::ERR_CONNECTION_REFUSED @ http://localhost:3002/__tsd/console-pipe/sse:0
[ 2079649ms] [ERROR] Failed to load resource: net::ERR_CONNECTION_REFUSED @ http://localhost:3002/__tsd/console-pipe/sse:0
[ 2083414ms] [ERROR] Failed to load resource: net::ERR_CONNECTION_REFUSED @ http://localhost:3002/__tsd/console-pipe/sse:0
[ 2086739ms] [ERROR] Failed to load resource: net::ERR_CONNECTION_REFUSED @ http://localhost:3002/__tsd/console-pipe/sse:0
[ 2089835ms] [ERROR] Failed to load resource: net::ERR_CONNECTION_REFUSED @ http://localhost:3002/api/cloud/task-notifications:0
[ 2089839ms] [ERROR] Failed to load resource: net::ERR_CONNECTION_REFUSED @ http://localhost:3002/__tsd/console-pipe/sse:0
[ 2093143ms] [ERROR] Failed to load resource: net::ERR_CONNECTION_REFUSED @ http://localhost:3002/__tsd/console-pipe/sse:0
[ 2096707ms] [ERROR] Failed to load resource: net::ERR_CONNECTION_REFUSED @ http://localhost:3002/__tsd/console-pipe/sse:0
[ 2100028ms] [ERROR] Failed to load resource: net::ERR_CONNECTION_REFUSED @ http://localhost:3002/__tsd/console-pipe/sse:0
[ 2103638ms] [ERROR] Failed to load resource: net::ERR_CONNECTION_REFUSED @ http://localhost:3002/__tsd/console-pipe/sse:0
[ 2105086ms] [ERROR] Failed to load resource: net::ERR_CONNECTION_REFUSED @ http://localhost:3002/api/cloud/task-notifications:0
[ 2106755ms] [ERROR] Failed to load resource: net::ERR_CONNECTION_REFUSED @ http://localhost:3002/__tsd/console-pipe/sse:0
[ 2110130ms] [ERROR] Failed to load resource: net::ERR_CONNECTION_REFUSED @ http://localhost:3002/__tsd/console-pipe/sse:0
[ 2117051ms] [ERROR] Failed to load resource: net::ERR_CONNECTION_REFUSED @ http://localhost:3002/__tsd/console-pipe/sse:0
[ 2119263ms] [ERROR] Failed to load resource: net::ERR_CONNECTION_REFUSED @ http://localhost:3002/api/cloud/task-notifications:0
[ 2120821ms] [ERROR] Failed to load resource: net::ERR_CONNECTION_REFUSED @ http://localhost:3002/__tsd/console-pipe/sse:0
[ 2123957ms] [ERROR] Failed to load resource: net::ERR_CONNECTION_REFUSED @ http://localhost:3002/__tsd/console-pipe/sse:0
[ 2127104ms] [ERROR] Failed to load resource: net::ERR_CONNECTION_REFUSED @ http://localhost:3002/__tsd/console-pipe/sse:0
[ 2130297ms] [ERROR] Failed to load resource: net::ERR_CONNECTION_REFUSED @ http://localhost:3002/__tsd/console-pipe/sse:0
[ 2134088ms] [ERROR] Failed to load resource: net::ERR_CONNECTION_REFUSED @ http://localhost:3002/__tsd/console-pipe/sse:0
[ 2135552ms] [ERROR] Failed to load resource: net::ERR_CONNECTION_REFUSED @ http://localhost:3002/api/cloud/task-notifications:0
[ 2137028ms] [ERROR] Failed to load resource: net::ERR_CONNECTION_REFUSED @ http://localhost:3002/__tsd/console-pipe/sse:0
[ 2140432ms] [ERROR] Failed to load resource: net::ERR_CONNECTION_REFUSED @ http://localhost:3002/__tsd/console-pipe/sse:0
[ 2143569ms] [ERROR] Failed to load resource: net::ERR_CONNECTION_REFUSED @ http://localhost:3002/__tsd/console-pipe/sse:0
[ 2151353ms] [ERROR] Failed to load resource: net::ERR_CONNECTION_REFUSED @ http://localhost:3002/__tsd/console-pipe/sse:0
[ 2151955ms] [ERROR] Failed to load resource: net::ERR_CONNECTION_REFUSED @ http://localhost:3002/api/cloud/task-notifications:0
[ 2157599ms] [ERROR] Failed to load resource: net::ERR_CONNECTION_REFUSED @ http://localhost:3002/__tsd/console-pipe/sse:0
[ 2162112ms] [ERROR] Failed to load resource: net::ERR_CONNECTION_REFUSED @ http://localhost:3002/__tsd/console-pipe/sse:0
[ 2165323ms] [ERROR] Failed to load resource: net::ERR_CONNECTION_REFUSED @ http://localhost:3002/__tsd/console-pipe/sse:0
[ 2165326ms] [ERROR] Failed to load resource: net::ERR_CONNECTION_REFUSED @ http://localhost:3002/api/cloud/task-notifications:0
[ 2170254ms] [ERROR] Failed to load resource: net::ERR_CONNECTION_REFUSED @ http://localhost:3002/__tsd/console-pipe/sse:0
[ 2173284ms] [ERROR] Failed to load resource: net::ERR_CONNECTION_REFUSED @ http://localhost:3002/__tsd/console-pipe/sse:0
[ 2177016ms] [ERROR] Failed to load resource: net::ERR_CONNECTION_REFUSED @ http://localhost:3002/__tsd/console-pipe/sse:0
[ 2179702ms] [ERROR] Failed to load resource: net::ERR_CONNECTION_REFUSED @ http://localhost:3002/api/cloud/task-notifications:0
[ 2179949ms] [ERROR] Failed to load resource: net::ERR_CONNECTION_REFUSED @ http://localhost:3002/__tsd/console-pipe/sse:0
[ 2182951ms] [ERROR] Failed to load resource: net::ERR_CONNECTION_REFUSED @ http://localhost:3002/__tsd/console-pipe/sse:0
[ 2185955ms] [ERROR] Failed to load resource: net::ERR_CONNECTION_REFUSED @ http://localhost:3002/__tsd/console-pipe/sse:0
[ 2188957ms] [ERROR] Failed to load resource: net::ERR_CONNECTION_REFUSED @ http://localhost:3002/__tsd/console-pipe/sse:0
[ 2191960ms] [ERROR] Failed to load resource: net::ERR_CONNECTION_REFUSED @ http://localhost:3002/__tsd/console-pipe/sse:0
[ 2194193ms] [ERROR] Failed to load resource: net::ERR_CONNECTION_REFUSED @ http://localhost:3002/api/cloud/task-notifications:0
[ 2194962ms] [ERROR] Failed to load resource: net::ERR_CONNECTION_REFUSED @ http://localhost:3002/__tsd/console-pipe/sse:0
[ 2197966ms] [ERROR] Failed to load resource: net::ERR_CONNECTION_REFUSED @ http://localhost:3002/__tsd/console-pipe/sse:0
[ 2200970ms] [ERROR] Failed to load resource: net::ERR_CONNECTION_REFUSED @ http://localhost:3002/__tsd/console-pipe/sse:0
[ 2203974ms] [ERROR] Failed to load resource: net::ERR_CONNECTION_REFUSED @ http://localhost:3002/__tsd/console-pipe/sse:0
[ 2206977ms] [ERROR] Failed to load resource: net::ERR_CONNECTION_REFUSED @ http://localhost:3002/__tsd/console-pipe/sse:0
[ 2209193ms] [ERROR] Failed to load resource: net::ERR_CONNECTION_REFUSED @ http://localhost:3002/api/cloud/task-notifications:0
[ 2209985ms] [ERROR] Failed to load resource: net::ERR_CONNECTION_REFUSED @ http://localhost:3002/__tsd/console-pipe/sse:0
[ 2212988ms] [ERROR] Failed to load resource: net::ERR_CONNECTION_REFUSED @ http://localhost:3002/__tsd/console-pipe/sse:0
[ 2215992ms] [ERROR] Failed to load resource: net::ERR_CONNECTION_REFUSED @ http://localhost:3002/__tsd/console-pipe/sse:0
[ 2218996ms] [ERROR] Failed to load resource: net::ERR_CONNECTION_REFUSED @ http://localhost:3002/__tsd/console-pipe/sse:0
[ 2221999ms] [ERROR] Failed to load resource: net::ERR_CONNECTION_REFUSED @ http://localhost:3002/__tsd/console-pipe/sse:0
[ 2224196ms] [ERROR] Failed to load resource: net::ERR_CONNECTION_REFUSED @ http://localhost:3002/api/cloud/task-notifications:0
[ 2225001ms] [ERROR] Failed to load resource: net::ERR_CONNECTION_REFUSED @ http://localhost:3002/__tsd/console-pipe/sse:0
[ 2228005ms] [ERROR] Failed to load resource: net::ERR_CONNECTION_REFUSED @ http://localhost:3002/__tsd/console-pipe/sse:0
[ 2231008ms] [ERROR] Failed to load resource: net::ERR_CONNECTION_REFUSED @ http://localhost:3002/__tsd/console-pipe/sse:0
[ 2234012ms] [ERROR] Failed to load resource: net::ERR_CONNECTION_REFUSED @ http://localhost:3002/__tsd/console-pipe/sse:0
[ 2237015ms] [ERROR] Failed to load resource: net::ERR_CONNECTION_REFUSED @ http://localhost:3002/__tsd/console-pipe/sse:0
[ 2239195ms] [ERROR] Failed to load resource: net::ERR_CONNECTION_REFUSED @ http://localhost:3002/api/cloud/task-notifications:0
[ 2240017ms] [ERROR] Failed to load resource: net::ERR_CONNECTION_REFUSED @ http://localhost:3002/__tsd/console-pipe/sse:0
[ 2243021ms] [ERROR] Failed to load resource: net::ERR_CONNECTION_REFUSED @ http://localhost:3002/__tsd/console-pipe/sse:0
[ 2246024ms] [ERROR] Failed to load resource: net::ERR_CONNECTION_REFUSED @ http://localhost:3002/__tsd/console-pipe/sse:0
[ 2249027ms] [ERROR] Failed to load resource: net::ERR_CONNECTION_REFUSED @ http://localhost:3002/__tsd/console-pipe/sse:0
[ 2252031ms] [ERROR] Failed to load resource: net::ERR_CONNECTION_REFUSED @ http://localhost:3002/__tsd/console-pipe/sse:0
[ 2254194ms] [ERROR] Failed to load resource: net::ERR_CONNECTION_REFUSED @ http://localhost:3002/api/cloud/task-notifications:0
[ 2255033ms] [ERROR] Failed to load resource: net::ERR_CONNECTION_REFUSED @ http://localhost:3002/__tsd/console-pipe/sse:0
[ 2258043ms] [ERROR] Failed to load resource: net::ERR_CONNECTION_REFUSED @ http://localhost:3002/__tsd/console-pipe/sse:0
[ 2261047ms] [ERROR] Failed to load resource: net::ERR_CONNECTION_REFUSED @ http://localhost:3002/__tsd/console-pipe/sse:0
[ 2264049ms] [ERROR] Failed to load resource: net::ERR_CONNECTION_REFUSED @ http://localhost:3002/__tsd/console-pipe/sse:0
[ 2267053ms] [ERROR] Failed to load resource: net::ERR_CONNECTION_REFUSED @ http://localhost:3002/__tsd/console-pipe/sse:0
[ 2269205ms] [ERROR] Failed to load resource: net::ERR_CONNECTION_REFUSED @ http://localhost:3002/api/cloud/task-notifications:0
[ 2270057ms] [ERROR] Failed to load resource: net::ERR_CONNECTION_REFUSED @ http://localhost:3002/__tsd/console-pipe/sse:0
[ 2273061ms] [ERROR] Failed to load resource: net::ERR_CONNECTION_REFUSED @ http://localhost:3002/__tsd/console-pipe/sse:0
[ 2276066ms] [ERROR] Failed to load resource: net::ERR_CONNECTION_REFUSED @ http://localhost:3002/__tsd/console-pipe/sse:0
[ 2279069ms] [ERROR] Failed to load resource: net::ERR_CONNECTION_REFUSED @ http://localhost:3002/__tsd/console-pipe/sse:0
[ 2282071ms] [ERROR] Failed to load resource: net::ERR_CONNECTION_REFUSED @ http://localhost:3002/__tsd/console-pipe/sse:0
[ 2284193ms] [ERROR] Failed to load resource: net::ERR_CONNECTION_REFUSED @ http://localhost:3002/api/cloud/task-notifications:0
[ 2285074ms] [ERROR] Failed to load resource: net::ERR_CONNECTION_REFUSED @ http://localhost:3002/__tsd/console-pipe/sse:0
[ 2288076ms] [ERROR] Failed to load resource: net::ERR_CONNECTION_REFUSED @ http://localhost:3002/__tsd/console-pipe/sse:0
[ 2291079ms] [ERROR] Failed to load resource: net::ERR_CONNECTION_REFUSED @ http://localhost:3002/__tsd/console-pipe/sse:0
[ 2294084ms] [ERROR] Failed to load resource: net::ERR_CONNECTION_REFUSED @ http://localhost:3002/__tsd/console-pipe/sse:0
[ 2297088ms] [ERROR] Failed to load resource: net::ERR_CONNECTION_REFUSED @ http://localhost:3002/__tsd/console-pipe/sse:0
[ 2299195ms] [ERROR] Failed to load resource: net::ERR_CONNECTION_REFUSED @ http://localhost:3002/api/cloud/task-notifications:0
[ 2300089ms] [ERROR] Failed to load resource: net::ERR_CONNECTION_REFUSED @ http://localhost:3002/__tsd/console-pipe/sse:0
[ 2303091ms] [ERROR] Failed to load resource: net::ERR_CONNECTION_REFUSED @ http://localhost:3002/__tsd/console-pipe/sse:0
[ 2306093ms] [ERROR] Failed to load resource: net::ERR_CONNECTION_REFUSED @ http://localhost:3002/__tsd/console-pipe/sse:0
[ 2309096ms] [ERROR] Failed to load resource: net::ERR_CONNECTION_REFUSED @ http://localhost:3002/__tsd/console-pipe/sse:0
[ 2312103ms] [ERROR] Failed to load resource: net::ERR_CONNECTION_REFUSED @ http://localhost:3002/__tsd/console-pipe/sse:0
[ 2314198ms] [ERROR] Failed to load resource: net::ERR_CONNECTION_REFUSED @ http://localhost:3002/api/cloud/task-notifications:0
[ 2315106ms] [ERROR] Failed to load resource: net::ERR_CONNECTION_REFUSED @ http://localhost:3002/__tsd/console-pipe/sse:0
[ 2318109ms] [ERROR] Failed to load resource: net::ERR_CONNECTION_REFUSED @ http://localhost:3002/__tsd/console-pipe/sse:0
[ 2321111ms] [ERROR] Failed to load resource: net::ERR_CONNECTION_REFUSED @ http://localhost:3002/__tsd/console-pipe/sse:0
[ 2324115ms] [ERROR] Failed to load resource: net::ERR_CONNECTION_REFUSED @ http://localhost:3002/__tsd/console-pipe/sse:0
[ 2327132ms] [ERROR] Failed to load resource: net::ERR_CONNECTION_REFUSED @ http://localhost:3002/__tsd/console-pipe/sse:0
[ 2329416ms] [ERROR] Failed to load resource: net::ERR_CONNECTION_REFUSED @ http://localhost:3002/api/cloud/task-notifications:0
[ 2330290ms] [ERROR] Failed to load resource: net::ERR_CONNECTION_REFUSED @ http://localhost:3002/__tsd/console-pipe/sse:0
[ 2333337ms] [ERROR] Failed to load resource: net::ERR_CONNECTION_REFUSED @ http://localhost:3002/__tsd/console-pipe/sse:0
[ 2336347ms] [ERROR] Failed to load resource: net::ERR_CONNECTION_REFUSED @ http://localhost:3002/__tsd/console-pipe/sse:0
[ 2339707ms] [ERROR] Failed to load resource: net::ERR_CONNECTION_REFUSED @ http://localhost:3002/__tsd/console-pipe/sse:0
[ 2343052ms] [ERROR] Failed to load resource: net::ERR_CONNECTION_REFUSED @ http://localhost:3002/__tsd/console-pipe/sse:0
[ 2344314ms] [ERROR] Failed to load resource: net::ERR_CONNECTION_REFUSED @ http://localhost:3002/api/cloud/task-notifications:0
[ 2346294ms] [ERROR] Failed to load resource: net::ERR_CONNECTION_REFUSED @ http://localhost:3002/__tsd/console-pipe/sse:0
[ 2349923ms] [ERROR] Failed to load resource: net::ERR_CONNECTION_REFUSED @ http://localhost:3002/__tsd/console-pipe/sse:0
[ 2353006ms] [ERROR] Failed to load resource: net::ERR_CONNECTION_REFUSED @ http://localhost:3002/__tsd/console-pipe/sse:0
[ 2356649ms] [ERROR] Failed to load resource: net::ERR_CONNECTION_REFUSED @ http://localhost:3002/__tsd/console-pipe/sse:0
[ 2359775ms] [ERROR] Failed to load resource: net::ERR_CONNECTION_REFUSED @ http://localhost:3002/api/cloud/task-notifications:0
[ 2359786ms] [ERROR] Failed to load resource: net::ERR_CONNECTION_REFUSED @ http://localhost:3002/__tsd/console-pipe/sse:0
[ 2365805ms] [ERROR] Failed to load resource: net::ERR_CONNECTION_REFUSED @ http://localhost:3002/__tsd/console-pipe/sse:0
[ 2369042ms] [ERROR] Failed to load resource: net::ERR_CONNECTION_REFUSED @ http://localhost:3002/__tsd/console-pipe/sse:0
[ 2372357ms] [ERROR] Failed to load resource: net::ERR_CONNECTION_REFUSED @ http://localhost:3002/__tsd/console-pipe/sse:0
[ 2374275ms] [ERROR] Failed to load resource: net::ERR_CONNECTION_REFUSED @ http://localhost:3002/api/cloud/task-notifications:0
[ 2375525ms] [ERROR] Failed to load resource: net::ERR_CONNECTION_REFUSED @ http://localhost:3002/__tsd/console-pipe/sse:0
[ 2379064ms] [ERROR] Failed to load resource: net::ERR_CONNECTION_REFUSED @ http://localhost:3002/__tsd/console-pipe/sse:0
[ 2382018ms] [ERROR] Failed to load resource: net::ERR_CONNECTION_REFUSED @ http://localhost:3002/__tsd/console-pipe/sse:0
[ 2394690ms] [ERROR] Failed to load resource: net::ERR_CONNECTION_REFUSED @ http://localhost:3002/__tsd/console-pipe/sse:0
[ 2394949ms] [ERROR] Failed to load resource: net::ERR_CONNECTION_REFUSED @ http://localhost:3002/api/cloud/task-notifications:0
[ 2397697ms] [ERROR] Failed to load resource: net::ERR_CONNECTION_REFUSED @ http://localhost:3002/__tsd/console-pipe/sse:0
[ 2400703ms] [ERROR] Failed to load resource: net::ERR_CONNECTION_REFUSED @ http://localhost:3002/__tsd/console-pipe/sse:0
[ 2403719ms] [ERROR] Failed to load resource: net::ERR_CONNECTION_REFUSED @ http://localhost:3002/__tsd/console-pipe/sse:0
[ 2404393ms] [ERROR] Failed to load resource: net::ERR_CONNECTION_REFUSED @ http://localhost:3002/api/cloud/task-notifications:0
[ 2406753ms] [ERROR] Failed to load resource: net::ERR_CONNECTION_REFUSED @ http://localhost:3002/__tsd/console-pipe/sse:0
[ 2410213ms] [ERROR] Failed to load resource: net::ERR_CONNECTION_REFUSED @ http://localhost:3002/__tsd/console-pipe/sse:0
[ 2413320ms] [ERROR] Failed to load resource: net::ERR_CONNECTION_REFUSED @ http://localhost:3002/__tsd/console-pipe/sse:0
[ 2416462ms] [ERROR] Failed to load resource: net::ERR_CONNECTION_REFUSED @ http://localhost:3002/__tsd/console-pipe/sse:0
[ 2419310ms] [ERROR] Failed to load resource: net::ERR_CONNECTION_REFUSED @ http://localhost:3002/api/cloud/task-notifications:0
[ 2419534ms] [ERROR] Failed to load resource: net::ERR_CONNECTION_REFUSED @ http://localhost:3002/__tsd/console-pipe/sse:0
[ 2422653ms] [ERROR] Failed to load resource: net::ERR_CONNECTION_REFUSED @ http://localhost:3002/__tsd/console-pipe/sse:0
[ 2426035ms] [ERROR] Failed to load resource: net::ERR_CONNECTION_REFUSED @ http://localhost:3002/__tsd/console-pipe/sse:0
[ 2429203ms] [ERROR] Failed to load resource: net::ERR_CONNECTION_REFUSED @ http://localhost:3002/__tsd/console-pipe/sse:0
[ 2432422ms] [ERROR] Failed to load resource: net::ERR_CONNECTION_REFUSED @ http://localhost:3002/__tsd/console-pipe/sse:0
[ 2434745ms] [ERROR] Failed to load resource: net::ERR_CONNECTION_REFUSED @ http://localhost:3002/api/cloud/task-notifications:0
[ 2435521ms] [ERROR] Failed to load resource: net::ERR_CONNECTION_REFUSED @ http://localhost:3002/__tsd/console-pipe/sse:0
[ 2438672ms] [ERROR] Failed to load resource: net::ERR_CONNECTION_REFUSED @ http://localhost:3002/__tsd/console-pipe/sse:0
[ 2441742ms] [ERROR] Failed to load resource: net::ERR_CONNECTION_REFUSED @ http://localhost:3002/__tsd/console-pipe/sse:0
[ 2444808ms] [ERROR] Failed to load resource: net::ERR_CONNECTION_REFUSED @ http://localhost:3002/__tsd/console-pipe/sse:0
[ 2447947ms] [ERROR] Failed to load resource: net::ERR_CONNECTION_REFUSED @ http://localhost:3002/__tsd/console-pipe/sse:0
[ 2449208ms] [ERROR] Failed to load resource: net::ERR_CONNECTION_REFUSED @ http://localhost:3002/api/cloud/task-notifications:0
[ 2450949ms] [ERROR] Failed to load resource: net::ERR_CONNECTION_REFUSED @ http://localhost:3002/__tsd/console-pipe/sse:0
[ 2453951ms] [ERROR] Failed to load resource: net::ERR_CONNECTION_REFUSED @ http://localhost:3002/__tsd/console-pipe/sse:0
[ 2456955ms] [ERROR] Failed to load resource: net::ERR_CONNECTION_REFUSED @ http://localhost:3002/__tsd/console-pipe/sse:0
[ 2459960ms] [ERROR] Failed to load resource: net::ERR_CONNECTION_REFUSED @ http://localhost:3002/__tsd/console-pipe/sse:0
[ 2462963ms] [ERROR] Failed to load resource: net::ERR_CONNECTION_REFUSED @ http://localhost:3002/__tsd/console-pipe/sse:0
[ 2464202ms] [ERROR] Failed to load resource: net::ERR_CONNECTION_REFUSED @ http://localhost:3002/api/cloud/task-notifications:0
[ 2465965ms] [ERROR] Failed to load resource: net::ERR_CONNECTION_REFUSED @ http://localhost:3002/__tsd/console-pipe/sse:0
[ 2468968ms] [ERROR] Failed to load resource: net::ERR_CONNECTION_REFUSED @ http://localhost:3002/__tsd/console-pipe/sse:0
[ 2471971ms] [ERROR] Failed to load resource: net::ERR_CONNECTION_REFUSED @ http://localhost:3002/__tsd/console-pipe/sse:0
[ 2474974ms] [ERROR] Failed to load resource: net::ERR_CONNECTION_REFUSED @ http://localhost:3002/__tsd/console-pipe/sse:0
[ 2477976ms] [ERROR] Failed to load resource: net::ERR_CONNECTION_REFUSED @ http://localhost:3002/__tsd/console-pipe/sse:0
[ 2479202ms] [ERROR] Failed to load resource: net::ERR_CONNECTION_REFUSED @ http://localhost:3002/api/cloud/task-notifications:0
[ 2480978ms] [ERROR] Failed to load resource: net::ERR_CONNECTION_REFUSED @ http://localhost:3002/__tsd/console-pipe/sse:0
[ 2483981ms] [ERROR] Failed to load resource: net::ERR_CONNECTION_REFUSED @ http://localhost:3002/__tsd/console-pipe/sse:0
[ 2486983ms] [ERROR] Failed to load resource: net::ERR_CONNECTION_REFUSED @ http://localhost:3002/__tsd/console-pipe/sse:0
[ 2489987ms] [ERROR] Failed to load resource: net::ERR_CONNECTION_REFUSED @ http://localhost:3002/__tsd/console-pipe/sse:0
[ 2492991ms] [ERROR] Failed to load resource: net::ERR_CONNECTION_REFUSED @ http://localhost:3002/__tsd/console-pipe/sse:0
[ 2494200ms] [ERROR] Failed to load resource: net::ERR_CONNECTION_REFUSED @ http://localhost:3002/api/cloud/task-notifications:0
[ 2496025ms] [ERROR] Failed to load resource: net::ERR_CONNECTION_REFUSED @ http://localhost:3002/__tsd/console-pipe/sse:0
[ 2499028ms] [ERROR] Failed to load resource: net::ERR_CONNECTION_REFUSED @ http://localhost:3002/__tsd/console-pipe/sse:0
[ 2502030ms] [ERROR] Failed to load resource: net::ERR_CONNECTION_REFUSED @ http://localhost:3002/__tsd/console-pipe/sse:0
[ 2505034ms] [ERROR] Failed to load resource: net::ERR_CONNECTION_REFUSED @ http://localhost:3002/__tsd/console-pipe/sse:0
[ 2508037ms] [ERROR] Failed to load resource: net::ERR_CONNECTION_REFUSED @ http://localhost:3002/__tsd/console-pipe/sse:0
[ 2509196ms] [ERROR] Failed to load resource: net::ERR_CONNECTION_REFUSED @ http://localhost:3002/api/cloud/task-notifications:0
[ 2511041ms] [ERROR] Failed to load resource: net::ERR_CONNECTION_REFUSED @ http://localhost:3002/__tsd/console-pipe/sse:0
[ 2514043ms] [ERROR] Failed to load resource: net::ERR_CONNECTION_REFUSED @ http://localhost:3002/__tsd/console-pipe/sse:0
[ 2517046ms] [ERROR] Failed to load resource: net::ERR_CONNECTION_REFUSED @ http://localhost:3002/__tsd/console-pipe/sse:0
[ 2520049ms] [ERROR] Failed to load resource: net::ERR_CONNECTION_REFUSED @ http://localhost:3002/__tsd/console-pipe/sse:0
[ 2523052ms] [ERROR] Failed to load resource: net::ERR_CONNECTION_REFUSED @ http://localhost:3002/__tsd/console-pipe/sse:0
[ 2524198ms] [ERROR] Failed to load resource: net::ERR_CONNECTION_REFUSED @ http://localhost:3002/api/cloud/task-notifications:0
[ 2526055ms] [ERROR] Failed to load resource: net::ERR_CONNECTION_REFUSED @ http://localhost:3002/__tsd/console-pipe/sse:0
[ 2529057ms] [ERROR] Failed to load resource: net::ERR_CONNECTION_REFUSED @ http://localhost:3002/__tsd/console-pipe/sse:0
[ 2532061ms] [ERROR] Failed to load resource: net::ERR_CONNECTION_REFUSED @ http://localhost:3002/__tsd/console-pipe/sse:0
[ 2535064ms] [ERROR] Failed to load resource: net::ERR_CONNECTION_REFUSED @ http://localhost:3002/__tsd/console-pipe/sse:0
[ 2538069ms] [ERROR] Failed to load resource: net::ERR_CONNECTION_REFUSED @ http://localhost:3002/__tsd/console-pipe/sse:0
[ 2539201ms] [ERROR] Failed to load resource: net::ERR_CONNECTION_REFUSED @ http://localhost:3002/api/cloud/task-notifications:0
[ 2541072ms] [ERROR] Failed to load resource: net::ERR_CONNECTION_REFUSED @ http://localhost:3002/__tsd/console-pipe/sse:0
[ 2544076ms] [ERROR] Failed to load resource: net::ERR_CONNECTION_REFUSED @ http://localhost:3002/__tsd/console-pipe/sse:0
[ 2547080ms] [ERROR] Failed to load resource: net::ERR_CONNECTION_REFUSED @ http://localhost:3002/__tsd/console-pipe/sse:0
[ 2550085ms] [ERROR] Failed to load resource: net::ERR_CONNECTION_REFUSED @ http://localhost:3002/__tsd/console-pipe/sse:0
[ 2553088ms] [ERROR] Failed to load resource: net::ERR_CONNECTION_REFUSED @ http://localhost:3002/__tsd/console-pipe/sse:0
[ 2554200ms] [ERROR] Failed to load resource: net::ERR_CONNECTION_REFUSED @ http://localhost:3002/api/cloud/task-notifications:0
[ 2556092ms] [ERROR] Failed to load resource: net::ERR_CONNECTION_REFUSED @ http://localhost:3002/__tsd/console-pipe/sse:0
[ 2559096ms] [ERROR] Failed to load resource: net::ERR_CONNECTION_REFUSED @ http://localhost:3002/__tsd/console-pipe/sse:0
[ 2562099ms] [ERROR] Failed to load resource: net::ERR_CONNECTION_REFUSED @ http://localhost:3002/__tsd/console-pipe/sse:0
[ 2565104ms] [ERROR] Failed to load resource: net::ERR_CONNECTION_REFUSED @ http://localhost:3002/__tsd/console-pipe/sse:0
[ 2568151ms] [ERROR] Failed to load resource: net::ERR_CONNECTION_REFUSED @ http://localhost:3002/__tsd/console-pipe/sse:0
[ 2569199ms] [ERROR] Failed to load resource: net::ERR_CONNECTION_REFUSED @ http://localhost:3002/api/cloud/task-notifications:0
[ 2571155ms] [ERROR] Failed to load resource: net::ERR_CONNECTION_REFUSED @ http://localhost:3002/__tsd/console-pipe/sse:0
[ 2574160ms] [ERROR] Failed to load resource: net::ERR_CONNECTION_REFUSED @ http://localhost:3002/__tsd/console-pipe/sse:0
[ 2577246ms] [ERROR] Failed to load resource: net::ERR_CONNECTION_REFUSED @ http://localhost:3002/__tsd/console-pipe/sse:0
[ 2580264ms] [ERROR] Failed to load resource: net::ERR_CONNECTION_REFUSED @ http://localhost:3002/__tsd/console-pipe/sse:0
[ 2583305ms] [ERROR] Failed to load resource: net::ERR_CONNECTION_REFUSED @ http://localhost:3002/__tsd/console-pipe/sse:0
[ 2584278ms] [ERROR] Failed to load resource: net::ERR_CONNECTION_REFUSED @ http://localhost:3002/api/cloud/task-notifications:0
[ 2586415ms] [ERROR] Failed to load resource: net::ERR_CONNECTION_REFUSED @ http://localhost:3002/__tsd/console-pipe/sse:0
[ 2589446ms] [ERROR] Failed to load resource: net::ERR_CONNECTION_REFUSED @ http://localhost:3002/__tsd/console-pipe/sse:0
[ 2592517ms] [ERROR] Failed to load resource: net::ERR_CONNECTION_REFUSED @ http://localhost:3002/__tsd/console-pipe/sse:0
[ 2595698ms] [ERROR] Failed to load resource: net::ERR_CONNECTION_REFUSED @ http://localhost:3002/__tsd/console-pipe/sse:0
[ 2598807ms] [ERROR] Failed to load resource: net::ERR_CONNECTION_REFUSED @ http://localhost:3002/__tsd/console-pipe/sse:0
[ 2599486ms] [ERROR] Failed to load resource: net::ERR_CONNECTION_REFUSED @ http://localhost:3002/api/cloud/task-notifications:0
[ 2601814ms] [ERROR] Failed to load resource: net::ERR_CONNECTION_REFUSED @ http://localhost:3002/__tsd/console-pipe/sse:0
[ 2604824ms] [ERROR] Failed to load resource: net::ERR_CONNECTION_REFUSED @ http://localhost:3002/__tsd/console-pipe/sse:0
[ 2607964ms] [ERROR] Failed to load resource: net::ERR_CONNECTION_REFUSED @ http://localhost:3002/__tsd/console-pipe/sse:0
[ 2610975ms] [ERROR] Failed to load resource: net::ERR_CONNECTION_REFUSED @ http://localhost:3002/__tsd/console-pipe/sse:0
[ 2615557ms] [ERROR] Failed to load resource: net::ERR_CONNECTION_REFUSED @ http://localhost:3002/__tsd/console-pipe/sse:0
[ 2615557ms] [ERROR] Failed to load resource: net::ERR_CONNECTION_REFUSED @ http://localhost:3002/api/cloud/task-notifications:0
[ 2618875ms] [ERROR] Failed to load resource: net::ERR_CONNECTION_REFUSED @ http://localhost:3002/__tsd/console-pipe/sse:0
[ 2622040ms] [ERROR] Failed to load resource: net::ERR_CONNECTION_REFUSED @ http://localhost:3002/__tsd/console-pipe/sse:0
[ 2625059ms] [ERROR] Failed to load resource: net::ERR_CONNECTION_REFUSED @ http://localhost:3002/__tsd/console-pipe/sse:0
[ 2628242ms] [ERROR] Failed to load resource: net::ERR_CONNECTION_REFUSED @ http://localhost:3002/__tsd/console-pipe/sse:0
[ 2629319ms] [ERROR] Failed to load resource: net::ERR_CONNECTION_REFUSED @ http://localhost:3002/api/cloud/task-notifications:0
[ 2631749ms] [ERROR] Failed to load resource: net::ERR_CONNECTION_REFUSED @ http://localhost:3002/__tsd/console-pipe/sse:0
[ 2634770ms] [ERROR] Failed to load resource: net::ERR_CONNECTION_REFUSED @ http://localhost:3002/__tsd/console-pipe/sse:0
[ 2637772ms] [ERROR] Failed to load resource: net::ERR_CONNECTION_REFUSED @ http://localhost:3002/__tsd/console-pipe/sse:0
[ 2640774ms] [ERROR] Failed to load resource: net::ERR_CONNECTION_REFUSED @ http://localhost:3002/__tsd/console-pipe/sse:0
[ 2643779ms] [ERROR] Failed to load resource: net::ERR_CONNECTION_REFUSED @ http://localhost:3002/__tsd/console-pipe/sse:0
[ 2644201ms] [ERROR] Failed to load resource: net::ERR_CONNECTION_REFUSED @ http://localhost:3002/api/cloud/task-notifications:0
[ 2646782ms] [ERROR] Failed to load resource: net::ERR_CONNECTION_REFUSED @ http://localhost:3002/__tsd/console-pipe/sse:0
[ 2649788ms] [ERROR] Failed to load resource: net::ERR_CONNECTION_REFUSED @ http://localhost:3002/__tsd/console-pipe/sse:0
[ 2652791ms] [ERROR] Failed to load resource: net::ERR_CONNECTION_REFUSED @ http://localhost:3002/__tsd/console-pipe/sse:0
[ 2655794ms] [ERROR] Failed to load resource: net::ERR_CONNECTION_REFUSED @ http://localhost:3002/__tsd/console-pipe/sse:0
[ 2658797ms] [ERROR] Failed to load resource: net::ERR_CONNECTION_REFUSED @ http://localhost:3002/__tsd/console-pipe/sse:0
[ 2659202ms] [ERROR] Failed to load resource: net::ERR_CONNECTION_REFUSED @ http://localhost:3002/api/cloud/task-notifications:0
[ 2661805ms] [ERROR] Failed to load resource: net::ERR_CONNECTION_REFUSED @ http://localhost:3002/__tsd/console-pipe/sse:0
[ 2664808ms] [ERROR] Failed to load resource: net::ERR_CONNECTION_REFUSED @ http://localhost:3002/__tsd/console-pipe/sse:0
[ 2667813ms] [ERROR] Failed to load resource: net::ERR_CONNECTION_REFUSED @ http://localhost:3002/__tsd/console-pipe/sse:0
[ 2670816ms] [ERROR] Failed to load resource: net::ERR_CONNECTION_REFUSED @ http://localhost:3002/__tsd/console-pipe/sse:0
[ 2673818ms] [ERROR] Failed to load resource: net::ERR_CONNECTION_REFUSED @ http://localhost:3002/__tsd/console-pipe/sse:0
[ 2674200ms] [ERROR] Failed to load resource: net::ERR_CONNECTION_REFUSED @ http://localhost:3002/api/cloud/task-notifications:0
[ 2676821ms] [ERROR] Failed to load resource: net::ERR_CONNECTION_REFUSED @ http://localhost:3002/__tsd/console-pipe/sse:0
[ 2679827ms] [ERROR] Failed to load resource: net::ERR_CONNECTION_REFUSED @ http://localhost:3002/__tsd/console-pipe/sse:0
[ 2682829ms] [ERROR] Failed to load resource: net::ERR_CONNECTION_REFUSED @ http://localhost:3002/__tsd/console-pipe/sse:0
[ 2685837ms] [ERROR] Failed to load resource: net::ERR_CONNECTION_REFUSED @ http://localhost:3002/__tsd/console-pipe/sse:0
[ 2688840ms] [ERROR] Failed to load resource: net::ERR_CONNECTION_REFUSED @ http://localhost:3002/__tsd/console-pipe/sse:0
[ 2689201ms] [ERROR] Failed to load resource: net::ERR_CONNECTION_REFUSED @ http://localhost:3002/api/cloud/task-notifications:0
[ 2691844ms] [ERROR] Failed to load resource: net::ERR_CONNECTION_REFUSED @ http://localhost:3002/__tsd/console-pipe/sse:0
[ 2694846ms] [ERROR] Failed to load resource: net::ERR_CONNECTION_REFUSED @ http://localhost:3002/__tsd/console-pipe/sse:0
[ 2697900ms] [ERROR] Failed to load resource: net::ERR_CONNECTION_REFUSED @ http://localhost:3002/__tsd/console-pipe/sse:0
[ 2701178ms] [ERROR] Failed to load resource: net::ERR_CONNECTION_REFUSED @ http://localhost:3002/__tsd/console-pipe/sse:0
[ 2704264ms] [ERROR] Failed to load resource: net::ERR_CONNECTION_REFUSED @ http://localhost:3002/__tsd/console-pipe/sse:0
[ 2704264ms] [ERROR] Failed to load resource: net::ERR_CONNECTION_REFUSED @ http://localhost:3002/api/cloud/task-notifications:0
[ 2707271ms] [ERROR] Failed to load resource: net::ERR_CONNECTION_REFUSED @ http://localhost:3002/__tsd/console-pipe/sse:0
[ 2710279ms] [ERROR] Failed to load resource: net::ERR_CONNECTION_REFUSED @ http://localhost:3002/__tsd/console-pipe/sse:0
[ 2713289ms] [ERROR] Failed to load resource: net::ERR_CONNECTION_REFUSED @ http://localhost:3002/__tsd/console-pipe/sse:0
[ 2716354ms] [ERROR] Failed to load resource: net::ERR_CONNECTION_REFUSED @ http://localhost:3002/__tsd/console-pipe/sse:0
[ 2719235ms] [ERROR] Failed to load resource: net::ERR_CONNECTION_REFUSED @ http://localhost:3002/api/cloud/task-notifications:0
[ 2719491ms] [ERROR] Failed to load resource: net::ERR_CONNECTION_REFUSED @ http://localhost:3002/__tsd/console-pipe/sse:0
[ 2725170ms] [ERROR] Failed to load resource: net::ERR_CONNECTION_REFUSED @ http://localhost:3002/__tsd/console-pipe/sse:0
[ 2729070ms] [ERROR] Failed to load resource: net::ERR_CONNECTION_REFUSED @ http://localhost:3002/__tsd/console-pipe/sse:0
[ 2734114ms] [ERROR] Failed to load resource: net::ERR_CONNECTION_REFUSED @ http://localhost:3002/__tsd/console-pipe/sse:0
[ 2737193ms] [ERROR] Failed to load resource: net::ERR_CONNECTION_REFUSED @ http://localhost:3002/api/cloud/task-notifications:0
[ 2738859ms] [ERROR] Failed to load resource: net::ERR_CONNECTION_REFUSED @ http://localhost:3002/__tsd/console-pipe/sse:0
[ 2742801ms] [ERROR] Failed to load resource: net::ERR_CONNECTION_REFUSED @ http://localhost:3002/__tsd/console-pipe/sse:0
[ 2747667ms] [ERROR] Failed to load resource: net::ERR_CONNECTION_REFUSED @ http://localhost:3002/__tsd/console-pipe/sse:0
[ 2749884ms] [ERROR] Failed to load resource: net::ERR_CONNECTION_REFUSED @ http://localhost:3002/api/cloud/task-notifications:0
[ 2751516ms] [ERROR] Failed to load resource: net::ERR_CONNECTION_REFUSED @ http://localhost:3002/__tsd/console-pipe/sse:0
[ 2754700ms] [ERROR] Failed to load resource: net::ERR_CONNECTION_REFUSED @ http://localhost:3002/__tsd/console-pipe/sse:0
[ 2763464ms] [ERROR] Failed to load resource: net::ERR_CONNECTION_REFUSED @ http://localhost:3002/__tsd/console-pipe/sse:0
[ 2765682ms] [ERROR] Failed to load resource: net::ERR_CONNECTION_REFUSED @ http://localhost:3002/api/cloud/task-notifications:0
[ 2766680ms] [ERROR] Failed to load resource: net::ERR_CONNECTION_REFUSED @ http://localhost:3002/__tsd/console-pipe/sse:0
[ 2770116ms] [ERROR] Failed to load resource: net::ERR_CONNECTION_REFUSED @ http://localhost:3002/__tsd/console-pipe/sse:0
[ 2773525ms] [ERROR] Failed to load resource: net::ERR_CONNECTION_REFUSED @ http://localhost:3002/__tsd/console-pipe/sse:0
[ 2778492ms] [ERROR] Failed to load resource: net::ERR_CONNECTION_REFUSED @ http://localhost:3002/__tsd/console-pipe/sse:0
[ 2779954ms] [ERROR] Failed to load resource: net::ERR_CONNECTION_REFUSED @ http://localhost:3002/api/cloud/task-notifications:0
[ 2782519ms] [ERROR] Failed to load resource: net::ERR_CONNECTION_REFUSED @ http://localhost:3002/__tsd/console-pipe/sse:0
[ 2785524ms] [ERROR] Failed to load resource: net::ERR_CONNECTION_REFUSED @ http://localhost:3002/__tsd/console-pipe/sse:0
[ 2788714ms] [ERROR] Failed to load resource: net::ERR_CONNECTION_REFUSED @ http://localhost:3002/__tsd/console-pipe/sse:0
[ 2791900ms] [ERROR] Failed to load resource: net::ERR_CONNECTION_REFUSED @ http://localhost:3002/__tsd/console-pipe/sse:0
[ 2794482ms] [ERROR] Failed to load resource: net::ERR_CONNECTION_REFUSED @ http://localhost:3002/api/cloud/task-notifications:0
[ 2794980ms] [ERROR] Failed to load resource: net::ERR_CONNECTION_REFUSED @ http://localhost:3002/__tsd/console-pipe/sse:0
[ 2801022ms] [ERROR] Failed to load resource: net::ERR_CONNECTION_REFUSED @ http://localhost:3002/__tsd/console-pipe/sse:0
[ 2804689ms] [ERROR] Failed to load resource: net::ERR_CONNECTION_REFUSED @ http://localhost:3002/__tsd/console-pipe/sse:0
[ 2807839ms] [ERROR] Failed to load resource: net::ERR_CONNECTION_REFUSED @ http://localhost:3002/__tsd/console-pipe/sse:0
[ 2809318ms] [ERROR] Failed to load resource: net::ERR_CONNECTION_REFUSED @ http://localhost:3002/api/cloud/task-notifications:0
[ 2811174ms] [ERROR] Failed to load resource: net::ERR_CONNECTION_REFUSED @ http://localhost:3002/__tsd/console-pipe/sse:0
[ 2814457ms] [ERROR] Failed to load resource: net::ERR_CONNECTION_REFUSED @ http://localhost:3002/__tsd/console-pipe/sse:0
[ 2818080ms] [ERROR] Failed to load resource: net::ERR_CONNECTION_REFUSED @ http://localhost:3002/__tsd/console-pipe/sse:0
[ 2822076ms] [ERROR] Failed to load resource: net::ERR_CONNECTION_REFUSED @ http://localhost:3002/__tsd/console-pipe/sse:0
[ 2825710ms] [ERROR] Failed to load resource: net::ERR_CONNECTION_REFUSED @ http://localhost:3002/api/cloud/task-notifications:0
[ 2825710ms] [ERROR] Failed to load resource: net::ERR_CONNECTION_REFUSED @ http://localhost:3002/__tsd/console-pipe/sse:0
[ 2829274ms] [ERROR] Failed to load resource: net::ERR_CONNECTION_REFUSED @ http://localhost:3002/__tsd/console-pipe/sse:0
[ 2832835ms] [ERROR] Failed to load resource: net::ERR_CONNECTION_REFUSED @ http://localhost:3002/__tsd/console-pipe/sse:0
[ 2837701ms] [ERROR] Failed to load resource: net::ERR_CONNECTION_REFUSED @ http://localhost:3002/__tsd/console-pipe/sse:0
[ 2839635ms] [ERROR] Failed to load resource: net::ERR_CONNECTION_REFUSED @ http://localhost:3002/api/cloud/task-notifications:0
[ 2841130ms] [ERROR] Failed to load resource: net::ERR_CONNECTION_REFUSED @ http://localhost:3002/__tsd/console-pipe/sse:0
[ 2844398ms] [ERROR] Failed to load resource: net::ERR_CONNECTION_REFUSED @ http://localhost:3002/__tsd/console-pipe/sse:0
[ 2847452ms] [ERROR] Failed to load resource: net::ERR_CONNECTION_REFUSED @ http://localhost:3002/__tsd/console-pipe/sse:0
[ 2854109ms] [ERROR] Failed to load resource: net::ERR_CONNECTION_REFUSED @ http://localhost:3002/__tsd/console-pipe/sse:0
[ 2856138ms] [ERROR] Failed to load resource: net::ERR_CONNECTION_REFUSED @ http://localhost:3002/api/cloud/task-notifications:0
[ 2857309ms] [ERROR] Failed to load resource: net::ERR_CONNECTION_REFUSED @ http://localhost:3002/__tsd/console-pipe/sse:0
[ 2875198ms] [ERROR] Failed to load resource: net::ERR_CONNECTION_REFUSED @ http://localhost:3002/__tsd/console-pipe/sse:0
[ 2875215ms] [ERROR] Failed to load resource: net::ERR_CONNECTION_REFUSED @ http://localhost:3002/api/cloud/task-notifications:0
[ 2878158ms] [ERROR] Failed to load resource: net::ERR_CONNECTION_REFUSED @ http://localhost:3002/__tsd/console-pipe/sse:0
[ 2881659ms] [ERROR] Failed to load resource: net::ERR_CONNECTION_REFUSED @ http://localhost:3002/__tsd/console-pipe/sse:0
[ 2891510ms] [ERROR] Failed to load resource: net::ERR_CONNECTION_REFUSED @ http://localhost:3002/__tsd/console-pipe/sse:0
[ 2891510ms] [ERROR] Failed to load resource: net::ERR_CONNECTION_REFUSED @ http://localhost:3002/api/cloud/task-notifications:0
[ 2899735ms] [ERROR] Failed to load resource: net::ERR_CONNECTION_REFUSED @ http://localhost:3002/__tsd/console-pipe/sse:0
[ 2901968ms] [ERROR] Failed to load resource: net::ERR_CONNECTION_REFUSED @ http://localhost:3002/api/cloud/task-notifications:0
[ 2903994ms] [ERROR] Failed to load resource: net::ERR_CONNECTION_REFUSED @ http://localhost:3002/__tsd/console-pipe/sse:0
[ 2909079ms] [ERROR] Failed to load resource: net::ERR_CONNECTION_REFUSED @ http://localhost:3002/__tsd/console-pipe/sse:0
[ 2925213ms] [ERROR] Failed to load resource: net::ERR_CONNECTION_REFUSED @ http://localhost:3002/__tsd/console-pipe/sse:0
[ 2925213ms] [ERROR] Failed to load resource: net::ERR_CONNECTION_REFUSED @ http://localhost:3002/api/cloud/task-notifications:0
[ 2928268ms] [ERROR] Failed to load resource: net::ERR_CONNECTION_REFUSED @ http://localhost:3002/__tsd/console-pipe/sse:0
[ 2932711ms] [ERROR] Failed to load resource: net::ERR_CONNECTION_REFUSED @ http://localhost:3002/__tsd/console-pipe/sse:0
[ 2932711ms] [ERROR] Failed to load resource: net::ERR_CONNECTION_REFUSED @ http://localhost:3002/api/cloud/task-notifications:0
[ 2937996ms] [ERROR] Failed to load resource: net::ERR_CONNECTION_REFUSED @ http://localhost:3002/__tsd/console-pipe/sse:0
[ 2943802ms] [ERROR] Failed to load resource: net::ERR_CONNECTION_REFUSED @ http://localhost:3002/__tsd/console-pipe/sse:0
[ 2948188ms] [ERROR] Failed to load resource: net::ERR_CONNECTION_REFUSED @ http://localhost:3002/__tsd/console-pipe/sse:0
[ 2953026ms] [ERROR] Failed to load resource: net::ERR_CONNECTION_REFUSED @ http://localhost:3002/api/cloud/task-notifications:0
[ 2953058ms] [ERROR] Failed to load resource: net::ERR_CONNECTION_REFUSED @ http://localhost:3002/__tsd/console-pipe/sse:0
[ 2958523ms] [ERROR] Failed to load resource: net::ERR_CONNECTION_REFUSED @ http://localhost:3002/__tsd/console-pipe/sse:0
[ 2962399ms] [ERROR] Failed to load resource: net::ERR_CONNECTION_REFUSED @ http://localhost:3002/__tsd/console-pipe/sse:0
[ 2962419ms] [ERROR] Failed to load resource: net::ERR_CONNECTION_REFUSED @ http://localhost:3002/api/cloud/task-notifications:0
[ 2965980ms] [ERROR] Failed to load resource: net::ERR_CONNECTION_REFUSED @ http://localhost:3002/__tsd/console-pipe/sse:0
[ 2969099ms] [ERROR] Failed to load resource: net::ERR_CONNECTION_REFUSED @ http://localhost:3002/__tsd/console-pipe/sse:0
[ 2972106ms] [ERROR] Failed to load resource: net::ERR_CONNECTION_REFUSED @ http://localhost:3002/__tsd/console-pipe/sse:0
[ 2976413ms] [ERROR] Failed to load resource: net::ERR_CONNECTION_REFUSED @ http://localhost:3002/__tsd/console-pipe/sse:0
[ 2976491ms] [ERROR] Failed to load resource: net::ERR_CONNECTION_REFUSED @ http://localhost:3002/api/cloud/task-notifications:0
[ 2982926ms] [ERROR] Failed to load resource: net::ERR_CONNECTION_REFUSED @ http://localhost:3002/__tsd/console-pipe/sse:0
[ 2987625ms] [ERROR] Failed to load resource: net::ERR_CONNECTION_REFUSED @ http://localhost:3002/__tsd/console-pipe/sse:0
[ 2990982ms] [ERROR] Failed to load resource: net::ERR_CONNECTION_REFUSED @ http://localhost:3002/api/cloud/task-notifications:0
[ 2990983ms] [ERROR] Failed to load resource: net::ERR_CONNECTION_REFUSED @ http://localhost:3002/__tsd/console-pipe/sse:0
[ 2994025ms] [ERROR] Failed to load resource: net::ERR_CONNECTION_REFUSED @ http://localhost:3002/__tsd/console-pipe/sse:0
[ 2997065ms] [ERROR] Failed to load resource: net::ERR_CONNECTION_REFUSED @ http://localhost:3002/__tsd/console-pipe/sse:0
[ 3000081ms] [ERROR] Failed to load resource: net::ERR_CONNECTION_REFUSED @ http://localhost:3002/__tsd/console-pipe/sse:0
[ 3003177ms] [ERROR] Failed to load resource: net::ERR_CONNECTION_REFUSED @ http://localhost:3002/__tsd/console-pipe/sse:0
[ 3004211ms] [ERROR] Failed to load resource: net::ERR_CONNECTION_REFUSED @ http://localhost:3002/api/cloud/task-notifications:0
[ 3006278ms] [ERROR] Failed to load resource: net::ERR_CONNECTION_REFUSED @ http://localhost:3002/__tsd/console-pipe/sse:0
[ 3009289ms] [ERROR] Failed to load resource: net::ERR_CONNECTION_REFUSED @ http://localhost:3002/__tsd/console-pipe/sse:0
[ 3012410ms] [ERROR] Failed to load resource: net::ERR_CONNECTION_REFUSED @ http://localhost:3002/__tsd/console-pipe/sse:0
[ 3015418ms] [ERROR] Failed to load resource: net::ERR_CONNECTION_REFUSED @ http://localhost:3002/__tsd/console-pipe/sse:0
[ 3018705ms] [ERROR] Failed to load resource: net::ERR_CONNECTION_REFUSED @ http://localhost:3002/__tsd/console-pipe/sse:0
[ 3019415ms] [ERROR] Failed to load resource: net::ERR_CONNECTION_REFUSED @ http://localhost:3002/api/cloud/task-notifications:0
[ 3021858ms] [ERROR] Failed to load resource: net::ERR_CONNECTION_REFUSED @ http://localhost:3002/__tsd/console-pipe/sse:0
[ 3025293ms] [ERROR] Failed to load resource: net::ERR_CONNECTION_REFUSED @ http://localhost:3002/__tsd/console-pipe/sse:0
[ 3028447ms] [ERROR] Failed to load resource: net::ERR_CONNECTION_REFUSED @ http://localhost:3002/__tsd/console-pipe/sse:0
[ 3031726ms] [ERROR] Failed to load resource: net::ERR_CONNECTION_REFUSED @ http://localhost:3002/__tsd/console-pipe/sse:0
[ 3034509ms] [ERROR] Failed to load resource: net::ERR_CONNECTION_REFUSED @ http://localhost:3002/api/cloud/task-notifications:0
[ 3034813ms] [ERROR] Failed to load resource: net::ERR_CONNECTION_REFUSED @ http://localhost:3002/__tsd/console-pipe/sse:0
[ 3037845ms] [ERROR] Failed to load resource: net::ERR_CONNECTION_REFUSED @ http://localhost:3002/__tsd/console-pipe/sse:0
[ 3041475ms] [ERROR] Failed to load resource: net::ERR_CONNECTION_REFUSED @ http://localhost:3002/__tsd/console-pipe/sse:0
[ 3044538ms] [ERROR] Failed to load resource: net::ERR_CONNECTION_REFUSED @ http://localhost:3002/__tsd/console-pipe/sse:0
[ 3047750ms] [ERROR] Failed to load resource: net::ERR_CONNECTION_REFUSED @ http://localhost:3002/__tsd/console-pipe/sse:0
[ 3049543ms] [ERROR] Failed to load resource: net::ERR_CONNECTION_REFUSED @ http://localhost:3002/api/cloud/task-notifications:0
[ 3053562ms] [ERROR] Failed to load resource: net::ERR_CONNECTION_REFUSED @ http://localhost:3002/__tsd/console-pipe/sse:0
[ 3056784ms] [ERROR] Failed to load resource: net::ERR_CONNECTION_REFUSED @ http://localhost:3002/__tsd/console-pipe/sse:0
[ 3060662ms] [ERROR] Failed to load resource: net::ERR_CONNECTION_REFUSED @ http://localhost:3002/__tsd/console-pipe/sse:0
[ 3063809ms] [ERROR] Failed to load resource: net::ERR_CONNECTION_REFUSED @ http://localhost:3002/__tsd/console-pipe/sse:0
[ 3066277ms] [ERROR] Failed to load resource: net::ERR_CONNECTION_REFUSED @ http://localhost:3002/api/cloud/task-notifications:0
[ 3066860ms] [ERROR] Failed to load resource: net::ERR_CONNECTION_REFUSED @ http://localhost:3002/__tsd/console-pipe/sse:0
[ 3070086ms] [ERROR] Failed to load resource: net::ERR_CONNECTION_REFUSED @ http://localhost:3002/__tsd/console-pipe/sse:0
[ 3073163ms] [ERROR] Failed to load resource: net::ERR_CONNECTION_REFUSED @ http://localhost:3002/__tsd/console-pipe/sse:0
[ 3076497ms] [ERROR] Failed to load resource: net::ERR_CONNECTION_REFUSED @ http://localhost:3002/__tsd/console-pipe/sse:0
[ 3080025ms] [ERROR] Failed to load resource: net::ERR_CONNECTION_REFUSED @ http://localhost:3002/__tsd/console-pipe/sse:0
[ 3080100ms] [ERROR] Failed to load resource: net::ERR_CONNECTION_REFUSED @ http://localhost:3002/api/cloud/task-notifications:0
[ 3083266ms] [ERROR] Failed to load resource: net::ERR_CONNECTION_REFUSED @ http://localhost:3002/__tsd/console-pipe/sse:0
[ 3086339ms] [ERROR] Failed to load resource: net::ERR_CONNECTION_REFUSED @ http://localhost:3002/__tsd/console-pipe/sse:0
[ 3091085ms] [ERROR] Failed to load resource: net::ERR_CONNECTION_REFUSED @ http://localhost:3002/__tsd/console-pipe/sse:0
[ 3095021ms] [ERROR] Failed to load resource: net::ERR_CONNECTION_REFUSED @ http://localhost:3002/__tsd/console-pipe/sse:0
[ 3095031ms] [ERROR] Failed to load resource: net::ERR_CONNECTION_REFUSED @ http://localhost:3002/api/cloud/task-notifications:0
[ 3098068ms] [ERROR] Failed to load resource: net::ERR_CONNECTION_REFUSED @ http://localhost:3002/__tsd/console-pipe/sse:0
[ 3101242ms] [ERROR] Failed to load resource: net::ERR_CONNECTION_REFUSED @ http://localhost:3002/__tsd/console-pipe/sse:0
[ 3104483ms] [ERROR] Failed to load resource: net::ERR_CONNECTION_REFUSED @ http://localhost:3002/__tsd/console-pipe/sse:0
[ 3107720ms] [ERROR] Failed to load resource: net::ERR_CONNECTION_REFUSED @ http://localhost:3002/__tsd/console-pipe/sse:0
[ 3112198ms] [ERROR] Failed to load resource: net::ERR_CONNECTION_REFUSED @ http://localhost:3002/api/cloud/task-notifications:0
[ 3112344ms] [ERROR] Failed to load resource: net::ERR_CONNECTION_REFUSED @ http://localhost:3002/__tsd/console-pipe/sse:0
[ 3115592ms] [ERROR] Failed to load resource: net::ERR_CONNECTION_REFUSED @ http://localhost:3002/__tsd/console-pipe/sse:0
[ 3118829ms] [ERROR] Failed to load resource: net::ERR_CONNECTION_REFUSED @ http://localhost:3002/__tsd/console-pipe/sse:0
[ 3122054ms] [ERROR] Failed to load resource: net::ERR_CONNECTION_REFUSED @ http://localhost:3002/__tsd/console-pipe/sse:0
[ 3124592ms] [ERROR] Failed to load resource: net::ERR_CONNECTION_REFUSED @ http://localhost:3002/api/cloud/task-notifications:0
[ 3125600ms] [ERROR] Failed to load resource: net::ERR_CONNECTION_REFUSED @ http://localhost:3002/__tsd/console-pipe/sse:0
[ 3129213ms] [ERROR] Failed to load resource: net::ERR_CONNECTION_REFUSED @ http://localhost:3002/__tsd/console-pipe/sse:0
[ 3134211ms] [ERROR] Failed to load resource: net::ERR_CONNECTION_REFUSED @ http://localhost:3002/__tsd/console-pipe/sse:0
[ 3137330ms] [ERROR] Failed to load resource: net::ERR_CONNECTION_REFUSED @ http://localhost:3002/__tsd/console-pipe/sse:0
[ 3143246ms] [ERROR] Failed to load resource: net::ERR_CONNECTION_REFUSED @ http://localhost:3002/__tsd/console-pipe/sse:0
[ 3144029ms] [ERROR] Failed to load resource: net::ERR_CONNECTION_REFUSED @ http://localhost:3002/api/cloud/task-notifications:0
[ 3147101ms] [ERROR] Failed to load resource: net::ERR_CONNECTION_REFUSED @ http://localhost:3002/__tsd/console-pipe/sse:0
[ 3151179ms] [ERROR] Failed to load resource: net::ERR_CONNECTION_REFUSED @ http://localhost:3002/__tsd/console-pipe/sse:0
[ 3154199ms] [ERROR] Failed to load resource: net::ERR_CONNECTION_REFUSED @ http://localhost:3002/__tsd/console-pipe/sse:0
[ 3154212ms] [ERROR] Failed to load resource: net::ERR_CONNECTION_REFUSED @ http://localhost:3002/api/cloud/task-notifications:0
[ 3157204ms] [ERROR] Failed to load resource: net::ERR_CONNECTION_REFUSED @ http://localhost:3002/__tsd/console-pipe/sse:0
[ 3161895ms] [ERROR] Failed to load resource: net::ERR_CONNECTION_REFUSED @ http://localhost:3002/__tsd/console-pipe/sse:0
[ 3166000ms] [ERROR] Failed to load resource: net::ERR_CONNECTION_REFUSED @ http://localhost:3002/__tsd/console-pipe/sse:0
[ 3170562ms] [ERROR] Failed to load resource: net::ERR_CONNECTION_REFUSED @ http://localhost:3002/__tsd/console-pipe/sse:0
[ 3170679ms] [ERROR] Failed to load resource: net::ERR_CONNECTION_REFUSED @ http://localhost:3002/api/cloud/task-notifications:0
[ 3176954ms] [ERROR] Failed to load resource: net::ERR_CONNECTION_REFUSED @ http://localhost:3002/__tsd/console-pipe/sse:0
[ 3181845ms] [ERROR] Failed to load resource: net::ERR_CONNECTION_REFUSED @ http://localhost:3002/__tsd/console-pipe/sse:0
[ 3184709ms] [ERROR] Failed to load resource: net::ERR_CONNECTION_REFUSED @ http://localhost:3002/api/cloud/task-notifications:0
[ 3185947ms] [ERROR] Failed to load resource: net::ERR_CONNECTION_REFUSED @ http://localhost:3002/__tsd/console-pipe/sse:0
[ 3190518ms] [ERROR] Failed to load resource: net::ERR_CONNECTION_REFUSED @ http://localhost:3002/__tsd/console-pipe/sse:0
[ 3193736ms] [ERROR] Failed to load resource: net::ERR_CONNECTION_REFUSED @ http://localhost:3002/__tsd/console-pipe/sse:0
[ 3196842ms] [ERROR] Failed to load resource: net::ERR_CONNECTION_REFUSED @ http://localhost:3002/__tsd/console-pipe/sse:0
[ 3199823ms] [ERROR] Failed to load resource: net::ERR_CONNECTION_REFUSED @ http://localhost:3002/api/cloud/task-notifications:0
[ 3200468ms] [ERROR] Failed to load resource: net::ERR_CONNECTION_REFUSED @ http://localhost:3002/__tsd/console-pipe/sse:0
[ 3206302ms] [ERROR] Failed to load resource: net::ERR_CONNECTION_REFUSED @ http://localhost:3002/__tsd/console-pipe/sse:0
[ 3208711ms] [ERROR] Failed to load resource: net::ERR_CONNECTION_REFUSED @ http://localhost:3002/__tsd/console-pipe/sse:0
[ 3213429ms] [ERROR] Failed to load resource: net::ERR_CONNECTION_REFUSED @ http://localhost:3002/__tsd/console-pipe/sse:0
[ 3214316ms] [ERROR] Failed to load resource: net::ERR_CONNECTION_REFUSED @ http://localhost:3002/api/cloud/task-notifications:0
[ 3216521ms] [ERROR] Failed to load resource: net::ERR_CONNECTION_REFUSED @ http://localhost:3002/__tsd/console-pipe/sse:0
[ 3219619ms] [ERROR] Failed to load resource: net::ERR_CONNECTION_REFUSED @ http://localhost:3002/__tsd/console-pipe/sse:0
[ 3226695ms] [ERROR] Failed to load resource: net::ERR_CONNECTION_REFUSED @ http://localhost:3002/__tsd/console-pipe/sse:0
[ 3229664ms] [ERROR] Failed to load resource: net::ERR_CONNECTION_REFUSED @ http://localhost:3002/api/cloud/task-notifications:0
[ 3230317ms] [ERROR] Failed to load resource: net::ERR_CONNECTION_REFUSED @ http://localhost:3002/__tsd/console-pipe/sse:0
[ 3233510ms] [ERROR] Failed to load resource: net::ERR_CONNECTION_REFUSED @ http://localhost:3002/__tsd/console-pipe/sse:0
[ 3239196ms] [ERROR] Failed to load resource: net::ERR_CONNECTION_REFUSED @ http://localhost:3002/__tsd/console-pipe/sse:0
[ 3243137ms] [ERROR] Failed to load resource: net::ERR_CONNECTION_REFUSED @ http://localhost:3002/__tsd/console-pipe/sse:0
[ 3245933ms] [ERROR] Failed to load resource: net::ERR_CONNECTION_REFUSED @ http://localhost:3002/api/cloud/task-notifications:0
[ 3246233ms] [ERROR] Failed to load resource: net::ERR_CONNECTION_REFUSED @ http://localhost:3002/__tsd/console-pipe/sse:0
[ 3249487ms] [ERROR] Failed to load resource: net::ERR_CONNECTION_REFUSED @ http://localhost:3002/__tsd/console-pipe/sse:0
[ 3252549ms] [ERROR] Failed to load resource: net::ERR_CONNECTION_REFUSED @ http://localhost:3002/__tsd/console-pipe/sse:0
[ 3255656ms] [ERROR] Failed to load resource: net::ERR_CONNECTION_REFUSED @ http://localhost:3002/__tsd/console-pipe/sse:0
[ 3259793ms] [ERROR] Failed to load resource: net::ERR_CONNECTION_REFUSED @ http://localhost:3002/__tsd/console-pipe/sse:0
[ 3259796ms] [ERROR] Failed to load resource: net::ERR_CONNECTION_REFUSED @ http://localhost:3002/api/cloud/task-notifications:0
[ 3262894ms] [ERROR] Failed to load resource: net::ERR_CONNECTION_REFUSED @ http://localhost:3002/__tsd/console-pipe/sse:0
[ 3265971ms] [ERROR] Failed to load resource: net::ERR_CONNECTION_REFUSED @ http://localhost:3002/__tsd/console-pipe/sse:0
[ 3269178ms] [ERROR] Failed to load resource: net::ERR_CONNECTION_REFUSED @ http://localhost:3002/__tsd/console-pipe/sse:0
[ 3272735ms] [ERROR] Failed to load resource: net::ERR_CONNECTION_REFUSED @ http://localhost:3002/__tsd/console-pipe/sse:0
[ 3274860ms] [ERROR] Failed to load resource: net::ERR_CONNECTION_REFUSED @ http://localhost:3002/api/cloud/task-notifications:0
[ 3275768ms] [ERROR] Failed to load resource: net::ERR_CONNECTION_REFUSED @ http://localhost:3002/__tsd/console-pipe/sse:0
[ 3281982ms] [ERROR] Failed to load resource: net::ERR_CONNECTION_REFUSED @ http://localhost:3002/__tsd/console-pipe/sse:0
[ 3284327ms] [ERROR] Failed to load resource: net::ERR_CONNECTION_REFUSED @ http://localhost:3002/__tsd/console-pipe/sse:0
[ 3287505ms] [ERROR] Failed to load resource: net::ERR_CONNECTION_REFUSED @ http://localhost:3002/__tsd/console-pipe/sse:0
[ 3289486ms] [ERROR] Failed to load resource: net::ERR_CONNECTION_REFUSED @ http://localhost:3002/api/cloud/task-notifications:0
[ 3290516ms] [ERROR] Failed to load resource: net::ERR_CONNECTION_REFUSED @ http://localhost:3002/__tsd/console-pipe/sse:0
[ 3293967ms] [ERROR] Failed to load resource: net::ERR_CONNECTION_REFUSED @ http://localhost:3002/__tsd/console-pipe/sse:0
[ 3297160ms] [ERROR] Failed to load resource: net::ERR_CONNECTION_REFUSED @ http://localhost:3002/__tsd/console-pipe/sse:0
[ 3300922ms] [ERROR] Failed to load resource: net::ERR_CONNECTION_REFUSED @ http://localhost:3002/__tsd/console-pipe/sse:0
[ 3303646ms] [ERROR] Failed to load resource: net::ERR_CONNECTION_REFUSED @ http://localhost:3002/__tsd/console-pipe/sse:0
[ 3304587ms] [ERROR] Failed to load resource: net::ERR_CONNECTION_REFUSED @ http://localhost:3002/api/cloud/task-notifications:0
[ 3306713ms] [ERROR] Failed to load resource: net::ERR_CONNECTION_REFUSED @ http://localhost:3002/__tsd/console-pipe/sse:0
[ 3310017ms] [ERROR] Failed to load resource: net::ERR_CONNECTION_REFUSED @ http://localhost:3002/__tsd/console-pipe/sse:0
[ 3313181ms] [ERROR] Failed to load resource: net::ERR_CONNECTION_REFUSED @ http://localhost:3002/__tsd/console-pipe/sse:0
[ 3317257ms] [ERROR] Failed to load resource: net::ERR_CONNECTION_REFUSED @ http://localhost:3002/__tsd/console-pipe/sse:0
[ 3320028ms] [ERROR] Failed to load resource: net::ERR_CONNECTION_REFUSED @ http://localhost:3002/api/cloud/task-notifications:0
[ 3320480ms] [ERROR] Failed to load resource: net::ERR_CONNECTION_REFUSED @ http://localhost:3002/__tsd/console-pipe/sse:0
[ 3323900ms] [ERROR] Failed to load resource: net::ERR_CONNECTION_REFUSED @ http://localhost:3002/__tsd/console-pipe/sse:0
[ 3326934ms] [ERROR] Failed to load resource: net::ERR_CONNECTION_REFUSED @ http://localhost:3002/__tsd/console-pipe/sse:0
[ 3330053ms] [ERROR] Failed to load resource: net::ERR_CONNECTION_REFUSED @ http://localhost:3002/__tsd/console-pipe/sse:0
[ 3333473ms] [ERROR] Failed to load resource: net::ERR_CONNECTION_REFUSED @ http://localhost:3002/__tsd/console-pipe/sse:0
[ 3334396ms] [ERROR] Failed to load resource: net::ERR_CONNECTION_REFUSED @ http://localhost:3002/api/cloud/task-notifications:0
[ 3336577ms] [ERROR] Failed to load resource: net::ERR_CONNECTION_REFUSED @ http://localhost:3002/__tsd/console-pipe/sse:0
[ 3339590ms] [ERROR] Failed to load resource: net::ERR_CONNECTION_REFUSED @ http://localhost:3002/__tsd/console-pipe/sse:0
[ 3343105ms] [ERROR] Failed to load resource: net::ERR_CONNECTION_REFUSED @ http://localhost:3002/__tsd/console-pipe/sse:0
[ 3346191ms] [ERROR] Failed to load resource: net::ERR_CONNECTION_REFUSED @ http://localhost:3002/__tsd/console-pipe/sse:0
[ 3350248ms] [ERROR] Failed to load resource: net::ERR_CONNECTION_REFUSED @ http://localhost:3002/__tsd/console-pipe/sse:0
[ 3350249ms] [ERROR] Failed to load resource: net::ERR_CONNECTION_REFUSED @ http://localhost:3002/api/cloud/task-notifications:0
[ 3353236ms] [ERROR] Failed to load resource: net::ERR_CONNECTION_REFUSED @ http://localhost:3002/__tsd/console-pipe/sse:0
[ 3356274ms] [ERROR] Failed to load resource: net::ERR_CONNECTION_REFUSED @ http://localhost:3002/__tsd/console-pipe/sse:0
[ 3359359ms] [ERROR] Failed to load resource: net::ERR_CONNECTION_REFUSED @ http://localhost:3002/__tsd/console-pipe/sse:0
[ 3362418ms] [ERROR] Failed to load resource: net::ERR_CONNECTION_REFUSED @ http://localhost:3002/__tsd/console-pipe/sse:0
[ 3364214ms] [ERROR] Failed to load resource: net::ERR_CONNECTION_REFUSED @ http://localhost:3002/api/cloud/task-notifications:0
[ 3365421ms] [ERROR] Failed to load resource: net::ERR_CONNECTION_REFUSED @ http://localhost:3002/__tsd/console-pipe/sse:0
[ 3368424ms] [ERROR] Failed to load resource: net::ERR_CONNECTION_REFUSED @ http://localhost:3002/__tsd/console-pipe/sse:0
[ 3371427ms] [ERROR] Failed to load resource: net::ERR_CONNECTION_REFUSED @ http://localhost:3002/__tsd/console-pipe/sse:0
[ 3374431ms] [ERROR] Failed to load resource: net::ERR_CONNECTION_REFUSED @ http://localhost:3002/__tsd/console-pipe/sse:0
[ 3377434ms] [ERROR] Failed to load resource: net::ERR_CONNECTION_REFUSED @ http://localhost:3002/__tsd/console-pipe/sse:0
[ 3379213ms] [ERROR] Failed to load resource: net::ERR_CONNECTION_REFUSED @ http://localhost:3002/api/cloud/task-notifications:0
[ 3380438ms] [ERROR] Failed to load resource: net::ERR_CONNECTION_REFUSED @ http://localhost:3002/__tsd/console-pipe/sse:0
[ 3383440ms] [ERROR] Failed to load resource: net::ERR_CONNECTION_REFUSED @ http://localhost:3002/__tsd/console-pipe/sse:0
[ 3386444ms] [ERROR] Failed to load resource: net::ERR_CONNECTION_REFUSED @ http://localhost:3002/__tsd/console-pipe/sse:0
[ 3389449ms] [ERROR] Failed to load resource: net::ERR_CONNECTION_REFUSED @ http://localhost:3002/__tsd/console-pipe/sse:0
[ 3392455ms] [ERROR] Failed to load resource: net::ERR_CONNECTION_REFUSED @ http://localhost:3002/__tsd/console-pipe/sse:0
[ 3394215ms] [ERROR] Failed to load resource: net::ERR_CONNECTION_REFUSED @ http://localhost:3002/api/cloud/task-notifications:0
[ 3395459ms] [ERROR] Failed to load resource: net::ERR_CONNECTION_REFUSED @ http://localhost:3002/__tsd/console-pipe/sse:0
[ 3398462ms] [ERROR] Failed to load resource: net::ERR_CONNECTION_REFUSED @ http://localhost:3002/__tsd/console-pipe/sse:0
[ 3401466ms] [ERROR] Failed to load resource: net::ERR_CONNECTION_REFUSED @ http://localhost:3002/__tsd/console-pipe/sse:0
[ 3404471ms] [ERROR] Failed to load resource: net::ERR_CONNECTION_REFUSED @ http://localhost:3002/__tsd/console-pipe/sse:0
[ 3407475ms] [ERROR] Failed to load resource: net::ERR_CONNECTION_REFUSED @ http://localhost:3002/__tsd/console-pipe/sse:0
[ 3409215ms] [ERROR] Failed to load resource: net::ERR_CONNECTION_REFUSED @ http://localhost:3002/api/cloud/task-notifications:0
[ 3410478ms] [ERROR] Failed to load resource: net::ERR_CONNECTION_REFUSED @ http://localhost:3002/__tsd/console-pipe/sse:0
[ 3413481ms] [ERROR] Failed to load resource: net::ERR_CONNECTION_REFUSED @ http://localhost:3002/__tsd/console-pipe/sse:0
[ 3416485ms] [ERROR] Failed to load resource: net::ERR_CONNECTION_REFUSED @ http://localhost:3002/__tsd/console-pipe/sse:0
[ 3419489ms] [ERROR] Failed to load resource: net::ERR_CONNECTION_REFUSED @ http://localhost:3002/__tsd/console-pipe/sse:0
[ 3422492ms] [ERROR] Failed to load resource: net::ERR_CONNECTION_REFUSED @ http://localhost:3002/__tsd/console-pipe/sse:0
[ 3424214ms] [ERROR] Failed to load resource: net::ERR_CONNECTION_REFUSED @ http://localhost:3002/api/cloud/task-notifications:0
[ 3425495ms] [ERROR] Failed to load resource: net::ERR_CONNECTION_REFUSED @ http://localhost:3002/__tsd/console-pipe/sse:0
[ 3428499ms] [ERROR] Failed to load resource: net::ERR_CONNECTION_REFUSED @ http://localhost:3002/__tsd/console-pipe/sse:0
[ 3431503ms] [ERROR] Failed to load resource: net::ERR_CONNECTION_REFUSED @ http://localhost:3002/__tsd/console-pipe/sse:0
[ 3434510ms] [ERROR] Failed to load resource: net::ERR_CONNECTION_REFUSED @ http://localhost:3002/__tsd/console-pipe/sse:0
[ 3437514ms] [ERROR] Failed to load resource: net::ERR_CONNECTION_REFUSED @ http://localhost:3002/__tsd/console-pipe/sse:0
[ 3439217ms] [ERROR] Failed to load resource: net::ERR_CONNECTION_REFUSED @ http://localhost:3002/api/cloud/task-notifications:0
[ 3440519ms] [ERROR] Failed to load resource: net::ERR_CONNECTION_REFUSED @ http://localhost:3002/__tsd/console-pipe/sse:0
[ 3443524ms] [ERROR] Failed to load resource: net::ERR_CONNECTION_REFUSED @ http://localhost:3002/__tsd/console-pipe/sse:0
[ 3446528ms] [ERROR] Failed to load resource: net::ERR_CONNECTION_REFUSED @ http://localhost:3002/__tsd/console-pipe/sse:0
[ 3449533ms] [ERROR] Failed to load resource: net::ERR_CONNECTION_REFUSED @ http://localhost:3002/__tsd/console-pipe/sse:0
[ 3452536ms] [ERROR] Failed to load resource: net::ERR_CONNECTION_REFUSED @ http://localhost:3002/__tsd/console-pipe/sse:0
[ 3454214ms] [ERROR] Failed to load resource: net::ERR_CONNECTION_REFUSED @ http://localhost:3002/api/cloud/task-notifications:0
[ 3455541ms] [ERROR] Failed to load resource: net::ERR_CONNECTION_REFUSED @ http://localhost:3002/__tsd/console-pipe/sse:0
[ 3458545ms] [ERROR] Failed to load resource: net::ERR_CONNECTION_REFUSED @ http://localhost:3002/__tsd/console-pipe/sse:0
[ 3461551ms] [ERROR] Failed to load resource: net::ERR_CONNECTION_REFUSED @ http://localhost:3002/__tsd/console-pipe/sse:0
[ 3464554ms] [ERROR] Failed to load resource: net::ERR_CONNECTION_REFUSED @ http://localhost:3002/__tsd/console-pipe/sse:0
[ 3467623ms] [ERROR] Failed to load resource: net::ERR_CONNECTION_REFUSED @ http://localhost:3002/__tsd/console-pipe/sse:0
[ 3469214ms] [ERROR] Failed to load resource: net::ERR_CONNECTION_REFUSED @ http://localhost:3002/api/cloud/task-notifications:0
[ 3470627ms] [ERROR] Failed to load resource: net::ERR_CONNECTION_REFUSED @ http://localhost:3002/__tsd/console-pipe/sse:0
[ 3473631ms] [ERROR] Failed to load resource: net::ERR_CONNECTION_REFUSED @ http://localhost:3002/__tsd/console-pipe/sse:0
[ 3476636ms] [ERROR] Failed to load resource: net::ERR_CONNECTION_REFUSED @ http://localhost:3002/__tsd/console-pipe/sse:0
[ 3479640ms] [ERROR] Failed to load resource: net::ERR_CONNECTION_REFUSED @ http://localhost:3002/__tsd/console-pipe/sse:0
[ 3482644ms] [ERROR] Failed to load resource: net::ERR_CONNECTION_REFUSED @ http://localhost:3002/__tsd/console-pipe/sse:0
[ 3484214ms] [ERROR] Failed to load resource: net::ERR_CONNECTION_REFUSED @ http://localhost:3002/api/cloud/task-notifications:0
[ 3485648ms] [ERROR] Failed to load resource: net::ERR_CONNECTION_REFUSED @ http://localhost:3002/__tsd/console-pipe/sse:0
[ 3488652ms] [ERROR] Failed to load resource: net::ERR_CONNECTION_REFUSED @ http://localhost:3002/__tsd/console-pipe/sse:0
[ 3491657ms] [ERROR] Failed to load resource: net::ERR_CONNECTION_REFUSED @ http://localhost:3002/__tsd/console-pipe/sse:0
[ 3494662ms] [ERROR] Failed to load resource: net::ERR_CONNECTION_REFUSED @ http://localhost:3002/__tsd/console-pipe/sse:0
[ 3497666ms] [ERROR] Failed to load resource: net::ERR_CONNECTION_REFUSED @ http://localhost:3002/__tsd/console-pipe/sse:0
[ 3499213ms] [ERROR] Failed to load resource: net::ERR_CONNECTION_REFUSED @ http://localhost:3002/api/cloud/task-notifications:0
[ 3500675ms] [ERROR] Failed to load resource: net::ERR_CONNECTION_REFUSED @ http://localhost:3002/__tsd/console-pipe/sse:0
[ 3503679ms] [ERROR] Failed to load resource: net::ERR_CONNECTION_REFUSED @ http://localhost:3002/__tsd/console-pipe/sse:0
[ 3506683ms] [ERROR] Failed to load resource: net::ERR_CONNECTION_REFUSED @ http://localhost:3002/__tsd/console-pipe/sse:0
[ 3509687ms] [ERROR] Failed to load resource: net::ERR_CONNECTION_REFUSED @ http://localhost:3002/__tsd/console-pipe/sse:0
[ 3512690ms] [ERROR] Failed to load resource: net::ERR_CONNECTION_REFUSED @ http://localhost:3002/__tsd/console-pipe/sse:0
[ 3514216ms] [ERROR] Failed to load resource: net::ERR_CONNECTION_REFUSED @ http://localhost:3002/api/cloud/task-notifications:0
[ 3515693ms] [ERROR] Failed to load resource: net::ERR_CONNECTION_REFUSED @ http://localhost:3002/__tsd/console-pipe/sse:0
[ 3518697ms] [ERROR] Failed to load resource: net::ERR_CONNECTION_REFUSED @ http://localhost:3002/__tsd/console-pipe/sse:0
[ 3521702ms] [ERROR] Failed to load resource: net::ERR_CONNECTION_REFUSED @ http://localhost:3002/__tsd/console-pipe/sse:0
[ 3524707ms] [ERROR] Failed to load resource: net::ERR_CONNECTION_REFUSED @ http://localhost:3002/__tsd/console-pipe/sse:0
[ 3527710ms] [ERROR] Failed to load resource: net::ERR_CONNECTION_REFUSED @ http://localhost:3002/__tsd/console-pipe/sse:0
[ 3529215ms] [ERROR] Failed to load resource: net::ERR_CONNECTION_REFUSED @ http://localhost:3002/api/cloud/task-notifications:0
[ 3530714ms] [ERROR] Failed to load resource: net::ERR_CONNECTION_REFUSED @ http://localhost:3002/__tsd/console-pipe/sse:0
[ 3533717ms] [ERROR] Failed to load resource: net::ERR_CONNECTION_REFUSED @ http://localhost:3002/__tsd/console-pipe/sse:0
[ 3536721ms] [ERROR] Failed to load resource: net::ERR_CONNECTION_REFUSED @ http://localhost:3002/__tsd/console-pipe/sse:0
[ 3539728ms] [ERROR] Failed to load resource: net::ERR_CONNECTION_REFUSED @ http://localhost:3002/__tsd/console-pipe/sse:0
[ 3542731ms] [ERROR] Failed to load resource: net::ERR_CONNECTION_REFUSED @ http://localhost:3002/__tsd/console-pipe/sse:0
[ 3544215ms] [ERROR] Failed to load resource: net::ERR_CONNECTION_REFUSED @ http://localhost:3002/api/cloud/task-notifications:0
[ 3545734ms] [ERROR] Failed to load resource: net::ERR_CONNECTION_REFUSED @ http://localhost:3002/__tsd/console-pipe/sse:0
[ 3548736ms] [ERROR] Failed to load resource: net::ERR_CONNECTION_REFUSED @ http://localhost:3002/__tsd/console-pipe/sse:0
[ 3551739ms] [ERROR] Failed to load resource: net::ERR_CONNECTION_REFUSED @ http://localhost:3002/__tsd/console-pipe/sse:0
[ 3554742ms] [ERROR] Failed to load resource: net::ERR_CONNECTION_REFUSED @ http://localhost:3002/__tsd/console-pipe/sse:0
[ 3557744ms] [ERROR] Failed to load resource: net::ERR_CONNECTION_REFUSED @ http://localhost:3002/__tsd/console-pipe/sse:0
[ 3559215ms] [ERROR] Failed to load resource: net::ERR_CONNECTION_REFUSED @ http://localhost:3002/api/cloud/task-notifications:0
[ 3560750ms] [ERROR] Failed to load resource: net::ERR_CONNECTION_REFUSED @ http://localhost:3002/__tsd/console-pipe/sse:0
[ 3563754ms] [ERROR] Failed to load resource: net::ERR_CONNECTION_REFUSED @ http://localhost:3002/__tsd/console-pipe/sse:0
[ 3566756ms] [ERROR] Failed to load resource: net::ERR_CONNECTION_REFUSED @ http://localhost:3002/__tsd/console-pipe/sse:0
[ 3569838ms] [ERROR] Failed to load resource: net::ERR_CONNECTION_REFUSED @ http://localhost:3002/__tsd/console-pipe/sse:0
[ 3573336ms] [ERROR] Failed to load resource: net::ERR_CONNECTION_REFUSED @ http://localhost:3002/__tsd/console-pipe/sse:0
[ 3574474ms] [ERROR] Failed to load resource: net::ERR_CONNECTION_REFUSED @ http://localhost:3002/api/cloud/task-notifications:0
[ 3576353ms] [ERROR] Failed to load resource: net::ERR_CONNECTION_REFUSED @ http://localhost:3002/__tsd/console-pipe/sse:0
[ 3579582ms] [ERROR] Failed to load resource: net::ERR_CONNECTION_REFUSED @ http://localhost:3002/__tsd/console-pipe/sse:0
[ 3583517ms] [ERROR] Failed to load resource: net::ERR_CONNECTION_REFUSED @ http://localhost:3002/__tsd/console-pipe/sse:0
[ 3586792ms] [ERROR] Failed to load resource: net::ERR_CONNECTION_REFUSED @ http://localhost:3002/__tsd/console-pipe/sse:0
[ 3589216ms] [ERROR] Failed to load resource: net::ERR_CONNECTION_REFUSED @ http://localhost:3002/api/cloud/task-notifications:0
[ 3589975ms] [ERROR] Failed to load resource: net::ERR_CONNECTION_REFUSED @ http://localhost:3002/__tsd/console-pipe/sse:0
[ 3593120ms] [ERROR] Failed to load resource: net::ERR_CONNECTION_REFUSED @ http://localhost:3002/__tsd/console-pipe/sse:0
[ 3596996ms] [ERROR] Failed to load resource: net::ERR_CONNECTION_REFUSED @ http://localhost:3002/__tsd/console-pipe/sse:0
[ 3600180ms] [ERROR] Failed to load resource: net::ERR_CONNECTION_REFUSED @ http://localhost:3002/__tsd/console-pipe/sse:0
[ 3604392ms] [ERROR] Failed to load resource: net::ERR_CONNECTION_REFUSED @ http://localhost:3002/__tsd/console-pipe/sse:0
[ 3604444ms] [ERROR] Failed to load resource: net::ERR_CONNECTION_REFUSED @ http://localhost:3002/api/cloud/task-notifications:0
[ 3608366ms] [ERROR] Failed to load resource: net::ERR_CONNECTION_REFUSED @ http://localhost:3002/__tsd/console-pipe/sse:0
[ 3611563ms] [ERROR] Failed to load resource: net::ERR_CONNECTION_REFUSED @ http://localhost:3002/__tsd/console-pipe/sse:0
[ 3614705ms] [ERROR] Failed to load resource: net::ERR_CONNECTION_REFUSED @ http://localhost:3002/__tsd/console-pipe/sse:0
[ 3617707ms] [ERROR] Failed to load resource: net::ERR_CONNECTION_REFUSED @ http://localhost:3002/__tsd/console-pipe/sse:0
[ 3619268ms] [ERROR] Failed to load resource: net::ERR_CONNECTION_REFUSED @ http://localhost:3002/api/cloud/task-notifications:0
[ 3620723ms] [ERROR] Failed to load resource: net::ERR_CONNECTION_REFUSED @ http://localhost:3002/__tsd/console-pipe/sse:0
[ 3623731ms] [ERROR] Failed to load resource: net::ERR_CONNECTION_REFUSED @ http://localhost:3002/__tsd/console-pipe/sse:0
[ 3626735ms] [ERROR] Failed to load resource: net::ERR_CONNECTION_REFUSED @ http://localhost:3002/__tsd/console-pipe/sse:0
[ 3629738ms] [ERROR] Failed to load resource: net::ERR_CONNECTION_REFUSED @ http://localhost:3002/__tsd/console-pipe/sse:0
[ 3632742ms] [ERROR] Failed to load resource: net::ERR_CONNECTION_REFUSED @ http://localhost:3002/__tsd/console-pipe/sse:0
[ 3634217ms] [ERROR] Failed to load resource: net::ERR_CONNECTION_REFUSED @ http://localhost:3002/api/cloud/task-notifications:0
[ 3635745ms] [ERROR] Failed to load resource: net::ERR_CONNECTION_REFUSED @ http://localhost:3002/__tsd/console-pipe/sse:0
[ 3638750ms] [ERROR] Failed to load resource: net::ERR_CONNECTION_REFUSED @ http://localhost:3002/__tsd/console-pipe/sse:0
[ 3641753ms] [ERROR] Failed to load resource: net::ERR_CONNECTION_REFUSED @ http://localhost:3002/__tsd/console-pipe/sse:0
[ 3644759ms] [ERROR] Failed to load resource: net::ERR_CONNECTION_REFUSED @ http://localhost:3002/__tsd/console-pipe/sse:0
[ 3647763ms] [ERROR] Failed to load resource: net::ERR_CONNECTION_REFUSED @ http://localhost:3002/__tsd/console-pipe/sse:0
[ 3649217ms] [ERROR] Failed to load resource: net::ERR_CONNECTION_REFUSED @ http://localhost:3002/api/cloud/task-notifications:0
[ 3650770ms] [ERROR] Failed to load resource: net::ERR_CONNECTION_REFUSED @ http://localhost:3002/__tsd/console-pipe/sse:0
[ 3653772ms] [ERROR] Failed to load resource: net::ERR_CONNECTION_REFUSED @ http://localhost:3002/__tsd/console-pipe/sse:0
[ 3656776ms] [ERROR] Failed to load resource: net::ERR_CONNECTION_REFUSED @ http://localhost:3002/__tsd/console-pipe/sse:0
[ 3659780ms] [ERROR] Failed to load resource: net::ERR_CONNECTION_REFUSED @ http://localhost:3002/__tsd/console-pipe/sse:0
[ 3662784ms] [ERROR] Failed to load resource: net::ERR_CONNECTION_REFUSED @ http://localhost:3002/__tsd/console-pipe/sse:0
[ 3664217ms] [ERROR] Failed to load resource: net::ERR_CONNECTION_REFUSED @ http://localhost:3002/api/cloud/task-notifications:0
[ 3665788ms] [ERROR] Failed to load resource: net::ERR_CONNECTION_REFUSED @ http://localhost:3002/__tsd/console-pipe/sse:0
[ 3668792ms] [ERROR] Failed to load resource: net::ERR_CONNECTION_REFUSED @ http://localhost:3002/__tsd/console-pipe/sse:0
[ 3671796ms] [ERROR] Failed to load resource: net::ERR_CONNECTION_REFUSED @ http://localhost:3002/__tsd/console-pipe/sse:0
[ 3674800ms] [ERROR] Failed to load resource: net::ERR_CONNECTION_REFUSED @ http://localhost:3002/__tsd/console-pipe/sse:0
[ 3677805ms] [ERROR] Failed to load resource: net::ERR_CONNECTION_REFUSED @ http://localhost:3002/__tsd/console-pipe/sse:0
[ 3679219ms] [ERROR] Failed to load resource: net::ERR_CONNECTION_REFUSED @ http://localhost:3002/api/cloud/task-notifications:0
[ 3680806ms] [ERROR] Failed to load resource: net::ERR_CONNECTION_REFUSED @ http://localhost:3002/__tsd/console-pipe/sse:0
[ 3683809ms] [ERROR] Failed to load resource: net::ERR_CONNECTION_REFUSED @ http://localhost:3002/__tsd/console-pipe/sse:0
[ 3686811ms] [ERROR] Failed to load resource: net::ERR_CONNECTION_REFUSED @ http://localhost:3002/__tsd/console-pipe/sse:0
[ 3689815ms] [ERROR] Failed to load resource: net::ERR_CONNECTION_REFUSED @ http://localhost:3002/__tsd/console-pipe/sse:0
[ 3692819ms] [ERROR] Failed to load resource: net::ERR_CONNECTION_REFUSED @ http://localhost:3002/__tsd/console-pipe/sse:0
[ 3694217ms] [ERROR] Failed to load resource: net::ERR_CONNECTION_REFUSED @ http://localhost:3002/api/cloud/task-notifications:0
[ 3695823ms] [ERROR] Failed to load resource: net::ERR_CONNECTION_REFUSED @ http://localhost:3002/__tsd/console-pipe/sse:0
[ 3698824ms] [ERROR] Failed to load resource: net::ERR_CONNECTION_REFUSED @ http://localhost:3002/__tsd/console-pipe/sse:0
[ 3701828ms] [ERROR] Failed to load resource: net::ERR_CONNECTION_REFUSED @ http://localhost:3002/__tsd/console-pipe/sse:0
[ 3704831ms] [ERROR] Failed to load resource: net::ERR_CONNECTION_REFUSED @ http://localhost:3002/__tsd/console-pipe/sse:0
[ 3707836ms] [ERROR] Failed to load resource: net::ERR_CONNECTION_REFUSED @ http://localhost:3002/__tsd/console-pipe/sse:0
[ 3709220ms] [ERROR] Failed to load resource: net::ERR_CONNECTION_REFUSED @ http://localhost:3002/api/cloud/task-notifications:0
[ 3710839ms] [ERROR] Failed to load resource: net::ERR_CONNECTION_REFUSED @ http://localhost:3002/__tsd/console-pipe/sse:0
[ 3713843ms] [ERROR] Failed to load resource: net::ERR_CONNECTION_REFUSED @ http://localhost:3002/__tsd/console-pipe/sse:0
[ 3716847ms] [ERROR] Failed to load resource: net::ERR_CONNECTION_REFUSED @ http://localhost:3002/__tsd/console-pipe/sse:0
[ 3719852ms] [ERROR] Failed to load resource: net::ERR_CONNECTION_REFUSED @ http://localhost:3002/__tsd/console-pipe/sse:0
[ 3722855ms] [ERROR] Failed to load resource: net::ERR_CONNECTION_REFUSED @ http://localhost:3002/__tsd/console-pipe/sse:0
[ 3724221ms] [ERROR] Failed to load resource: net::ERR_CONNECTION_REFUSED @ http://localhost:3002/api/cloud/task-notifications:0
[ 3725859ms] [ERROR] Failed to load resource: net::ERR_CONNECTION_REFUSED @ http://localhost:3002/__tsd/console-pipe/sse:0
[ 3728864ms] [ERROR] Failed to load resource: net::ERR_CONNECTION_REFUSED @ http://localhost:3002/__tsd/console-pipe/sse:0
[ 3731867ms] [ERROR] Failed to load resource: net::ERR_CONNECTION_REFUSED @ http://localhost:3002/__tsd/console-pipe/sse:0
[ 3734870ms] [ERROR] Failed to load resource: net::ERR_CONNECTION_REFUSED @ http://localhost:3002/__tsd/console-pipe/sse:0
[ 3737873ms] [ERROR] Failed to load resource: net::ERR_CONNECTION_REFUSED @ http://localhost:3002/__tsd/console-pipe/sse:0
[ 3739221ms] [ERROR] Failed to load resource: net::ERR_CONNECTION_REFUSED @ http://localhost:3002/api/cloud/task-notifications:0
[ 3740877ms] [ERROR] Failed to load resource: net::ERR_CONNECTION_REFUSED @ http://localhost:3002/__tsd/console-pipe/sse:0
[ 3743879ms] [ERROR] Failed to load resource: net::ERR_CONNECTION_REFUSED @ http://localhost:3002/__tsd/console-pipe/sse:0
[ 3746887ms] [ERROR] Failed to load resource: net::ERR_CONNECTION_REFUSED @ http://localhost:3002/__tsd/console-pipe/sse:0
[ 3749890ms] [ERROR] Failed to load resource: net::ERR_CONNECTION_REFUSED @ http://localhost:3002/__tsd/console-pipe/sse:0
[ 3752893ms] [ERROR] Failed to load resource: net::ERR_CONNECTION_REFUSED @ http://localhost:3002/__tsd/console-pipe/sse:0
[ 3754219ms] [ERROR] Failed to load resource: net::ERR_CONNECTION_REFUSED @ http://localhost:3002/api/cloud/task-notifications:0
[ 3755898ms] [ERROR] Failed to load resource: net::ERR_CONNECTION_REFUSED @ http://localhost:3002/__tsd/console-pipe/sse:0
[ 3758905ms] [ERROR] Failed to load resource: net::ERR_CONNECTION_REFUSED @ http://localhost:3002/__tsd/console-pipe/sse:0
[ 3761908ms] [ERROR] Failed to load resource: net::ERR_CONNECTION_REFUSED @ http://localhost:3002/__tsd/console-pipe/sse:0
[ 3764912ms] [ERROR] Failed to load resource: net::ERR_CONNECTION_REFUSED @ http://localhost:3002/__tsd/console-pipe/sse:0
[ 3767917ms] [ERROR] Failed to load resource: net::ERR_CONNECTION_REFUSED @ http://localhost:3002/__tsd/console-pipe/sse:0
[ 3769222ms] [ERROR] Failed to load resource: net::ERR_CONNECTION_REFUSED @ http://localhost:3002/api/cloud/task-notifications:0
[ 3770921ms] [ERROR] Failed to load resource: net::ERR_CONNECTION_REFUSED @ http://localhost:3002/__tsd/console-pipe/sse:0
[ 3773925ms] [ERROR] Failed to load resource: net::ERR_CONNECTION_REFUSED @ http://localhost:3002/__tsd/console-pipe/sse:0
[ 3776929ms] [ERROR] Failed to load resource: net::ERR_CONNECTION_REFUSED @ http://localhost:3002/__tsd/console-pipe/sse:0
[ 3779933ms] [ERROR] Failed to load resource: net::ERR_CONNECTION_REFUSED @ http://localhost:3002/__tsd/console-pipe/sse:0
[ 3782938ms] [ERROR] Failed to load resource: net::ERR_CONNECTION_REFUSED @ http://localhost:3002/__tsd/console-pipe/sse:0
[ 3784221ms] [ERROR] Failed to load resource: net::ERR_CONNECTION_REFUSED @ http://localhost:3002/api/cloud/task-notifications:0
[ 3785942ms] [ERROR] Failed to load resource: net::ERR_CONNECTION_REFUSED @ http://localhost:3002/__tsd/console-pipe/sse:0
[ 3788945ms] [ERROR] Failed to load resource: net::ERR_CONNECTION_REFUSED @ http://localhost:3002/__tsd/console-pipe/sse:0
[ 3791949ms] [ERROR] Failed to load resource: net::ERR_CONNECTION_REFUSED @ http://localhost:3002/__tsd/console-pipe/sse:0
[ 3794953ms] [ERROR] Failed to load resource: net::ERR_CONNECTION_REFUSED @ http://localhost:3002/__tsd/console-pipe/sse:0
[ 3797957ms] [ERROR] Failed to load resource: net::ERR_CONNECTION_REFUSED @ http://localhost:3002/__tsd/console-pipe/sse:0
[ 3799224ms] [ERROR] Failed to load resource: net::ERR_CONNECTION_REFUSED @ http://localhost:3002/api/cloud/task-notifications:0
[ 3800960ms] [ERROR] Failed to load resource: net::ERR_CONNECTION_REFUSED @ http://localhost:3002/__tsd/console-pipe/sse:0
[ 3803962ms] [ERROR] Failed to load resource: net::ERR_CONNECTION_REFUSED @ http://localhost:3002/__tsd/console-pipe/sse:0
[ 3806966ms] [ERROR] Failed to load resource: net::ERR_CONNECTION_REFUSED @ http://localhost:3002/__tsd/console-pipe/sse:0
[ 3809970ms] [ERROR] Failed to load resource: net::ERR_CONNECTION_REFUSED @ http://localhost:3002/__tsd/console-pipe/sse:0
[ 3812973ms] [ERROR] Failed to load resource: net::ERR_CONNECTION_REFUSED @ http://localhost:3002/__tsd/console-pipe/sse:0
[ 3814219ms] [ERROR] Failed to load resource: net::ERR_CONNECTION_REFUSED @ http://localhost:3002/api/cloud/task-notifications:0
[ 3815977ms] [ERROR] Failed to load resource: net::ERR_CONNECTION_REFUSED @ http://localhost:3002/__tsd/console-pipe/sse:0
[ 3818981ms] [ERROR] Failed to load resource: net::ERR_CONNECTION_REFUSED @ http://localhost:3002/__tsd/console-pipe/sse:0
[ 3821984ms] [ERROR] Failed to load resource: net::ERR_CONNECTION_REFUSED @ http://localhost:3002/__tsd/console-pipe/sse:0
[ 3824989ms] [ERROR] Failed to load resource: net::ERR_CONNECTION_REFUSED @ http://localhost:3002/__tsd/console-pipe/sse:0
[ 3827994ms] [ERROR] Failed to load resource: net::ERR_CONNECTION_REFUSED @ http://localhost:3002/__tsd/console-pipe/sse:0
[ 3829223ms] [ERROR] Failed to load resource: net::ERR_CONNECTION_REFUSED @ http://localhost:3002/api/cloud/task-notifications:0
[ 3830997ms] [ERROR] Failed to load resource: net::ERR_CONNECTION_REFUSED @ http://localhost:3002/__tsd/console-pipe/sse:0
[ 3834000ms] [ERROR] Failed to load resource: net::ERR_CONNECTION_REFUSED @ http://localhost:3002/__tsd/console-pipe/sse:0
[ 3837004ms] [ERROR] Failed to load resource: net::ERR_CONNECTION_REFUSED @ http://localhost:3002/__tsd/console-pipe/sse:0
[ 3840009ms] [ERROR] Failed to load resource: net::ERR_CONNECTION_REFUSED @ http://localhost:3002/__tsd/console-pipe/sse:0
[ 3843012ms] [ERROR] Failed to load resource: net::ERR_CONNECTION_REFUSED @ http://localhost:3002/__tsd/console-pipe/sse:0
[ 3844223ms] [ERROR] Failed to load resource: net::ERR_CONNECTION_REFUSED @ http://localhost:3002/api/cloud/task-notifications:0
[ 3846015ms] [ERROR] Failed to load resource: net::ERR_CONNECTION_REFUSED @ http://localhost:3002/__tsd/console-pipe/sse:0
[ 3849020ms] [ERROR] Failed to load resource: net::ERR_CONNECTION_REFUSED @ http://localhost:3002/__tsd/console-pipe/sse:0
[ 3852021ms] [ERROR] Failed to load resource: net::ERR_CONNECTION_REFUSED @ http://localhost:3002/__tsd/console-pipe/sse:0
[ 3855025ms] [ERROR] Failed to load resource: net::ERR_CONNECTION_REFUSED @ http://localhost:3002/__tsd/console-pipe/sse:0
[ 3858029ms] [ERROR] Failed to load resource: net::ERR_CONNECTION_REFUSED @ http://localhost:3002/__tsd/console-pipe/sse:0
[ 3859223ms] [ERROR] Failed to load resource: net::ERR_CONNECTION_REFUSED @ http://localhost:3002/api/cloud/task-notifications:0
[ 3861032ms] [ERROR] Failed to load resource: net::ERR_CONNECTION_REFUSED @ http://localhost:3002/__tsd/console-pipe/sse:0
[ 3864034ms] [ERROR] Failed to load resource: net::ERR_CONNECTION_REFUSED @ http://localhost:3002/__tsd/console-pipe/sse:0
[ 3867036ms] [ERROR] Failed to load resource: net::ERR_CONNECTION_REFUSED @ http://localhost:3002/__tsd/console-pipe/sse:0
[ 3870039ms] [ERROR] Failed to load resource: net::ERR_CONNECTION_REFUSED @ http://localhost:3002/__tsd/console-pipe/sse:0
[ 3873043ms] [ERROR] Failed to load resource: net::ERR_CONNECTION_REFUSED @ http://localhost:3002/__tsd/console-pipe/sse:0
[ 3874222ms] [ERROR] Failed to load resource: net::ERR_CONNECTION_REFUSED @ http://localhost:3002/api/cloud/task-notifications:0
[ 3876046ms] [ERROR] Failed to load resource: net::ERR_CONNECTION_REFUSED @ http://localhost:3002/__tsd/console-pipe/sse:0
[ 3879050ms] [ERROR] Failed to load resource: net::ERR_CONNECTION_REFUSED @ http://localhost:3002/__tsd/console-pipe/sse:0
[ 3882051ms] [ERROR] Failed to load resource: net::ERR_CONNECTION_REFUSED @ http://localhost:3002/__tsd/console-pipe/sse:0
[ 3885054ms] [ERROR] Failed to load resource: net::ERR_CONNECTION_REFUSED @ http://localhost:3002/__tsd/console-pipe/sse:0
[ 3888056ms] [ERROR] Failed to load resource: net::ERR_CONNECTION_REFUSED @ http://localhost:3002/__tsd/console-pipe/sse:0
[ 3889220ms] [ERROR] Failed to load resource: net::ERR_CONNECTION_REFUSED @ http://localhost:3002/api/cloud/task-notifications:0
[ 3891060ms] [ERROR] Failed to load resource: net::ERR_CONNECTION_REFUSED @ http://localhost:3002/__tsd/console-pipe/sse:0
[ 3894062ms] [ERROR] Failed to load resource: net::ERR_CONNECTION_REFUSED @ http://localhost:3002/__tsd/console-pipe/sse:0
[ 3897065ms] [ERROR] Failed to load resource: net::ERR_CONNECTION_REFUSED @ http://localhost:3002/__tsd/console-pipe/sse:0
[ 3900067ms] [ERROR] Failed to load resource: net::ERR_CONNECTION_REFUSED @ http://localhost:3002/__tsd/console-pipe/sse:0
[ 3903069ms] [ERROR] Failed to load resource: net::ERR_CONNECTION_REFUSED @ http://localhost:3002/__tsd/console-pipe/sse:0
[ 3904222ms] [ERROR] Failed to load resource: net::ERR_CONNECTION_REFUSED @ http://localhost:3002/api/cloud/task-notifications:0
[ 3906078ms] [ERROR] Failed to load resource: net::ERR_CONNECTION_REFUSED @ http://localhost:3002/__tsd/console-pipe/sse:0
[ 3909106ms] [ERROR] Failed to load resource: net::ERR_CONNECTION_REFUSED @ http://localhost:3002/__tsd/console-pipe/sse:0
[ 3912184ms] [ERROR] Failed to load resource: net::ERR_CONNECTION_REFUSED @ http://localhost:3002/__tsd/console-pipe/sse:0
[ 3915213ms] [ERROR] Failed to load resource: net::ERR_CONNECTION_REFUSED @ http://localhost:3002/__tsd/console-pipe/sse:0
[ 3918569ms] [ERROR] Failed to load resource: net::ERR_CONNECTION_REFUSED @ http://localhost:3002/__tsd/console-pipe/sse:0
[ 3919227ms] [ERROR] Failed to load resource: net::ERR_CONNECTION_REFUSED @ http://localhost:3002/api/cloud/task-notifications:0
[ 3921573ms] [ERROR] Failed to load resource: net::ERR_CONNECTION_REFUSED @ http://localhost:3002/__tsd/console-pipe/sse:0
[ 3924582ms] [ERROR] Failed to load resource: net::ERR_CONNECTION_REFUSED @ http://localhost:3002/__tsd/console-pipe/sse:0
[ 3927586ms] [ERROR] Failed to load resource: net::ERR_CONNECTION_REFUSED @ http://localhost:3002/__tsd/console-pipe/sse:0
[ 3930590ms] [ERROR] Failed to load resource: net::ERR_CONNECTION_REFUSED @ http://localhost:3002/__tsd/console-pipe/sse:0
[ 3933593ms] [ERROR] Failed to load resource: net::ERR_CONNECTION_REFUSED @ http://localhost:3002/__tsd/console-pipe/sse:0
[ 3934221ms] [ERROR] Failed to load resource: net::ERR_CONNECTION_REFUSED @ http://localhost:3002/api/cloud/task-notifications:0
[ 3936597ms] [ERROR] Failed to load resource: net::ERR_CONNECTION_REFUSED @ http://localhost:3002/__tsd/console-pipe/sse:0
[ 3939601ms] [ERROR] Failed to load resource: net::ERR_CONNECTION_REFUSED @ http://localhost:3002/__tsd/console-pipe/sse:0
[ 3942606ms] [ERROR] Failed to load resource: net::ERR_CONNECTION_REFUSED @ http://localhost:3002/__tsd/console-pipe/sse:0
[ 3945610ms] [ERROR] Failed to load resource: net::ERR_CONNECTION_REFUSED @ http://localhost:3002/__tsd/console-pipe/sse:0
[ 3948614ms] [ERROR] Failed to load resource: net::ERR_CONNECTION_REFUSED @ http://localhost:3002/__tsd/console-pipe/sse:0
[ 3949253ms] [ERROR] Failed to load resource: net::ERR_CONNECTION_REFUSED @ http://localhost:3002/api/cloud/task-notifications:0
[ 3951618ms] [ERROR] Failed to load resource: net::ERR_CONNECTION_REFUSED @ http://localhost:3002/__tsd/console-pipe/sse:0
[ 3954623ms] [ERROR] Failed to load resource: net::ERR_CONNECTION_REFUSED @ http://localhost:3002/__tsd/console-pipe/sse:0
[ 3957626ms] [ERROR] Failed to load resource: net::ERR_CONNECTION_REFUSED @ http://localhost:3002/__tsd/console-pipe/sse:0
[ 3960630ms] [ERROR] Failed to load resource: net::ERR_CONNECTION_REFUSED @ http://localhost:3002/__tsd/console-pipe/sse:0
[ 3963633ms] [ERROR] Failed to load resource: net::ERR_CONNECTION_REFUSED @ http://localhost:3002/__tsd/console-pipe/sse:0
[ 3964227ms] [ERROR] Failed to load resource: net::ERR_CONNECTION_REFUSED @ http://localhost:3002/api/cloud/task-notifications:0
[ 3966636ms] [ERROR] Failed to load resource: net::ERR_CONNECTION_REFUSED @ http://localhost:3002/__tsd/console-pipe/sse:0
[ 3969640ms] [ERROR] Failed to load resource: net::ERR_CONNECTION_REFUSED @ http://localhost:3002/__tsd/console-pipe/sse:0
[ 3972642ms] [ERROR] Failed to load resource: net::ERR_CONNECTION_REFUSED @ http://localhost:3002/__tsd/console-pipe/sse:0
[ 3975646ms] [ERROR] Failed to load resource: net::ERR_CONNECTION_REFUSED @ http://localhost:3002/__tsd/console-pipe/sse:0
[ 3978649ms] [ERROR] Failed to load resource: net::ERR_CONNECTION_REFUSED @ http://localhost:3002/__tsd/console-pipe/sse:0
[ 3979224ms] [ERROR] Failed to load resource: net::ERR_CONNECTION_REFUSED @ http://localhost:3002/api/cloud/task-notifications:0
[ 3981653ms] [ERROR] Failed to load resource: net::ERR_CONNECTION_REFUSED @ http://localhost:3002/__tsd/console-pipe/sse:0
[ 3984658ms] [ERROR] Failed to load resource: net::ERR_CONNECTION_REFUSED @ http://localhost:3002/__tsd/console-pipe/sse:0
[ 3987662ms] [ERROR] Failed to load resource: net::ERR_CONNECTION_REFUSED @ http://localhost:3002/__tsd/console-pipe/sse:0
[ 3990667ms] [ERROR] Failed to load resource: net::ERR_CONNECTION_REFUSED @ http://localhost:3002/__tsd/console-pipe/sse:0
[ 3993671ms] [ERROR] Failed to load resource: net::ERR_CONNECTION_REFUSED @ http://localhost:3002/__tsd/console-pipe/sse:0
[ 3994225ms] [ERROR] Failed to load resource: net::ERR_CONNECTION_REFUSED @ http://localhost:3002/api/cloud/task-notifications:0
[ 3996674ms] [ERROR] Failed to load resource: net::ERR_CONNECTION_REFUSED @ http://localhost:3002/__tsd/console-pipe/sse:0
[ 3999677ms] [ERROR] Failed to load resource: net::ERR_CONNECTION_REFUSED @ http://localhost:3002/__tsd/console-pipe/sse:0
[ 4002681ms] [ERROR] Failed to load resource: net::ERR_CONNECTION_REFUSED @ http://localhost:3002/__tsd/console-pipe/sse:0
[ 4005684ms] [ERROR] Failed to load resource: net::ERR_CONNECTION_REFUSED @ http://localhost:3002/__tsd/console-pipe/sse:0
[ 4008688ms] [ERROR] Failed to load resource: net::ERR_CONNECTION_REFUSED @ http://localhost:3002/__tsd/console-pipe/sse:0
[ 4009243ms] [ERROR] Failed to load resource: net::ERR_CONNECTION_REFUSED @ http://localhost:3002/api/cloud/task-notifications:0
[ 4011693ms] [ERROR] Failed to load resource: net::ERR_CONNECTION_REFUSED @ http://localhost:3002/__tsd/console-pipe/sse:0
[ 4014696ms] [ERROR] Failed to load resource: net::ERR_CONNECTION_REFUSED @ http://localhost:3002/__tsd/console-pipe/sse:0
[ 4017699ms] [ERROR] Failed to load resource: net::ERR_CONNECTION_REFUSED @ http://localhost:3002/__tsd/console-pipe/sse:0
[ 4020701ms] [ERROR] Failed to load resource: net::ERR_CONNECTION_REFUSED @ http://localhost:3002/__tsd/console-pipe/sse:0
[ 4023704ms] [ERROR] Failed to load resource: net::ERR_CONNECTION_REFUSED @ http://localhost:3002/__tsd/console-pipe/sse:0
[ 4024245ms] [ERROR] Failed to load resource: net::ERR_CONNECTION_REFUSED @ http://localhost:3002/api/cloud/task-notifications:0
[ 4026707ms] [ERROR] Failed to load resource: net::ERR_CONNECTION_REFUSED @ http://localhost:3002/__tsd/console-pipe/sse:0
[ 4029711ms] [ERROR] Failed to load resource: net::ERR_CONNECTION_REFUSED @ http://localhost:3002/__tsd/console-pipe/sse:0
[ 4032714ms] [ERROR] Failed to load resource: net::ERR_CONNECTION_REFUSED @ http://localhost:3002/__tsd/console-pipe/sse:0
[ 4035716ms] [ERROR] Failed to load resource: net::ERR_CONNECTION_REFUSED @ http://localhost:3002/__tsd/console-pipe/sse:0
[ 4038721ms] [ERROR] Failed to load resource: net::ERR_CONNECTION_REFUSED @ http://localhost:3002/__tsd/console-pipe/sse:0
[ 4039228ms] [ERROR] Failed to load resource: net::ERR_CONNECTION_REFUSED @ http://localhost:3002/api/cloud/task-notifications:0
[ 4041724ms] [ERROR] Failed to load resource: net::ERR_CONNECTION_REFUSED @ http://localhost:3002/__tsd/console-pipe/sse:0
[ 4044727ms] [ERROR] Failed to load resource: net::ERR_CONNECTION_REFUSED @ http://localhost:3002/__tsd/console-pipe/sse:0
[ 4047729ms] [ERROR] Failed to load resource: net::ERR_CONNECTION_REFUSED @ http://localhost:3002/__tsd/console-pipe/sse:0
[ 4050733ms] [ERROR] Failed to load resource: net::ERR_CONNECTION_REFUSED @ http://localhost:3002/__tsd/console-pipe/sse:0
[ 4053737ms] [ERROR] Failed to load resource: net::ERR_CONNECTION_REFUSED @ http://localhost:3002/__tsd/console-pipe/sse:0
[ 4054228ms] [ERROR] Failed to load resource: net::ERR_CONNECTION_REFUSED @ http://localhost:3002/api/cloud/task-notifications:0
[ 4056741ms] [ERROR] Failed to load resource: net::ERR_CONNECTION_REFUSED @ http://localhost:3002/__tsd/console-pipe/sse:0
[ 4059744ms] [ERROR] Failed to load resource: net::ERR_CONNECTION_REFUSED @ http://localhost:3002/__tsd/console-pipe/sse:0
[ 4062747ms] [ERROR] Failed to load resource: net::ERR_CONNECTION_REFUSED @ http://localhost:3002/__tsd/console-pipe/sse:0
[ 4065749ms] [ERROR] Failed to load resource: net::ERR_CONNECTION_REFUSED @ http://localhost:3002/__tsd/console-pipe/sse:0
[ 4068752ms] [ERROR] Failed to load resource: net::ERR_CONNECTION_REFUSED @ http://localhost:3002/__tsd/console-pipe/sse:0
[ 4069225ms] [ERROR] Failed to load resource: net::ERR_CONNECTION_REFUSED @ http://localhost:3002/api/cloud/task-notifications:0
[ 4071754ms] [ERROR] Failed to load resource: net::ERR_CONNECTION_REFUSED @ http://localhost:3002/__tsd/console-pipe/sse:0
[ 4074757ms] [ERROR] Failed to load resource: net::ERR_CONNECTION_REFUSED @ http://localhost:3002/__tsd/console-pipe/sse:0
[ 4077759ms] [ERROR] Failed to load resource: net::ERR_CONNECTION_REFUSED @ http://localhost:3002/__tsd/console-pipe/sse:0
[ 4080763ms] [ERROR] Failed to load resource: net::ERR_CONNECTION_REFUSED @ http://localhost:3002/__tsd/console-pipe/sse:0
[ 4083766ms] [ERROR] Failed to load resource: net::ERR_CONNECTION_REFUSED @ http://localhost:3002/__tsd/console-pipe/sse:0
[ 4084226ms] [ERROR] Failed to load resource: net::ERR_CONNECTION_REFUSED @ http://localhost:3002/api/cloud/task-notifications:0
[ 4086770ms] [ERROR] Failed to load resource: net::ERR_CONNECTION_REFUSED @ http://localhost:3002/__tsd/console-pipe/sse:0
[ 4089773ms] [ERROR] Failed to load resource: net::ERR_CONNECTION_REFUSED @ http://localhost:3002/__tsd/console-pipe/sse:0
[ 4092778ms] [ERROR] Failed to load resource: net::ERR_CONNECTION_REFUSED @ http://localhost:3002/__tsd/console-pipe/sse:0
[ 4095781ms] [ERROR] Failed to load resource: net::ERR_CONNECTION_REFUSED @ http://localhost:3002/__tsd/console-pipe/sse:0
[ 4098784ms] [ERROR] Failed to load resource: net::ERR_CONNECTION_REFUSED @ http://localhost:3002/__tsd/console-pipe/sse:0
[ 4099226ms] [ERROR] Failed to load resource: net::ERR_CONNECTION_REFUSED @ http://localhost:3002/api/cloud/task-notifications:0
[ 4101786ms] [ERROR] Failed to load resource: net::ERR_CONNECTION_REFUSED @ http://localhost:3002/__tsd/console-pipe/sse:0
[ 4104788ms] [ERROR] Failed to load resource: net::ERR_CONNECTION_REFUSED @ http://localhost:3002/__tsd/console-pipe/sse:0
[ 4107791ms] [ERROR] Failed to load resource: net::ERR_CONNECTION_REFUSED @ http://localhost:3002/__tsd/console-pipe/sse:0
[ 4110794ms] [ERROR] Failed to load resource: net::ERR_CONNECTION_REFUSED @ http://localhost:3002/__tsd/console-pipe/sse:0
[ 4113796ms] [ERROR] Failed to load resource: net::ERR_CONNECTION_REFUSED @ http://localhost:3002/__tsd/console-pipe/sse:0
[ 4114229ms] [ERROR] Failed to load resource: net::ERR_CONNECTION_REFUSED @ http://localhost:3002/api/cloud/task-notifications:0
[ 4116799ms] [ERROR] Failed to load resource: net::ERR_CONNECTION_REFUSED @ http://localhost:3002/__tsd/console-pipe/sse:0
[ 4119803ms] [ERROR] Failed to load resource: net::ERR_CONNECTION_REFUSED @ http://localhost:3002/__tsd/console-pipe/sse:0
[ 4122806ms] [ERROR] Failed to load resource: net::ERR_CONNECTION_REFUSED @ http://localhost:3002/__tsd/console-pipe/sse:0
[ 4125809ms] [ERROR] Failed to load resource: net::ERR_CONNECTION_REFUSED @ http://localhost:3002/__tsd/console-pipe/sse:0
[ 4128813ms] [ERROR] Failed to load resource: net::ERR_CONNECTION_REFUSED @ http://localhost:3002/__tsd/console-pipe/sse:0
[ 4129225ms] [ERROR] Failed to load resource: net::ERR_CONNECTION_REFUSED @ http://localhost:3002/api/cloud/task-notifications:0
[ 4131816ms] [ERROR] Failed to load resource: net::ERR_CONNECTION_REFUSED @ http://localhost:3002/__tsd/console-pipe/sse:0
[ 4134819ms] [ERROR] Failed to load resource: net::ERR_CONNECTION_REFUSED @ http://localhost:3002/__tsd/console-pipe/sse:0
[ 4137822ms] [ERROR] Failed to load resource: net::ERR_CONNECTION_REFUSED @ http://localhost:3002/__tsd/console-pipe/sse:0
[ 4140827ms] [ERROR] Failed to load resource: net::ERR_CONNECTION_REFUSED @ http://localhost:3002/__tsd/console-pipe/sse:0
[ 4143830ms] [ERROR] Failed to load resource: net::ERR_CONNECTION_REFUSED @ http://localhost:3002/__tsd/console-pipe/sse:0
[ 4144225ms] [ERROR] Failed to load resource: net::ERR_CONNECTION_REFUSED @ http://localhost:3002/api/cloud/task-notifications:0
[ 4146834ms] [ERROR] Failed to load resource: net::ERR_CONNECTION_REFUSED @ http://localhost:3002/__tsd/console-pipe/sse:0
[ 4149837ms] [ERROR] Failed to load resource: net::ERR_CONNECTION_REFUSED @ http://localhost:3002/__tsd/console-pipe/sse:0
[ 4152845ms] [ERROR] Failed to load resource: net::ERR_CONNECTION_REFUSED @ http://localhost:3002/__tsd/console-pipe/sse:0
[ 4155848ms] [ERROR] Failed to load resource: net::ERR_CONNECTION_REFUSED @ http://localhost:3002/__tsd/console-pipe/sse:0
[ 4158851ms] [ERROR] Failed to load resource: net::ERR_CONNECTION_REFUSED @ http://localhost:3002/__tsd/console-pipe/sse:0
[ 4159227ms] [ERROR] Failed to load resource: net::ERR_CONNECTION_REFUSED @ http://localhost:3002/api/cloud/task-notifications:0
[ 4161854ms] [ERROR] Failed to load resource: net::ERR_CONNECTION_REFUSED @ http://localhost:3002/__tsd/console-pipe/sse:0
[ 4164860ms] [ERROR] Failed to load resource: net::ERR_CONNECTION_REFUSED @ http://localhost:3002/__tsd/console-pipe/sse:0
[ 4167864ms] [ERROR] Failed to load resource: net::ERR_CONNECTION_REFUSED @ http://localhost:3002/__tsd/console-pipe/sse:0
[ 4170867ms] [ERROR] Failed to load resource: net::ERR_CONNECTION_REFUSED @ http://localhost:3002/__tsd/console-pipe/sse:0
[ 4173872ms] [ERROR] Failed to load resource: net::ERR_CONNECTION_REFUSED @ http://localhost:3002/__tsd/console-pipe/sse:0
[ 4174223ms] [ERROR] Failed to load resource: net::ERR_CONNECTION_REFUSED @ http://localhost:3002/api/cloud/task-notifications:0
[ 4176878ms] [ERROR] Failed to load resource: net::ERR_CONNECTION_REFUSED @ http://localhost:3002/__tsd/console-pipe/sse:0
[ 4179880ms] [ERROR] Failed to load resource: net::ERR_CONNECTION_REFUSED @ http://localhost:3002/__tsd/console-pipe/sse:0
[ 4182883ms] [ERROR] Failed to load resource: net::ERR_CONNECTION_REFUSED @ http://localhost:3002/__tsd/console-pipe/sse:0
[ 4185887ms] [ERROR] Failed to load resource: net::ERR_CONNECTION_REFUSED @ http://localhost:3002/__tsd/console-pipe/sse:0
[ 4188889ms] [ERROR] Failed to load resource: net::ERR_CONNECTION_REFUSED @ http://localhost:3002/__tsd/console-pipe/sse:0
[ 4189225ms] [ERROR] Failed to load resource: net::ERR_CONNECTION_REFUSED @ http://localhost:3002/api/cloud/task-notifications:0
[ 4191897ms] [ERROR] Failed to load resource: net::ERR_CONNECTION_REFUSED @ http://localhost:3002/__tsd/console-pipe/sse:0
[ 4194899ms] [ERROR] Failed to load resource: net::ERR_CONNECTION_REFUSED @ http://localhost:3002/__tsd/console-pipe/sse:0
[ 4197903ms] [ERROR] Failed to load resource: net::ERR_CONNECTION_REFUSED @ http://localhost:3002/__tsd/console-pipe/sse:0
[ 4200907ms] [ERROR] Failed to load resource: net::ERR_CONNECTION_REFUSED @ http://localhost:3002/__tsd/console-pipe/sse:0
[ 4203913ms] [ERROR] Failed to load resource: net::ERR_CONNECTION_REFUSED @ http://localhost:3002/__tsd/console-pipe/sse:0
[ 4204227ms] [ERROR] Failed to load resource: net::ERR_CONNECTION_REFUSED @ http://localhost:3002/api/cloud/task-notifications:0
[ 4206913ms] [ERROR] Failed to load resource: net::ERR_CONNECTION_REFUSED @ http://localhost:3002/__tsd/console-pipe/sse:0
[ 4209916ms] [ERROR] Failed to load resource: net::ERR_CONNECTION_REFUSED @ http://localhost:3002/__tsd/console-pipe/sse:0
[ 4212919ms] [ERROR] Failed to load resource: net::ERR_CONNECTION_REFUSED @ http://localhost:3002/__tsd/console-pipe/sse:0
[ 4215923ms] [ERROR] Failed to load resource: net::ERR_CONNECTION_REFUSED @ http://localhost:3002/__tsd/console-pipe/sse:0
[ 4218928ms] [ERROR] Failed to load resource: net::ERR_CONNECTION_REFUSED @ http://localhost:3002/__tsd/console-pipe/sse:0
[ 4219226ms] [ERROR] Failed to load resource: net::ERR_CONNECTION_REFUSED @ http://localhost:3002/api/cloud/task-notifications:0
[ 4221930ms] [ERROR] Failed to load resource: net::ERR_CONNECTION_REFUSED @ http://localhost:3002/__tsd/console-pipe/sse:0
[ 4224932ms] [ERROR] Failed to load resource: net::ERR_CONNECTION_REFUSED @ http://localhost:3002/__tsd/console-pipe/sse:0
[ 4227979ms] [ERROR] Failed to load resource: net::ERR_CONNECTION_REFUSED @ http://localhost:3002/__tsd/console-pipe/sse:0
[ 4230980ms] [ERROR] Failed to load resource: net::ERR_CONNECTION_REFUSED @ http://localhost:3002/__tsd/console-pipe/sse:0
[ 4233984ms] [ERROR] Failed to load resource: net::ERR_CONNECTION_REFUSED @ http://localhost:3002/__tsd/console-pipe/sse:0
[ 4234229ms] [ERROR] Failed to load resource: net::ERR_CONNECTION_REFUSED @ http://localhost:3002/api/cloud/task-notifications:0
[ 4236989ms] [ERROR] Failed to load resource: net::ERR_CONNECTION_REFUSED @ http://localhost:3002/__tsd/console-pipe/sse:0
[ 4239992ms] [ERROR] Failed to load resource: net::ERR_CONNECTION_REFUSED @ http://localhost:3002/__tsd/console-pipe/sse:0
[ 4242996ms] [ERROR] Failed to load resource: net::ERR_CONNECTION_REFUSED @ http://localhost:3002/__tsd/console-pipe/sse:0
[ 4245999ms] [ERROR] Failed to load resource: net::ERR_CONNECTION_REFUSED @ http://localhost:3002/__tsd/console-pipe/sse:0
[ 4249003ms] [ERROR] Failed to load resource: net::ERR_CONNECTION_REFUSED @ http://localhost:3002/__tsd/console-pipe/sse:0
[ 4249232ms] [ERROR] Failed to load resource: net::ERR_CONNECTION_REFUSED @ http://localhost:3002/api/cloud/task-notifications:0
[ 4252006ms] [ERROR] Failed to load resource: net::ERR_CONNECTION_REFUSED @ http://localhost:3002/__tsd/console-pipe/sse:0
[ 4255012ms] [ERROR] Failed to load resource: net::ERR_CONNECTION_REFUSED @ http://localhost:3002/__tsd/console-pipe/sse:0
[ 4258015ms] [ERROR] Failed to load resource: net::ERR_CONNECTION_REFUSED @ http://localhost:3002/__tsd/console-pipe/sse:0
[ 4261021ms] [ERROR] Failed to load resource: net::ERR_CONNECTION_REFUSED @ http://localhost:3002/__tsd/console-pipe/sse:0
[ 4264025ms] [ERROR] Failed to load resource: net::ERR_CONNECTION_REFUSED @ http://localhost:3002/__tsd/console-pipe/sse:0
[ 4264227ms] [ERROR] Failed to load resource: net::ERR_CONNECTION_REFUSED @ http://localhost:3002/api/cloud/task-notifications:0
[ 4267030ms] [ERROR] Failed to load resource: net::ERR_CONNECTION_REFUSED @ http://localhost:3002/__tsd/console-pipe/sse:0
[ 4270034ms] [ERROR] Failed to load resource: net::ERR_CONNECTION_REFUSED @ http://localhost:3002/__tsd/console-pipe/sse:0
[ 4273037ms] [ERROR] Failed to load resource: net::ERR_CONNECTION_REFUSED @ http://localhost:3002/__tsd/console-pipe/sse:0
[ 4276041ms] [ERROR] Failed to load resource: net::ERR_CONNECTION_REFUSED @ http://localhost:3002/__tsd/console-pipe/sse:0
[ 4279044ms] [ERROR] Failed to load resource: net::ERR_CONNECTION_REFUSED @ http://localhost:3002/__tsd/console-pipe/sse:0
[ 4279227ms] [ERROR] Failed to load resource: net::ERR_CONNECTION_REFUSED @ http://localhost:3002/api/cloud/task-notifications:0
[ 4282047ms] [ERROR] Failed to load resource: net::ERR_CONNECTION_REFUSED @ http://localhost:3002/__tsd/console-pipe/sse:0
[ 4285054ms] [ERROR] Failed to load resource: net::ERR_CONNECTION_REFUSED @ http://localhost:3002/__tsd/console-pipe/sse:0
[ 4288059ms] [ERROR] Failed to load resource: net::ERR_CONNECTION_REFUSED @ http://localhost:3002/__tsd/console-pipe/sse:0
[ 4291064ms] [ERROR] Failed to load resource: net::ERR_CONNECTION_REFUSED @ http://localhost:3002/__tsd/console-pipe/sse:0
[ 4294068ms] [ERROR] Failed to load resource: net::ERR_CONNECTION_REFUSED @ http://localhost:3002/__tsd/console-pipe/sse:0
[ 4294227ms] [ERROR] Failed to load resource: net::ERR_CONNECTION_REFUSED @ http://localhost:3002/api/cloud/task-notifications:0
[ 4297070ms] [ERROR] Failed to load resource: net::ERR_CONNECTION_REFUSED @ http://localhost:3002/__tsd/console-pipe/sse:0
[ 4300074ms] [ERROR] Failed to load resource: net::ERR_CONNECTION_REFUSED @ http://localhost:3002/__tsd/console-pipe/sse:0
[ 4303077ms] [ERROR] Failed to load resource: net::ERR_CONNECTION_REFUSED @ http://localhost:3002/__tsd/console-pipe/sse:0
[ 4306080ms] [ERROR] Failed to load resource: net::ERR_CONNECTION_REFUSED @ http://localhost:3002/__tsd/console-pipe/sse:0
[ 4309083ms] [ERROR] Failed to load resource: net::ERR_CONNECTION_REFUSED @ http://localhost:3002/__tsd/console-pipe/sse:0
[ 4309231ms] [ERROR] Failed to load resource: net::ERR_CONNECTION_REFUSED @ http://localhost:3002/api/cloud/task-notifications:0
[ 4312086ms] [ERROR] Failed to load resource: net::ERR_CONNECTION_REFUSED @ http://localhost:3002/__tsd/console-pipe/sse:0
[ 4315089ms] [ERROR] Failed to load resource: net::ERR_CONNECTION_REFUSED @ http://localhost:3002/__tsd/console-pipe/sse:0
[ 4318095ms] [ERROR] Failed to load resource: net::ERR_CONNECTION_REFUSED @ http://localhost:3002/__tsd/console-pipe/sse:0
[ 4321098ms] [ERROR] Failed to load resource: net::ERR_CONNECTION_REFUSED @ http://localhost:3002/__tsd/console-pipe/sse:0
[ 4324101ms] [ERROR] Failed to load resource: net::ERR_CONNECTION_REFUSED @ http://localhost:3002/__tsd/console-pipe/sse:0
[ 4324229ms] [ERROR] Failed to load resource: net::ERR_CONNECTION_REFUSED @ http://localhost:3002/api/cloud/task-notifications:0
[ 4327105ms] [ERROR] Failed to load resource: net::ERR_CONNECTION_REFUSED @ http://localhost:3002/__tsd/console-pipe/sse:0
[ 4330109ms] [ERROR] Failed to load resource: net::ERR_CONNECTION_REFUSED @ http://localhost:3002/__tsd/console-pipe/sse:0
[ 4333113ms] [ERROR] Failed to load resource: net::ERR_CONNECTION_REFUSED @ http://localhost:3002/__tsd/console-pipe/sse:0
[ 4336117ms] [ERROR] Failed to load resource: net::ERR_CONNECTION_REFUSED @ http://localhost:3002/__tsd/console-pipe/sse:0
[ 4339120ms] [ERROR] Failed to load resource: net::ERR_CONNECTION_REFUSED @ http://localhost:3002/__tsd/console-pipe/sse:0
[ 4339228ms] [ERROR] Failed to load resource: net::ERR_CONNECTION_REFUSED @ http://localhost:3002/api/cloud/task-notifications:0
[ 4342125ms] [ERROR] Failed to load resource: net::ERR_CONNECTION_REFUSED @ http://localhost:3002/__tsd/console-pipe/sse:0
[ 4345126ms] [ERROR] Failed to load resource: net::ERR_CONNECTION_REFUSED @ http://localhost:3002/__tsd/console-pipe/sse:0
[ 4348130ms] [ERROR] Failed to load resource: net::ERR_CONNECTION_REFUSED @ http://localhost:3002/__tsd/console-pipe/sse:0
[ 4351133ms] [ERROR] Failed to load resource: net::ERR_CONNECTION_REFUSED @ http://localhost:3002/__tsd/console-pipe/sse:0
[ 4354136ms] [ERROR] Failed to load resource: net::ERR_CONNECTION_REFUSED @ http://localhost:3002/__tsd/console-pipe/sse:0
[ 4354229ms] [ERROR] Failed to load resource: net::ERR_CONNECTION_REFUSED @ http://localhost:3002/api/cloud/task-notifications:0
[ 4357139ms] [ERROR] Failed to load resource: net::ERR_CONNECTION_REFUSED @ http://localhost:3002/__tsd/console-pipe/sse:0
[ 4360142ms] [ERROR] Failed to load resource: net::ERR_CONNECTION_REFUSED @ http://localhost:3002/__tsd/console-pipe/sse:0
[ 4363145ms] [ERROR] Failed to load resource: net::ERR_CONNECTION_REFUSED @ http://localhost:3002/__tsd/console-pipe/sse:0
[ 4366149ms] [ERROR] Failed to load resource: net::ERR_CONNECTION_REFUSED @ http://localhost:3002/__tsd/console-pipe/sse:0
[ 4369152ms] [ERROR] Failed to load resource: net::ERR_CONNECTION_REFUSED @ http://localhost:3002/__tsd/console-pipe/sse:0
[ 4369228ms] [ERROR] Failed to load resource: net::ERR_CONNECTION_REFUSED @ http://localhost:3002/api/cloud/task-notifications:0
[ 4372155ms] [ERROR] Failed to load resource: net::ERR_CONNECTION_REFUSED @ http://localhost:3002/__tsd/console-pipe/sse:0
[ 4375159ms] [ERROR] Failed to load resource: net::ERR_CONNECTION_REFUSED @ http://localhost:3002/__tsd/console-pipe/sse:0
[ 4378163ms] [ERROR] Failed to load resource: net::ERR_CONNECTION_REFUSED @ http://localhost:3002/__tsd/console-pipe/sse:0
[ 4381165ms] [ERROR] Failed to load resource: net::ERR_CONNECTION_REFUSED @ http://localhost:3002/__tsd/console-pipe/sse:0
[ 4384169ms] [ERROR] Failed to load resource: net::ERR_CONNECTION_REFUSED @ http://localhost:3002/__tsd/console-pipe/sse:0
[ 4384229ms] [ERROR] Failed to load resource: net::ERR_CONNECTION_REFUSED @ http://localhost:3002/api/cloud/task-notifications:0
[ 4387171ms] [ERROR] Failed to load resource: net::ERR_CONNECTION_REFUSED @ http://localhost:3002/__tsd/console-pipe/sse:0
[ 4390174ms] [ERROR] Failed to load resource: net::ERR_CONNECTION_REFUSED @ http://localhost:3002/__tsd/console-pipe/sse:0
[ 4393180ms] [ERROR] Failed to load resource: net::ERR_CONNECTION_REFUSED @ http://localhost:3002/__tsd/console-pipe/sse:0
[ 4396183ms] [ERROR] Failed to load resource: net::ERR_CONNECTION_REFUSED @ http://localhost:3002/__tsd/console-pipe/sse:0
[ 4399185ms] [ERROR] Failed to load resource: net::ERR_CONNECTION_REFUSED @ http://localhost:3002/__tsd/console-pipe/sse:0
[ 4399230ms] [ERROR] Failed to load resource: net::ERR_CONNECTION_REFUSED @ http://localhost:3002/api/cloud/task-notifications:0
[ 4402187ms] [ERROR] Failed to load resource: net::ERR_CONNECTION_REFUSED @ http://localhost:3002/__tsd/console-pipe/sse:0
[ 4405190ms] [ERROR] Failed to load resource: net::ERR_CONNECTION_REFUSED @ http://localhost:3002/__tsd/console-pipe/sse:0
[ 4408192ms] [ERROR] Failed to load resource: net::ERR_CONNECTION_REFUSED @ http://localhost:3002/__tsd/console-pipe/sse:0
[ 4411195ms] [ERROR] Failed to load resource: net::ERR_CONNECTION_REFUSED @ http://localhost:3002/__tsd/console-pipe/sse:0
[ 4414199ms] [ERROR] Failed to load resource: net::ERR_CONNECTION_REFUSED @ http://localhost:3002/__tsd/console-pipe/sse:0
[ 4414229ms] [ERROR] Failed to load resource: net::ERR_CONNECTION_REFUSED @ http://localhost:3002/api/cloud/task-notifications:0
[ 4417201ms] [ERROR] Failed to load resource: net::ERR_CONNECTION_REFUSED @ http://localhost:3002/__tsd/console-pipe/sse:0
[ 4420204ms] [ERROR] Failed to load resource: net::ERR_CONNECTION_REFUSED @ http://localhost:3002/__tsd/console-pipe/sse:0
[ 4423208ms] [ERROR] Failed to load resource: net::ERR_CONNECTION_REFUSED @ http://localhost:3002/__tsd/console-pipe/sse:0
[ 4426211ms] [ERROR] Failed to load resource: net::ERR_CONNECTION_REFUSED @ http://localhost:3002/__tsd/console-pipe/sse:0
[ 4429214ms] [ERROR] Failed to load resource: net::ERR_CONNECTION_REFUSED @ http://localhost:3002/__tsd/console-pipe/sse:0
[ 4429229ms] [ERROR] Failed to load resource: net::ERR_CONNECTION_REFUSED @ http://localhost:3002/api/cloud/task-notifications:0
[ 4432217ms] [ERROR] Failed to load resource: net::ERR_CONNECTION_REFUSED @ http://localhost:3002/__tsd/console-pipe/sse:0
[ 4435220ms] [ERROR] Failed to load resource: net::ERR_CONNECTION_REFUSED @ http://localhost:3002/__tsd/console-pipe/sse:0
[ 4438224ms] [ERROR] Failed to load resource: net::ERR_CONNECTION_REFUSED @ http://localhost:3002/__tsd/console-pipe/sse:0
[ 4441227ms] [ERROR] Failed to load resource: net::ERR_CONNECTION_REFUSED @ http://localhost:3002/__tsd/console-pipe/sse:0
[ 4444232ms] [ERROR] Failed to load resource: net::ERR_CONNECTION_REFUSED @ http://localhost:3002/__tsd/console-pipe/sse:0
[ 4444232ms] [ERROR] Failed to load resource: net::ERR_CONNECTION_REFUSED @ http://localhost:3002/api/cloud/task-notifications:0
[ 4447234ms] [ERROR] Failed to load resource: net::ERR_CONNECTION_REFUSED @ http://localhost:3002/__tsd/console-pipe/sse:0
[ 4450237ms] [ERROR] Failed to load resource: net::ERR_CONNECTION_REFUSED @ http://localhost:3002/__tsd/console-pipe/sse:0
[ 4453241ms] [ERROR] Failed to load resource: net::ERR_CONNECTION_REFUSED @ http://localhost:3002/__tsd/console-pipe/sse:0
[ 4456244ms] [ERROR] Failed to load resource: net::ERR_CONNECTION_REFUSED @ http://localhost:3002/__tsd/console-pipe/sse:0
[ 4459232ms] [ERROR] Failed to load resource: net::ERR_CONNECTION_REFUSED @ http://localhost:3002/api/cloud/task-notifications:0
[ 4459250ms] [ERROR] Failed to load resource: net::ERR_CONNECTION_REFUSED @ http://localhost:3002/__tsd/console-pipe/sse:0
[ 4462252ms] [ERROR] Failed to load resource: net::ERR_CONNECTION_REFUSED @ http://localhost:3002/__tsd/console-pipe/sse:0
[ 4465255ms] [ERROR] Failed to load resource: net::ERR_CONNECTION_REFUSED @ http://localhost:3002/__tsd/console-pipe/sse:0
[ 4468257ms] [ERROR] Failed to load resource: net::ERR_CONNECTION_REFUSED @ http://localhost:3002/__tsd/console-pipe/sse:0
[ 4471261ms] [ERROR] Failed to load resource: net::ERR_CONNECTION_REFUSED @ http://localhost:3002/__tsd/console-pipe/sse:0
[ 4474231ms] [ERROR] Failed to load resource: net::ERR_CONNECTION_REFUSED @ http://localhost:3002/api/cloud/task-notifications:0
[ 4474264ms] [ERROR] Failed to load resource: net::ERR_CONNECTION_REFUSED @ http://localhost:3002/__tsd/console-pipe/sse:0
[ 4477266ms] [ERROR] Failed to load resource: net::ERR_CONNECTION_REFUSED @ http://localhost:3002/__tsd/console-pipe/sse:0
[ 4480269ms] [ERROR] Failed to load resource: net::ERR_CONNECTION_REFUSED @ http://localhost:3002/__tsd/console-pipe/sse:0
[ 4483272ms] [ERROR] Failed to load resource: net::ERR_CONNECTION_REFUSED @ http://localhost:3002/__tsd/console-pipe/sse:0
[ 4486285ms] [ERROR] Failed to load resource: net::ERR_CONNECTION_REFUSED @ http://localhost:3002/__tsd/console-pipe/sse:0
[ 4489232ms] [ERROR] Failed to load resource: net::ERR_CONNECTION_REFUSED @ http://localhost:3002/api/cloud/task-notifications:0
[ 4489287ms] [ERROR] Failed to load resource: net::ERR_CONNECTION_REFUSED @ http://localhost:3002/__tsd/console-pipe/sse:0
[ 4492290ms] [ERROR] Failed to load resource: net::ERR_CONNECTION_REFUSED @ http://localhost:3002/__tsd/console-pipe/sse:0
[ 4495297ms] [ERROR] Failed to load resource: net::ERR_CONNECTION_REFUSED @ http://localhost:3002/__tsd/console-pipe/sse:0
[ 4498300ms] [ERROR] Failed to load resource: net::ERR_CONNECTION_REFUSED @ http://localhost:3002/__tsd/console-pipe/sse:0
[ 4501303ms] [ERROR] Failed to load resource: net::ERR_CONNECTION_REFUSED @ http://localhost:3002/__tsd/console-pipe/sse:0
[ 4504231ms] [ERROR] Failed to load resource: net::ERR_CONNECTION_REFUSED @ http://localhost:3002/api/cloud/task-notifications:0
[ 4504306ms] [ERROR] Failed to load resource: net::ERR_CONNECTION_REFUSED @ http://localhost:3002/__tsd/console-pipe/sse:0
[ 4507309ms] [ERROR] Failed to load resource: net::ERR_CONNECTION_REFUSED @ http://localhost:3002/__tsd/console-pipe/sse:0
[ 4510610ms] [ERROR] Failed to load resource: net::ERR_CONNECTION_REFUSED @ http://localhost:3002/__tsd/console-pipe/sse:0
[ 4513613ms] [ERROR] Failed to load resource: net::ERR_CONNECTION_REFUSED @ http://localhost:3002/__tsd/console-pipe/sse:0
[ 4516616ms] [ERROR] Failed to load resource: net::ERR_CONNECTION_REFUSED @ http://localhost:3002/__tsd/console-pipe/sse:0
[ 4519231ms] [ERROR] Failed to load resource: net::ERR_CONNECTION_REFUSED @ http://localhost:3002/api/cloud/task-notifications:0
[ 4519628ms] [ERROR] Failed to load resource: net::ERR_CONNECTION_REFUSED @ http://localhost:3002/__tsd/console-pipe/sse:0
[ 4522631ms] [ERROR] Failed to load resource: net::ERR_CONNECTION_REFUSED @ http://localhost:3002/__tsd/console-pipe/sse:0
[ 4525633ms] [ERROR] Failed to load resource: net::ERR_CONNECTION_REFUSED @ http://localhost:3002/__tsd/console-pipe/sse:0
[ 4528636ms] [ERROR] Failed to load resource: net::ERR_CONNECTION_REFUSED @ http://localhost:3002/__tsd/console-pipe/sse:0
[ 4531639ms] [ERROR] Failed to load resource: net::ERR_CONNECTION_REFUSED @ http://localhost:3002/__tsd/console-pipe/sse:0
[ 4534235ms] [ERROR] Failed to load resource: net::ERR_CONNECTION_REFUSED @ http://localhost:3002/api/cloud/task-notifications:0
[ 4534642ms] [ERROR] Failed to load resource: net::ERR_CONNECTION_REFUSED @ http://localhost:3002/__tsd/console-pipe/sse:0
[ 4537643ms] [ERROR] Failed to load resource: net::ERR_CONNECTION_REFUSED @ http://localhost:3002/__tsd/console-pipe/sse:0
[ 4540645ms] [ERROR] Failed to load resource: net::ERR_CONNECTION_REFUSED @ http://localhost:3002/__tsd/console-pipe/sse:0
[ 4543649ms] [ERROR] Failed to load resource: net::ERR_CONNECTION_REFUSED @ http://localhost:3002/__tsd/console-pipe/sse:0
[ 4546652ms] [ERROR] Failed to load resource: net::ERR_CONNECTION_REFUSED @ http://localhost:3002/__tsd/console-pipe/sse:0
[ 4549234ms] [ERROR] Failed to load resource: net::ERR_CONNECTION_REFUSED @ http://localhost:3002/api/cloud/task-notifications:0
[ 4549655ms] [ERROR] Failed to load resource: net::ERR_CONNECTION_REFUSED @ http://localhost:3002/__tsd/console-pipe/sse:0
[ 4552659ms] [ERROR] Failed to load resource: net::ERR_CONNECTION_REFUSED @ http://localhost:3002/__tsd/console-pipe/sse:0
[ 4555669ms] [ERROR] Failed to load resource: net::ERR_CONNECTION_REFUSED @ http://localhost:3002/__tsd/console-pipe/sse:0
[ 4558686ms] [ERROR] Failed to load resource: net::ERR_CONNECTION_REFUSED @ http://localhost:3002/__tsd/console-pipe/sse:0
[ 4561684ms] [ERROR] Failed to load resource: net::ERR_CONNECTION_REFUSED @ http://localhost:3002/__tsd/console-pipe/sse:0
[ 4564233ms] [ERROR] Failed to load resource: net::ERR_CONNECTION_REFUSED @ http://localhost:3002/api/cloud/task-notifications:0
[ 4564687ms] [ERROR] Failed to load resource: net::ERR_CONNECTION_REFUSED @ http://localhost:3002/__tsd/console-pipe/sse:0
[ 4567688ms] [ERROR] Failed to load resource: net::ERR_CONNECTION_REFUSED @ http://localhost:3002/__tsd/console-pipe/sse:0
[ 4570691ms] [ERROR] Failed to load resource: net::ERR_CONNECTION_REFUSED @ http://localhost:3002/__tsd/console-pipe/sse:0
[ 4573693ms] [ERROR] Failed to load resource: net::ERR_CONNECTION_REFUSED @ http://localhost:3002/__tsd/console-pipe/sse:0
[ 4576696ms] [ERROR] Failed to load resource: net::ERR_CONNECTION_REFUSED @ http://localhost:3002/__tsd/console-pipe/sse:0
[ 4579232ms] [ERROR] Failed to load resource: net::ERR_CONNECTION_REFUSED @ http://localhost:3002/api/cloud/task-notifications:0
[ 4579699ms] [ERROR] Failed to load resource: net::ERR_CONNECTION_REFUSED @ http://localhost:3002/__tsd/console-pipe/sse:0
[ 4582702ms] [ERROR] Failed to load resource: net::ERR_CONNECTION_REFUSED @ http://localhost:3002/__tsd/console-pipe/sse:0
[ 4585705ms] [ERROR] Failed to load resource: net::ERR_CONNECTION_REFUSED @ http://localhost:3002/__tsd/console-pipe/sse:0
[ 4588708ms] [ERROR] Failed to load resource: net::ERR_CONNECTION_REFUSED @ http://localhost:3002/__tsd/console-pipe/sse:0
[ 4591710ms] [ERROR] Failed to load resource: net::ERR_CONNECTION_REFUSED @ http://localhost:3002/__tsd/console-pipe/sse:0
[ 4594232ms] [ERROR] Failed to load resource: net::ERR_CONNECTION_REFUSED @ http://localhost:3002/api/cloud/task-notifications:0
[ 4594713ms] [ERROR] Failed to load resource: net::ERR_CONNECTION_REFUSED @ http://localhost:3002/__tsd/console-pipe/sse:0
[ 4597716ms] [ERROR] Failed to load resource: net::ERR_CONNECTION_REFUSED @ http://localhost:3002/__tsd/console-pipe/sse:0
[ 4600719ms] [ERROR] Failed to load resource: net::ERR_CONNECTION_REFUSED @ http://localhost:3002/__tsd/console-pipe/sse:0
[ 4603723ms] [ERROR] Failed to load resource: net::ERR_CONNECTION_REFUSED @ http://localhost:3002/__tsd/console-pipe/sse:0
[ 4606725ms] [ERROR] Failed to load resource: net::ERR_CONNECTION_REFUSED @ http://localhost:3002/__tsd/console-pipe/sse:0
[ 4609233ms] [ERROR] Failed to load resource: net::ERR_CONNECTION_REFUSED @ http://localhost:3002/api/cloud/task-notifications:0
[ 4609727ms] [ERROR] Failed to load resource: net::ERR_CONNECTION_REFUSED @ http://localhost:3002/__tsd/console-pipe/sse:0
[ 4612730ms] [ERROR] Failed to load resource: net::ERR_CONNECTION_REFUSED @ http://localhost:3002/__tsd/console-pipe/sse:0
[ 4615749ms] [ERROR] Failed to load resource: net::ERR_CONNECTION_REFUSED @ http://localhost:3002/__tsd/console-pipe/sse:0
[ 4618752ms] [ERROR] Failed to load resource: net::ERR_CONNECTION_REFUSED @ http://localhost:3002/__tsd/console-pipe/sse:0
[ 4621755ms] [ERROR] Failed to load resource: net::ERR_CONNECTION_REFUSED @ http://localhost:3002/__tsd/console-pipe/sse:0
[ 4624233ms] [ERROR] Failed to load resource: net::ERR_CONNECTION_REFUSED @ http://localhost:3002/api/cloud/task-notifications:0
[ 4624758ms] [ERROR] Failed to load resource: net::ERR_CONNECTION_REFUSED @ http://localhost:3002/__tsd/console-pipe/sse:0
[ 4627761ms] [ERROR] Failed to load resource: net::ERR_CONNECTION_REFUSED @ http://localhost:3002/__tsd/console-pipe/sse:0
[ 4630765ms] [ERROR] Failed to load resource: net::ERR_CONNECTION_REFUSED @ http://localhost:3002/__tsd/console-pipe/sse:0
[ 4633768ms] [ERROR] Failed to load resource: net::ERR_CONNECTION_REFUSED @ http://localhost:3002/__tsd/console-pipe/sse:0
[ 4636772ms] [ERROR] Failed to load resource: net::ERR_CONNECTION_REFUSED @ http://localhost:3002/__tsd/console-pipe/sse:0
[ 4639234ms] [ERROR] Failed to load resource: net::ERR_CONNECTION_REFUSED @ http://localhost:3002/api/cloud/task-notifications:0
[ 4639782ms] [ERROR] Failed to load resource: net::ERR_CONNECTION_REFUSED @ http://localhost:3002/__tsd/console-pipe/sse:0
[ 4642784ms] [ERROR] Failed to load resource: net::ERR_CONNECTION_REFUSED @ http://localhost:3002/__tsd/console-pipe/sse:0
[ 4645788ms] [ERROR] Failed to load resource: net::ERR_CONNECTION_REFUSED @ http://localhost:3002/__tsd/console-pipe/sse:0
[ 4648792ms] [ERROR] Failed to load resource: net::ERR_CONNECTION_REFUSED @ http://localhost:3002/__tsd/console-pipe/sse:0
[ 4651798ms] [ERROR] Failed to load resource: net::ERR_CONNECTION_REFUSED @ http://localhost:3002/__tsd/console-pipe/sse:0
[ 4654234ms] [ERROR] Failed to load resource: net::ERR_CONNECTION_REFUSED @ http://localhost:3002/api/cloud/task-notifications:0
[ 4654801ms] [ERROR] Failed to load resource: net::ERR_CONNECTION_REFUSED @ http://localhost:3002/__tsd/console-pipe/sse:0
[ 4657804ms] [ERROR] Failed to load resource: net::ERR_CONNECTION_REFUSED @ http://localhost:3002/__tsd/console-pipe/sse:0
[ 4660808ms] [ERROR] Failed to load resource: net::ERR_CONNECTION_REFUSED @ http://localhost:3002/__tsd/console-pipe/sse:0
[ 4663813ms] [ERROR] Failed to load resource: net::ERR_CONNECTION_REFUSED @ http://localhost:3002/__tsd/console-pipe/sse:0
[ 4666830ms] [ERROR] Failed to load resource: net::ERR_CONNECTION_REFUSED @ http://localhost:3002/__tsd/console-pipe/sse:0
[ 4669235ms] [ERROR] Failed to load resource: net::ERR_CONNECTION_REFUSED @ http://localhost:3002/api/cloud/task-notifications:0
[ 4669825ms] [ERROR] Failed to load resource: net::ERR_CONNECTION_REFUSED @ http://localhost:3002/__tsd/console-pipe/sse:0
[ 4672829ms] [ERROR] Failed to load resource: net::ERR_CONNECTION_REFUSED @ http://localhost:3002/__tsd/console-pipe/sse:0
[ 4675833ms] [ERROR] Failed to load resource: net::ERR_CONNECTION_REFUSED @ http://localhost:3002/__tsd/console-pipe/sse:0
[ 4678840ms] [ERROR] Failed to load resource: net::ERR_CONNECTION_REFUSED @ http://localhost:3002/__tsd/console-pipe/sse:0
[ 4681845ms] [ERROR] Failed to load resource: net::ERR_CONNECTION_REFUSED @ http://localhost:3002/__tsd/console-pipe/sse:0
[ 4684237ms] [ERROR] Failed to load resource: net::ERR_CONNECTION_REFUSED @ http://localhost:3002/api/cloud/task-notifications:0
[ 4684848ms] [ERROR] Failed to load resource: net::ERR_CONNECTION_REFUSED @ http://localhost:3002/__tsd/console-pipe/sse:0
[ 4687852ms] [ERROR] Failed to load resource: net::ERR_CONNECTION_REFUSED @ http://localhost:3002/__tsd/console-pipe/sse:0
[ 4690857ms] [ERROR] Failed to load resource: net::ERR_CONNECTION_REFUSED @ http://localhost:3002/__tsd/console-pipe/sse:0
[ 4693861ms] [ERROR] Failed to load resource: net::ERR_CONNECTION_REFUSED @ http://localhost:3002/__tsd/console-pipe/sse:0
[ 4696865ms] [ERROR] Failed to load resource: net::ERR_CONNECTION_REFUSED @ http://localhost:3002/__tsd/console-pipe/sse:0
[ 4699235ms] [ERROR] Failed to load resource: net::ERR_CONNECTION_REFUSED @ http://localhost:3002/api/cloud/task-notifications:0
[ 4699892ms] [ERROR] Failed to load resource: net::ERR_CONNECTION_REFUSED @ http://localhost:3002/__tsd/console-pipe/sse:0
[ 4702897ms] [ERROR] Failed to load resource: net::ERR_CONNECTION_REFUSED @ http://localhost:3002/__tsd/console-pipe/sse:0
[ 4705901ms] [ERROR] Failed to load resource: net::ERR_CONNECTION_REFUSED @ http://localhost:3002/__tsd/console-pipe/sse:0
[ 4708908ms] [ERROR] Failed to load resource: net::ERR_CONNECTION_REFUSED @ http://localhost:3002/__tsd/console-pipe/sse:0
[ 4711912ms] [ERROR] Failed to load resource: net::ERR_CONNECTION_REFUSED @ http://localhost:3002/__tsd/console-pipe/sse:0
[ 4714235ms] [ERROR] Failed to load resource: net::ERR_CONNECTION_REFUSED @ http://localhost:3002/api/cloud/task-notifications:0
[ 4714915ms] [ERROR] Failed to load resource: net::ERR_CONNECTION_REFUSED @ http://localhost:3002/__tsd/console-pipe/sse:0
[ 4717918ms] [ERROR] Failed to load resource: net::ERR_CONNECTION_REFUSED @ http://localhost:3002/__tsd/console-pipe/sse:0
[ 4720925ms] [ERROR] Failed to load resource: net::ERR_CONNECTION_REFUSED @ http://localhost:3002/__tsd/console-pipe/sse:0
[ 4723929ms] [ERROR] Failed to load resource: net::ERR_CONNECTION_REFUSED @ http://localhost:3002/__tsd/console-pipe/sse:0
[ 4726932ms] [ERROR] Failed to load resource: net::ERR_CONNECTION_REFUSED @ http://localhost:3002/__tsd/console-pipe/sse:0
[ 4729235ms] [ERROR] Failed to load resource: net::ERR_CONNECTION_REFUSED @ http://localhost:3002/api/cloud/task-notifications:0
[ 4729935ms] [ERROR] Failed to load resource: net::ERR_CONNECTION_REFUSED @ http://localhost:3002/__tsd/console-pipe/sse:0
[ 4732939ms] [ERROR] Failed to load resource: net::ERR_CONNECTION_REFUSED @ http://localhost:3002/__tsd/console-pipe/sse:0
[ 4735942ms] [ERROR] Failed to load resource: net::ERR_CONNECTION_REFUSED @ http://localhost:3002/__tsd/console-pipe/sse:0
[ 4738946ms] [ERROR] Failed to load resource: net::ERR_CONNECTION_REFUSED @ http://localhost:3002/__tsd/console-pipe/sse:0
[ 4741949ms] [ERROR] Failed to load resource: net::ERR_CONNECTION_REFUSED @ http://localhost:3002/__tsd/console-pipe/sse:0
[ 4744238ms] [ERROR] Failed to load resource: net::ERR_CONNECTION_REFUSED @ http://localhost:3002/api/cloud/task-notifications:0
[ 4744958ms] [ERROR] Failed to load resource: net::ERR_CONNECTION_REFUSED @ http://localhost:3002/__tsd/console-pipe/sse:0
[ 4747961ms] [ERROR] Failed to load resource: net::ERR_CONNECTION_REFUSED @ http://localhost:3002/__tsd/console-pipe/sse:0
[ 4750965ms] [ERROR] Failed to load resource: net::ERR_CONNECTION_REFUSED @ http://localhost:3002/__tsd/console-pipe/sse:0
[ 4753968ms] [ERROR] Failed to load resource: net::ERR_CONNECTION_REFUSED @ http://localhost:3002/__tsd/console-pipe/sse:0
[ 4756971ms] [ERROR] Failed to load resource: net::ERR_CONNECTION_REFUSED @ http://localhost:3002/__tsd/console-pipe/sse:0
[ 4759239ms] [ERROR] Failed to load resource: net::ERR_CONNECTION_REFUSED @ http://localhost:3002/api/cloud/task-notifications:0
[ 4759975ms] [ERROR] Failed to load resource: net::ERR_CONNECTION_REFUSED @ http://localhost:3002/__tsd/console-pipe/sse:0
[ 4762978ms] [ERROR] Failed to load resource: net::ERR_CONNECTION_REFUSED @ http://localhost:3002/__tsd/console-pipe/sse:0
[ 4765982ms] [ERROR] Failed to load resource: net::ERR_CONNECTION_REFUSED @ http://localhost:3002/__tsd/console-pipe/sse:0
[ 4768985ms] [ERROR] Failed to load resource: net::ERR_CONNECTION_REFUSED @ http://localhost:3002/__tsd/console-pipe/sse:0
[ 4771988ms] [ERROR] Failed to load resource: net::ERR_CONNECTION_REFUSED @ http://localhost:3002/__tsd/console-pipe/sse:0
[ 4774240ms] [ERROR] Failed to load resource: net::ERR_CONNECTION_REFUSED @ http://localhost:3002/api/cloud/task-notifications:0
[ 4774991ms] [ERROR] Failed to load resource: net::ERR_CONNECTION_REFUSED @ http://localhost:3002/__tsd/console-pipe/sse:0
[ 4777995ms] [ERROR] Failed to load resource: net::ERR_CONNECTION_REFUSED @ http://localhost:3002/__tsd/console-pipe/sse:0
[ 4780999ms] [ERROR] Failed to load resource: net::ERR_CONNECTION_REFUSED @ http://localhost:3002/__tsd/console-pipe/sse:0
[ 4784001ms] [ERROR] Failed to load resource: net::ERR_CONNECTION_REFUSED @ http://localhost:3002/__tsd/console-pipe/sse:0
[ 4787004ms] [ERROR] Failed to load resource: net::ERR_CONNECTION_REFUSED @ http://localhost:3002/__tsd/console-pipe/sse:0
[ 4789237ms] [ERROR] Failed to load resource: net::ERR_CONNECTION_REFUSED @ http://localhost:3002/api/cloud/task-notifications:0
[ 4790006ms] [ERROR] Failed to load resource: net::ERR_CONNECTION_REFUSED @ http://localhost:3002/__tsd/console-pipe/sse:0
[ 4793009ms] [ERROR] Failed to load resource: net::ERR_CONNECTION_REFUSED @ http://localhost:3002/__tsd/console-pipe/sse:0
[ 4796012ms] [ERROR] Failed to load resource: net::ERR_CONNECTION_REFUSED @ http://localhost:3002/__tsd/console-pipe/sse:0
[ 4799015ms] [ERROR] Failed to load resource: net::ERR_CONNECTION_REFUSED @ http://localhost:3002/__tsd/console-pipe/sse:0
[ 4802017ms] [ERROR] Failed to load resource: net::ERR_CONNECTION_REFUSED @ http://localhost:3002/__tsd/console-pipe/sse:0
[ 4804235ms] [ERROR] Failed to load resource: net::ERR_CONNECTION_REFUSED @ http://localhost:3002/api/cloud/task-notifications:0
[ 4805020ms] [ERROR] Failed to load resource: net::ERR_CONNECTION_REFUSED @ http://localhost:3002/__tsd/console-pipe/sse:0
[ 4808024ms] [ERROR] Failed to load resource: net::ERR_CONNECTION_REFUSED @ http://localhost:3002/__tsd/console-pipe/sse:0
[ 4811028ms] [ERROR] Failed to load resource: net::ERR_CONNECTION_REFUSED @ http://localhost:3002/__tsd/console-pipe/sse:0
[ 4814031ms] [ERROR] Failed to load resource: net::ERR_CONNECTION_REFUSED @ http://localhost:3002/__tsd/console-pipe/sse:0
[ 4817034ms] [ERROR] Failed to load resource: net::ERR_CONNECTION_REFUSED @ http://localhost:3002/__tsd/console-pipe/sse:0
[ 4819236ms] [ERROR] Failed to load resource: net::ERR_CONNECTION_REFUSED @ http://localhost:3002/api/cloud/task-notifications:0
[ 4820037ms] [ERROR] Failed to load resource: net::ERR_CONNECTION_REFUSED @ http://localhost:3002/__tsd/console-pipe/sse:0
[ 4823040ms] [ERROR] Failed to load resource: net::ERR_CONNECTION_REFUSED @ http://localhost:3002/__tsd/console-pipe/sse:0
[ 4826043ms] [ERROR] Failed to load resource: net::ERR_CONNECTION_REFUSED @ http://localhost:3002/__tsd/console-pipe/sse:0
[ 4829046ms] [ERROR] Failed to load resource: net::ERR_CONNECTION_REFUSED @ http://localhost:3002/__tsd/console-pipe/sse:0
[ 4832049ms] [ERROR] Failed to load resource: net::ERR_CONNECTION_REFUSED @ http://localhost:3002/__tsd/console-pipe/sse:0
[ 4834236ms] [ERROR] Failed to load resource: net::ERR_CONNECTION_REFUSED @ http://localhost:3002/api/cloud/task-notifications:0
[ 4835053ms] [ERROR] Failed to load resource: net::ERR_CONNECTION_REFUSED @ http://localhost:3002/__tsd/console-pipe/sse:0
[ 4838055ms] [ERROR] Failed to load resource: net::ERR_CONNECTION_REFUSED @ http://localhost:3002/__tsd/console-pipe/sse:0
[ 4841059ms] [ERROR] Failed to load resource: net::ERR_CONNECTION_REFUSED @ http://localhost:3002/__tsd/console-pipe/sse:0
[ 4844061ms] [ERROR] Failed to load resource: net::ERR_CONNECTION_REFUSED @ http://localhost:3002/__tsd/console-pipe/sse:0
[ 4847063ms] [ERROR] Failed to load resource: net::ERR_CONNECTION_REFUSED @ http://localhost:3002/__tsd/console-pipe/sse:0
[ 4849236ms] [ERROR] Failed to load resource: net::ERR_CONNECTION_REFUSED @ http://localhost:3002/api/cloud/task-notifications:0
[ 4850066ms] [ERROR] Failed to load resource: net::ERR_CONNECTION_REFUSED @ http://localhost:3002/__tsd/console-pipe/sse:0
[ 4853068ms] [ERROR] Failed to load resource: net::ERR_CONNECTION_REFUSED @ http://localhost:3002/__tsd/console-pipe/sse:0
[ 4856076ms] [ERROR] Failed to load resource: net::ERR_CONNECTION_REFUSED @ http://localhost:3002/__tsd/console-pipe/sse:0
[ 4859080ms] [ERROR] Failed to load resource: net::ERR_CONNECTION_REFUSED @ http://localhost:3002/__tsd/console-pipe/sse:0
[ 4862084ms] [ERROR] Failed to load resource: net::ERR_CONNECTION_REFUSED @ http://localhost:3002/__tsd/console-pipe/sse:0
[ 4864239ms] [ERROR] Failed to load resource: net::ERR_CONNECTION_REFUSED @ http://localhost:3002/api/cloud/task-notifications:0
[ 4865089ms] [ERROR] Failed to load resource: net::ERR_CONNECTION_REFUSED @ http://localhost:3002/__tsd/console-pipe/sse:0
[ 4868091ms] [ERROR] Failed to load resource: net::ERR_CONNECTION_REFUSED @ http://localhost:3002/__tsd/console-pipe/sse:0
[ 4871093ms] [ERROR] Failed to load resource: net::ERR_CONNECTION_REFUSED @ http://localhost:3002/__tsd/console-pipe/sse:0
[ 4874109ms] [ERROR] Failed to load resource: net::ERR_CONNECTION_REFUSED @ http://localhost:3002/__tsd/console-pipe/sse:0
[ 4877111ms] [ERROR] Failed to load resource: net::ERR_CONNECTION_REFUSED @ http://localhost:3002/__tsd/console-pipe/sse:0
[ 4879237ms] [ERROR] Failed to load resource: net::ERR_CONNECTION_REFUSED @ http://localhost:3002/api/cloud/task-notifications:0
[ 4880113ms] [ERROR] Failed to load resource: net::ERR_CONNECTION_REFUSED @ http://localhost:3002/__tsd/console-pipe/sse:0
[ 4883116ms] [ERROR] Failed to load resource: net::ERR_CONNECTION_REFUSED @ http://localhost:3002/__tsd/console-pipe/sse:0
[ 4886119ms] [ERROR] Failed to load resource: net::ERR_CONNECTION_REFUSED @ http://localhost:3002/__tsd/console-pipe/sse:0
[ 4889122ms] [ERROR] Failed to load resource: net::ERR_CONNECTION_REFUSED @ http://localhost:3002/__tsd/console-pipe/sse:0
[ 4892124ms] [ERROR] Failed to load resource: net::ERR_CONNECTION_REFUSED @ http://localhost:3002/__tsd/console-pipe/sse:0
[ 4894237ms] [ERROR] Failed to load resource: net::ERR_CONNECTION_REFUSED @ http://localhost:3002/api/cloud/task-notifications:0
[ 4895127ms] [ERROR] Failed to load resource: net::ERR_CONNECTION_REFUSED @ http://localhost:3002/__tsd/console-pipe/sse:0
[ 4898130ms] [ERROR] Failed to load resource: net::ERR_CONNECTION_REFUSED @ http://localhost:3002/__tsd/console-pipe/sse:0
[ 4901132ms] [ERROR] Failed to load resource: net::ERR_CONNECTION_REFUSED @ http://localhost:3002/__tsd/console-pipe/sse:0
[ 4904138ms] [ERROR] Failed to load resource: net::ERR_CONNECTION_REFUSED @ http://localhost:3002/__tsd/console-pipe/sse:0
[ 4907146ms] [ERROR] Failed to load resource: net::ERR_CONNECTION_REFUSED @ http://localhost:3002/__tsd/console-pipe/sse:0
[ 4909237ms] [ERROR] Failed to load resource: net::ERR_CONNECTION_REFUSED @ http://localhost:3002/api/cloud/task-notifications:0
[ 4910147ms] [ERROR] Failed to load resource: net::ERR_CONNECTION_REFUSED @ http://localhost:3002/__tsd/console-pipe/sse:0
[ 4913150ms] [ERROR] Failed to load resource: net::ERR_CONNECTION_REFUSED @ http://localhost:3002/__tsd/console-pipe/sse:0
[ 4916159ms] [ERROR] Failed to load resource: net::ERR_CONNECTION_REFUSED @ http://localhost:3002/__tsd/console-pipe/sse:0
[ 4919166ms] [ERROR] Failed to load resource: net::ERR_CONNECTION_REFUSED @ http://localhost:3002/__tsd/console-pipe/sse:0
[ 4922170ms] [ERROR] Failed to load resource: net::ERR_CONNECTION_REFUSED @ http://localhost:3002/__tsd/console-pipe/sse:0
[ 4924237ms] [ERROR] Failed to load resource: net::ERR_CONNECTION_REFUSED @ http://localhost:3002/api/cloud/task-notifications:0
[ 4925175ms] [ERROR] Failed to load resource: net::ERR_CONNECTION_REFUSED @ http://localhost:3002/__tsd/console-pipe/sse:0
[ 4928177ms] [ERROR] Failed to load resource: net::ERR_CONNECTION_REFUSED @ http://localhost:3002/__tsd/console-pipe/sse:0
[ 4931182ms] [ERROR] Failed to load resource: net::ERR_CONNECTION_REFUSED @ http://localhost:3002/__tsd/console-pipe/sse:0
[ 4934187ms] [ERROR] Failed to load resource: net::ERR_CONNECTION_REFUSED @ http://localhost:3002/__tsd/console-pipe/sse:0
[ 4937190ms] [ERROR] Failed to load resource: net::ERR_CONNECTION_REFUSED @ http://localhost:3002/__tsd/console-pipe/sse:0
[ 4939238ms] [ERROR] Failed to load resource: net::ERR_CONNECTION_REFUSED @ http://localhost:3002/api/cloud/task-notifications:0
[ 4940195ms] [ERROR] Failed to load resource: net::ERR_CONNECTION_REFUSED @ http://localhost:3002/__tsd/console-pipe/sse:0
[ 4943197ms] [ERROR] Failed to load resource: net::ERR_CONNECTION_REFUSED @ http://localhost:3002/__tsd/console-pipe/sse:0
[ 4946200ms] [ERROR] Failed to load resource: net::ERR_CONNECTION_REFUSED @ http://localhost:3002/__tsd/console-pipe/sse:0
[ 4949203ms] [ERROR] Failed to load resource: net::ERR_CONNECTION_REFUSED @ http://localhost:3002/__tsd/console-pipe/sse:0
[ 4952205ms] [ERROR] Failed to load resource: net::ERR_CONNECTION_REFUSED @ http://localhost:3002/__tsd/console-pipe/sse:0
[ 4954238ms] [ERROR] Failed to load resource: net::ERR_CONNECTION_REFUSED @ http://localhost:3002/api/cloud/task-notifications:0
[ 4955208ms] [ERROR] Failed to load resource: net::ERR_CONNECTION_REFUSED @ http://localhost:3002/__tsd/console-pipe/sse:0
[ 4958211ms] [ERROR] Failed to load resource: net::ERR_CONNECTION_REFUSED @ http://localhost:3002/__tsd/console-pipe/sse:0
[ 4961214ms] [ERROR] Failed to load resource: net::ERR_CONNECTION_REFUSED @ http://localhost:3002/__tsd/console-pipe/sse:0
[ 4964217ms] [ERROR] Failed to load resource: net::ERR_CONNECTION_REFUSED @ http://localhost:3002/__tsd/console-pipe/sse:0
[ 4967220ms] [ERROR] Failed to load resource: net::ERR_CONNECTION_REFUSED @ http://localhost:3002/__tsd/console-pipe/sse:0
[ 4969240ms] [ERROR] Failed to load resource: net::ERR_CONNECTION_REFUSED @ http://localhost:3002/api/cloud/task-notifications:0
[ 4970221ms] [ERROR] Failed to load resource: net::ERR_CONNECTION_REFUSED @ http://localhost:3002/__tsd/console-pipe/sse:0
[ 4973224ms] [ERROR] Failed to load resource: net::ERR_CONNECTION_REFUSED @ http://localhost:3002/__tsd/console-pipe/sse:0
[ 4976227ms] [ERROR] Failed to load resource: net::ERR_CONNECTION_REFUSED @ http://localhost:3002/__tsd/console-pipe/sse:0
[ 4979229ms] [ERROR] Failed to load resource: net::ERR_CONNECTION_REFUSED @ http://localhost:3002/__tsd/console-pipe/sse:0
[ 4982224ms] [ERROR] Failed to load resource: net::ERR_CONNECTION_REFUSED @ http://localhost:3002/__tsd/console-pipe/sse:0
[ 4984227ms] [ERROR] Failed to load resource: net::ERR_CONNECTION_REFUSED @ http://localhost:3002/api/cloud/task-notifications:0
[ 4985221ms] [ERROR] Failed to load resource: net::ERR_CONNECTION_REFUSED @ http://localhost:3002/__tsd/console-pipe/sse:0
[ 4988221ms] [ERROR] Failed to load resource: net::ERR_CONNECTION_REFUSED @ http://localhost:3002/__tsd/console-pipe/sse:0
[ 4991224ms] [ERROR] Failed to load resource: net::ERR_CONNECTION_REFUSED @ http://localhost:3002/__tsd/console-pipe/sse:0
[ 4994226ms] [ERROR] Failed to load resource: net::ERR_CONNECTION_REFUSED @ http://localhost:3002/__tsd/console-pipe/sse:0
[ 4997228ms] [ERROR] Failed to load resource: net::ERR_CONNECTION_REFUSED @ http://localhost:3002/__tsd/console-pipe/sse:0
[ 4999206ms] [ERROR] Failed to load resource: net::ERR_CONNECTION_REFUSED @ http://localhost:3002/api/cloud/task-notifications:0
[ 5000229ms] [ERROR] Failed to load resource: net::ERR_CONNECTION_REFUSED @ http://localhost:3002/__tsd/console-pipe/sse:0
[ 5003232ms] [ERROR] Failed to load resource: net::ERR_CONNECTION_REFUSED @ http://localhost:3002/__tsd/console-pipe/sse:0
[ 5006233ms] [ERROR] Failed to load resource: net::ERR_CONNECTION_REFUSED @ http://localhost:3002/__tsd/console-pipe/sse:0
[ 5009235ms] [ERROR] Failed to load resource: net::ERR_CONNECTION_REFUSED @ http://localhost:3002/__tsd/console-pipe/sse:0
[ 5012238ms] [ERROR] Failed to load resource: net::ERR_CONNECTION_REFUSED @ http://localhost:3002/__tsd/console-pipe/sse:0
[ 5014202ms] [ERROR] Failed to load resource: net::ERR_CONNECTION_REFUSED @ http://localhost:3002/api/cloud/task-notifications:0
[ 5015242ms] [ERROR] Failed to load resource: net::ERR_CONNECTION_REFUSED @ http://localhost:3002/__tsd/console-pipe/sse:0
[ 5018244ms] [ERROR] Failed to load resource: net::ERR_CONNECTION_REFUSED @ http://localhost:3002/__tsd/console-pipe/sse:0
[ 5021249ms] [ERROR] Failed to load resource: net::ERR_CONNECTION_REFUSED @ http://localhost:3002/__tsd/console-pipe/sse:0
[ 5024253ms] [ERROR] Failed to load resource: net::ERR_CONNECTION_REFUSED @ http://localhost:3002/__tsd/console-pipe/sse:0
[ 5027255ms] [ERROR] Failed to load resource: net::ERR_CONNECTION_REFUSED @ http://localhost:3002/__tsd/console-pipe/sse:0
[ 5029477ms] [ERROR] Failed to load resource: net::ERR_CONNECTION_REFUSED @ http://localhost:3002/api/cloud/task-notifications:0
[ 5030259ms] [ERROR] Failed to load resource: net::ERR_CONNECTION_REFUSED @ http://localhost:3002/__tsd/console-pipe/sse:0
[ 5033306ms] [ERROR] Failed to load resource: net::ERR_CONNECTION_REFUSED @ http://localhost:3002/__tsd/console-pipe/sse:0
[ 5036308ms] [ERROR] Failed to load resource: net::ERR_CONNECTION_REFUSED @ http://localhost:3002/__tsd/console-pipe/sse:0
[ 5039311ms] [ERROR] Failed to load resource: net::ERR_CONNECTION_REFUSED @ http://localhost:3002/__tsd/console-pipe/sse:0
[ 5042313ms] [ERROR] Failed to load resource: net::ERR_CONNECTION_REFUSED @ http://localhost:3002/__tsd/console-pipe/sse:0
[ 5044194ms] [ERROR] Failed to load resource: net::ERR_CONNECTION_REFUSED @ http://localhost:3002/api/cloud/task-notifications:0
[ 5045316ms] [ERROR] Failed to load resource: net::ERR_CONNECTION_REFUSED @ http://localhost:3002/__tsd/console-pipe/sse:0
[ 5048318ms] [ERROR] Failed to load resource: net::ERR_CONNECTION_REFUSED @ http://localhost:3002/__tsd/console-pipe/sse:0
[ 5051320ms] [ERROR] Failed to load resource: net::ERR_CONNECTION_REFUSED @ http://localhost:3002/__tsd/console-pipe/sse:0
[ 5054322ms] [ERROR] Failed to load resource: net::ERR_CONNECTION_REFUSED @ http://localhost:3002/__tsd/console-pipe/sse:0
[ 5057326ms] [ERROR] Failed to load resource: net::ERR_CONNECTION_REFUSED @ http://localhost:3002/__tsd/console-pipe/sse:0
[ 5059195ms] [ERROR] Failed to load resource: net::ERR_CONNECTION_REFUSED @ http://localhost:3002/api/cloud/task-notifications:0
[ 5060328ms] [ERROR] Failed to load resource: net::ERR_CONNECTION_REFUSED @ http://localhost:3002/__tsd/console-pipe/sse:0
[ 5063331ms] [ERROR] Failed to load resource: net::ERR_CONNECTION_REFUSED @ http://localhost:3002/__tsd/console-pipe/sse:0
[ 5066334ms] [ERROR] Failed to load resource: net::ERR_CONNECTION_REFUSED @ http://localhost:3002/__tsd/console-pipe/sse:0
[ 5069338ms] [ERROR] Failed to load resource: net::ERR_CONNECTION_REFUSED @ http://localhost:3002/__tsd/console-pipe/sse:0
[ 5072341ms] [ERROR] Failed to load resource: net::ERR_CONNECTION_REFUSED @ http://localhost:3002/__tsd/console-pipe/sse:0
[ 5074195ms] [ERROR] Failed to load resource: net::ERR_CONNECTION_REFUSED @ http://localhost:3002/api/cloud/task-notifications:0
[ 5075346ms] [ERROR] Failed to load resource: net::ERR_CONNECTION_REFUSED @ http://localhost:3002/__tsd/console-pipe/sse:0
[ 5078350ms] [ERROR] Failed to load resource: net::ERR_CONNECTION_REFUSED @ http://localhost:3002/__tsd/console-pipe/sse:0
[ 5081353ms] [ERROR] Failed to load resource: net::ERR_CONNECTION_REFUSED @ http://localhost:3002/__tsd/console-pipe/sse:0
[ 5084356ms] [ERROR] Failed to load resource: net::ERR_CONNECTION_REFUSED @ http://localhost:3002/__tsd/console-pipe/sse:0
[ 5087359ms] [ERROR] Failed to load resource: net::ERR_CONNECTION_REFUSED @ http://localhost:3002/__tsd/console-pipe/sse:0
[ 5089195ms] [ERROR] Failed to load resource: net::ERR_CONNECTION_REFUSED @ http://localhost:3002/api/cloud/task-notifications:0
[ 5090362ms] [ERROR] Failed to load resource: net::ERR_CONNECTION_REFUSED @ http://localhost:3002/__tsd/console-pipe/sse:0
[ 5093369ms] [ERROR] Failed to load resource: net::ERR_CONNECTION_REFUSED @ http://localhost:3002/__tsd/console-pipe/sse:0
[ 5096372ms] [ERROR] Failed to load resource: net::ERR_CONNECTION_REFUSED @ http://localhost:3002/__tsd/console-pipe/sse:0
[ 5099376ms] [ERROR] Failed to load resource: net::ERR_CONNECTION_REFUSED @ http://localhost:3002/__tsd/console-pipe/sse:0
[ 5102384ms] [ERROR] Failed to load resource: net::ERR_CONNECTION_REFUSED @ http://localhost:3002/__tsd/console-pipe/sse:0
[ 5104196ms] [ERROR] Failed to load resource: net::ERR_CONNECTION_REFUSED @ http://localhost:3002/api/cloud/task-notifications:0
[ 5105387ms] [ERROR] Failed to load resource: net::ERR_CONNECTION_REFUSED @ http://localhost:3002/__tsd/console-pipe/sse:0
[ 5108392ms] [ERROR] Failed to load resource: net::ERR_CONNECTION_REFUSED @ http://localhost:3002/__tsd/console-pipe/sse:0
[ 5111396ms] [ERROR] Failed to load resource: net::ERR_CONNECTION_REFUSED @ http://localhost:3002/__tsd/console-pipe/sse:0
[ 5114402ms] [ERROR] Failed to load resource: net::ERR_CONNECTION_REFUSED @ http://localhost:3002/__tsd/console-pipe/sse:0
[ 5117406ms] [ERROR] Failed to load resource: net::ERR_CONNECTION_REFUSED @ http://localhost:3002/__tsd/console-pipe/sse:0
[ 5119215ms] [ERROR] Failed to load resource: net::ERR_CONNECTION_REFUSED @ http://localhost:3002/api/cloud/task-notifications:0
[ 5120415ms] [ERROR] Failed to load resource: net::ERR_CONNECTION_REFUSED @ http://localhost:3002/__tsd/console-pipe/sse:0
[ 5123418ms] [ERROR] Failed to load resource: net::ERR_CONNECTION_REFUSED @ http://localhost:3002/__tsd/console-pipe/sse:0
[ 5126443ms] [ERROR] Failed to load resource: net::ERR_CONNECTION_REFUSED @ http://localhost:3002/__tsd/console-pipe/sse:0
[ 5129446ms] [ERROR] Failed to load resource: net::ERR_CONNECTION_REFUSED @ http://localhost:3002/__tsd/console-pipe/sse:0
[ 5132449ms] [ERROR] Failed to load resource: net::ERR_CONNECTION_REFUSED @ http://localhost:3002/__tsd/console-pipe/sse:0
[ 5134197ms] [ERROR] Failed to load resource: net::ERR_CONNECTION_REFUSED @ http://localhost:3002/api/cloud/task-notifications:0
[ 5135452ms] [ERROR] Failed to load resource: net::ERR_CONNECTION_REFUSED @ http://localhost:3002/__tsd/console-pipe/sse:0
[ 5138455ms] [ERROR] Failed to load resource: net::ERR_CONNECTION_REFUSED @ http://localhost:3002/__tsd/console-pipe/sse:0
[ 5141483ms] [ERROR] Failed to load resource: net::ERR_CONNECTION_REFUSED @ http://localhost:3002/__tsd/console-pipe/sse:0
[ 5144487ms] [ERROR] Failed to load resource: net::ERR_CONNECTION_REFUSED @ http://localhost:3002/__tsd/console-pipe/sse:0
[ 5147490ms] [ERROR] Failed to load resource: net::ERR_CONNECTION_REFUSED @ http://localhost:3002/__tsd/console-pipe/sse:0
[ 5149196ms] [ERROR] Failed to load resource: net::ERR_CONNECTION_REFUSED @ http://localhost:3002/api/cloud/task-notifications:0
[ 5150492ms] [ERROR] Failed to load resource: net::ERR_CONNECTION_REFUSED @ http://localhost:3002/__tsd/console-pipe/sse:0
[ 5153495ms] [ERROR] Failed to load resource: net::ERR_CONNECTION_REFUSED @ http://localhost:3002/__tsd/console-pipe/sse:0
[ 5156498ms] [ERROR] Failed to load resource: net::ERR_CONNECTION_REFUSED @ http://localhost:3002/__tsd/console-pipe/sse:0
[ 5159524ms] [ERROR] Failed to load resource: net::ERR_CONNECTION_REFUSED @ http://localhost:3002/__tsd/console-pipe/sse:0
[ 5162527ms] [ERROR] Failed to load resource: net::ERR_CONNECTION_REFUSED @ http://localhost:3002/__tsd/console-pipe/sse:0
[ 5164197ms] [ERROR] Failed to load resource: net::ERR_CONNECTION_REFUSED @ http://localhost:3002/api/cloud/task-notifications:0
[ 5165530ms] [ERROR] Failed to load resource: net::ERR_CONNECTION_REFUSED @ http://localhost:3002/__tsd/console-pipe/sse:0
[ 5168535ms] [ERROR] Failed to load resource: net::ERR_CONNECTION_REFUSED @ http://localhost:3002/__tsd/console-pipe/sse:0
[ 5171537ms] [ERROR] Failed to load resource: net::ERR_CONNECTION_REFUSED @ http://localhost:3002/__tsd/console-pipe/sse:0
[ 5174540ms] [ERROR] Failed to load resource: net::ERR_CONNECTION_REFUSED @ http://localhost:3002/__tsd/console-pipe/sse:0
[ 5177543ms] [ERROR] Failed to load resource: net::ERR_CONNECTION_REFUSED @ http://localhost:3002/__tsd/console-pipe/sse:0
[ 5179195ms] [ERROR] Failed to load resource: net::ERR_CONNECTION_REFUSED @ http://localhost:3002/api/cloud/task-notifications:0
[ 5180545ms] [ERROR] Failed to load resource: net::ERR_CONNECTION_REFUSED @ http://localhost:3002/__tsd/console-pipe/sse:0
[ 5183548ms] [ERROR] Failed to load resource: net::ERR_CONNECTION_REFUSED @ http://localhost:3002/__tsd/console-pipe/sse:0
[ 5186551ms] [ERROR] Failed to load resource: net::ERR_CONNECTION_REFUSED @ http://localhost:3002/__tsd/console-pipe/sse:0
[ 5189555ms] [ERROR] Failed to load resource: net::ERR_CONNECTION_REFUSED @ http://localhost:3002/__tsd/console-pipe/sse:0
[ 5192558ms] [ERROR] Failed to load resource: net::ERR_CONNECTION_REFUSED @ http://localhost:3002/__tsd/console-pipe/sse:0
[ 5194195ms] [ERROR] Failed to load resource: net::ERR_CONNECTION_REFUSED @ http://localhost:3002/api/cloud/task-notifications:0
[ 5195561ms] [ERROR] Failed to load resource: net::ERR_CONNECTION_REFUSED @ http://localhost:3002/__tsd/console-pipe/sse:0
[ 5198564ms] [ERROR] Failed to load resource: net::ERR_CONNECTION_REFUSED @ http://localhost:3002/__tsd/console-pipe/sse:0
[ 5201567ms] [ERROR] Failed to load resource: net::ERR_CONNECTION_REFUSED @ http://localhost:3002/__tsd/console-pipe/sse:0
[ 5204570ms] [ERROR] Failed to load resource: net::ERR_CONNECTION_REFUSED @ http://localhost:3002/__tsd/console-pipe/sse:0
[ 5207574ms] [ERROR] Failed to load resource: net::ERR_CONNECTION_REFUSED @ http://localhost:3002/__tsd/console-pipe/sse:0
[ 5209207ms] [ERROR] Failed to load resource: net::ERR_CONNECTION_REFUSED @ http://localhost:3002/api/cloud/task-notifications:0
[ 5210578ms] [ERROR] Failed to load resource: net::ERR_CONNECTION_REFUSED @ http://localhost:3002/__tsd/console-pipe/sse:0
[ 5213580ms] [ERROR] Failed to load resource: net::ERR_CONNECTION_REFUSED @ http://localhost:3002/__tsd/console-pipe/sse:0
[ 5216584ms] [ERROR] Failed to load resource: net::ERR_CONNECTION_REFUSED @ http://localhost:3002/__tsd/console-pipe/sse:0
[ 5219587ms] [ERROR] Failed to load resource: net::ERR_CONNECTION_REFUSED @ http://localhost:3002/__tsd/console-pipe/sse:0
[ 5222591ms] [ERROR] Failed to load resource: net::ERR_CONNECTION_REFUSED @ http://localhost:3002/__tsd/console-pipe/sse:0
[ 5224196ms] [ERROR] Failed to load resource: net::ERR_CONNECTION_REFUSED @ http://localhost:3002/api/cloud/task-notifications:0
[ 5225594ms] [ERROR] Failed to load resource: net::ERR_CONNECTION_REFUSED @ http://localhost:3002/__tsd/console-pipe/sse:0
[ 5228600ms] [ERROR] Failed to load resource: net::ERR_CONNECTION_REFUSED @ http://localhost:3002/__tsd/console-pipe/sse:0
[ 5231603ms] [ERROR] Failed to load resource: net::ERR_CONNECTION_REFUSED @ http://localhost:3002/__tsd/console-pipe/sse:0
[ 5234606ms] [ERROR] Failed to load resource: net::ERR_CONNECTION_REFUSED @ http://localhost:3002/__tsd/console-pipe/sse:0
[ 5237611ms] [ERROR] Failed to load resource: net::ERR_CONNECTION_REFUSED @ http://localhost:3002/__tsd/console-pipe/sse:0
[ 5239198ms] [ERROR] Failed to load resource: net::ERR_CONNECTION_REFUSED @ http://localhost:3002/api/cloud/task-notifications:0
[ 5240614ms] [ERROR] Failed to load resource: net::ERR_CONNECTION_REFUSED @ http://localhost:3002/__tsd/console-pipe/sse:0
[ 5243617ms] [ERROR] Failed to load resource: net::ERR_CONNECTION_REFUSED @ http://localhost:3002/__tsd/console-pipe/sse:0
[ 5246620ms] [ERROR] Failed to load resource: net::ERR_CONNECTION_REFUSED @ http://localhost:3002/__tsd/console-pipe/sse:0
[ 5249624ms] [ERROR] Failed to load resource: net::ERR_CONNECTION_REFUSED @ http://localhost:3002/__tsd/console-pipe/sse:0
[ 5252627ms] [ERROR] Failed to load resource: net::ERR_CONNECTION_REFUSED @ http://localhost:3002/__tsd/console-pipe/sse:0
[ 5254198ms] [ERROR] Failed to load resource: net::ERR_CONNECTION_REFUSED @ http://localhost:3002/api/cloud/task-notifications:0
[ 5255630ms] [ERROR] Failed to load resource: net::ERR_CONNECTION_REFUSED @ http://localhost:3002/__tsd/console-pipe/sse:0
[ 5258633ms] [ERROR] Failed to load resource: net::ERR_CONNECTION_REFUSED @ http://localhost:3002/__tsd/console-pipe/sse:0
[ 5261637ms] [ERROR] Failed to load resource: net::ERR_CONNECTION_REFUSED @ http://localhost:3002/__tsd/console-pipe/sse:0
[ 5264638ms] [ERROR] Failed to load resource: net::ERR_CONNECTION_REFUSED @ http://localhost:3002/__tsd/console-pipe/sse:0
[ 5267641ms] [ERROR] Failed to load resource: net::ERR_CONNECTION_REFUSED @ http://localhost:3002/__tsd/console-pipe/sse:0
[ 5269197ms] [ERROR] Failed to load resource: net::ERR_CONNECTION_REFUSED @ http://localhost:3002/api/cloud/task-notifications:0
[ 5270644ms] [ERROR] Failed to load resource: net::ERR_CONNECTION_REFUSED @ http://localhost:3002/__tsd/console-pipe/sse:0
[ 5273647ms] [ERROR] Failed to load resource: net::ERR_CONNECTION_REFUSED @ http://localhost:3002/__tsd/console-pipe/sse:0
[ 5276650ms] [ERROR] Failed to load resource: net::ERR_CONNECTION_REFUSED @ http://localhost:3002/__tsd/console-pipe/sse:0
[ 5279652ms] [ERROR] Failed to load resource: net::ERR_CONNECTION_REFUSED @ http://localhost:3002/__tsd/console-pipe/sse:0
[ 5282654ms] [ERROR] Failed to load resource: net::ERR_CONNECTION_REFUSED @ http://localhost:3002/__tsd/console-pipe/sse:0
[ 5284197ms] [ERROR] Failed to load resource: net::ERR_CONNECTION_REFUSED @ http://localhost:3002/api/cloud/task-notifications:0
[ 5285658ms] [ERROR] Failed to load resource: net::ERR_CONNECTION_REFUSED @ http://localhost:3002/__tsd/console-pipe/sse:0
[ 5288936ms] [ERROR] Failed to load resource: net::ERR_CONNECTION_REFUSED @ http://localhost:3002/__tsd/console-pipe/sse:0
[ 5291941ms] [ERROR] Failed to load resource: net::ERR_CONNECTION_REFUSED @ http://localhost:3002/__tsd/console-pipe/sse:0
[ 5294944ms] [ERROR] Failed to load resource: net::ERR_CONNECTION_REFUSED @ http://localhost:3002/__tsd/console-pipe/sse:0
[ 5297947ms] [ERROR] Failed to load resource: net::ERR_CONNECTION_REFUSED @ http://localhost:3002/__tsd/console-pipe/sse:0
[ 5299198ms] [ERROR] Failed to load resource: net::ERR_CONNECTION_REFUSED @ http://localhost:3002/api/cloud/task-notifications:0
[ 5300949ms] [ERROR] Failed to load resource: net::ERR_CONNECTION_REFUSED @ http://localhost:3002/__tsd/console-pipe/sse:0
[ 5303953ms] [ERROR] Failed to load resource: net::ERR_CONNECTION_REFUSED @ http://localhost:3002/__tsd/console-pipe/sse:0
[ 5306957ms] [ERROR] Failed to load resource: net::ERR_CONNECTION_REFUSED @ http://localhost:3002/__tsd/console-pipe/sse:0
[ 5309960ms] [ERROR] Failed to load resource: net::ERR_CONNECTION_REFUSED @ http://localhost:3002/__tsd/console-pipe/sse:0
[ 5312963ms] [ERROR] Failed to load resource: net::ERR_CONNECTION_REFUSED @ http://localhost:3002/__tsd/console-pipe/sse:0
[ 5314198ms] [ERROR] Failed to load resource: net::ERR_CONNECTION_REFUSED @ http://localhost:3002/api/cloud/task-notifications:0
[ 5315977ms] [ERROR] Failed to load resource: net::ERR_CONNECTION_REFUSED @ http://localhost:3002/__tsd/console-pipe/sse:0
[ 5318981ms] [ERROR] Failed to load resource: net::ERR_CONNECTION_REFUSED @ http://localhost:3002/__tsd/console-pipe/sse:0
[ 5321986ms] [ERROR] Failed to load resource: net::ERR_CONNECTION_REFUSED @ http://localhost:3002/__tsd/console-pipe/sse:0
[ 5327444ms] [ERROR] Failed to load resource: net::ERR_CONNECTION_REFUSED @ http://localhost:3002/__tsd/console-pipe/sse:0
[ 5329275ms] [ERROR] Failed to load resource: net::ERR_CONNECTION_REFUSED @ http://localhost:3002/api/cloud/task-notifications:0
[ 5330459ms] [ERROR] Failed to load resource: net::ERR_CONNECTION_REFUSED @ http://localhost:3002/__tsd/console-pipe/sse:0
[ 5333463ms] [ERROR] Failed to load resource: net::ERR_CONNECTION_REFUSED @ http://localhost:3002/__tsd/console-pipe/sse:0
[ 5336475ms] [ERROR] Failed to load resource: net::ERR_CONNECTION_REFUSED @ http://localhost:3002/__tsd/console-pipe/sse:0
[ 5339480ms] [ERROR] Failed to load resource: net::ERR_CONNECTION_REFUSED @ http://localhost:3002/__tsd/console-pipe/sse:0
[ 5342509ms] [ERROR] Failed to load resource: net::ERR_CONNECTION_REFUSED @ http://localhost:3002/__tsd/console-pipe/sse:0
[ 5344738ms] [ERROR] Failed to load resource: net::ERR_CONNECTION_REFUSED @ http://localhost:3002/api/cloud/task-notifications:0
[ 5345517ms] [ERROR] Failed to load resource: net::ERR_CONNECTION_REFUSED @ http://localhost:3002/__tsd/console-pipe/sse:0
[ 5348531ms] [ERROR] Failed to load resource: net::ERR_CONNECTION_REFUSED @ http://localhost:3002/__tsd/console-pipe/sse:0
[ 5351540ms] [ERROR] Failed to load resource: net::ERR_CONNECTION_REFUSED @ http://localhost:3002/__tsd/console-pipe/sse:0
[ 5354565ms] [ERROR] Failed to load resource: net::ERR_CONNECTION_REFUSED @ http://localhost:3002/__tsd/console-pipe/sse:0
[ 5357565ms] [ERROR] Failed to load resource: net::ERR_CONNECTION_REFUSED @ http://localhost:3002/__tsd/console-pipe/sse:0
[ 5359202ms] [ERROR] Failed to load resource: net::ERR_CONNECTION_REFUSED @ http://localhost:3002/api/cloud/task-notifications:0
[ 5360568ms] [ERROR] Failed to load resource: net::ERR_CONNECTION_REFUSED @ http://localhost:3002/__tsd/console-pipe/sse:0
[ 5363571ms] [ERROR] Failed to load resource: net::ERR_CONNECTION_REFUSED @ http://localhost:3002/__tsd/console-pipe/sse:0
[ 5366576ms] [ERROR] Failed to load resource: net::ERR_CONNECTION_REFUSED @ http://localhost:3002/__tsd/console-pipe/sse:0
[ 5369579ms] [ERROR] Failed to load resource: net::ERR_CONNECTION_REFUSED @ http://localhost:3002/__tsd/console-pipe/sse:0
[ 5372584ms] [ERROR] Failed to load resource: net::ERR_CONNECTION_REFUSED @ http://localhost:3002/__tsd/console-pipe/sse:0
[ 5374199ms] [ERROR] Failed to load resource: net::ERR_CONNECTION_REFUSED @ http://localhost:3002/api/cloud/task-notifications:0
[ 5375587ms] [ERROR] Failed to load resource: net::ERR_CONNECTION_REFUSED @ http://localhost:3002/__tsd/console-pipe/sse:0
[ 5378590ms] [ERROR] Failed to load resource: net::ERR_CONNECTION_REFUSED @ http://localhost:3002/__tsd/console-pipe/sse:0
[ 5381594ms] [ERROR] Failed to load resource: net::ERR_CONNECTION_REFUSED @ http://localhost:3002/__tsd/console-pipe/sse:0
[ 5384597ms] [ERROR] Failed to load resource: net::ERR_CONNECTION_REFUSED @ http://localhost:3002/__tsd/console-pipe/sse:0
[ 5387602ms] [ERROR] Failed to load resource: net::ERR_CONNECTION_REFUSED @ http://localhost:3002/__tsd/console-pipe/sse:0
[ 5389198ms] [ERROR] Failed to load resource: net::ERR_CONNECTION_REFUSED @ http://localhost:3002/api/cloud/task-notifications:0
[ 5390606ms] [ERROR] Failed to load resource: net::ERR_CONNECTION_REFUSED @ http://localhost:3002/__tsd/console-pipe/sse:0
[ 5393609ms] [ERROR] Failed to load resource: net::ERR_CONNECTION_REFUSED @ http://localhost:3002/__tsd/console-pipe/sse:0
[ 5396613ms] [ERROR] Failed to load resource: net::ERR_CONNECTION_REFUSED @ http://localhost:3002/__tsd/console-pipe/sse:0
[ 5399616ms] [ERROR] Failed to load resource: net::ERR_CONNECTION_REFUSED @ http://localhost:3002/__tsd/console-pipe/sse:0
[ 5402620ms] [ERROR] Failed to load resource: net::ERR_CONNECTION_REFUSED @ http://localhost:3002/__tsd/console-pipe/sse:0
[ 5404198ms] [ERROR] Failed to load resource: net::ERR_CONNECTION_REFUSED @ http://localhost:3002/api/cloud/task-notifications:0
[ 5405641ms] [ERROR] Failed to load resource: net::ERR_CONNECTION_REFUSED @ http://localhost:3002/__tsd/console-pipe/sse:0
[ 5408646ms] [ERROR] Failed to load resource: net::ERR_CONNECTION_REFUSED @ http://localhost:3002/__tsd/console-pipe/sse:0
[ 5411650ms] [ERROR] Failed to load resource: net::ERR_CONNECTION_REFUSED @ http://localhost:3002/__tsd/console-pipe/sse:0
[ 5414653ms] [ERROR] Failed to load resource: net::ERR_CONNECTION_REFUSED @ http://localhost:3002/__tsd/console-pipe/sse:0
[ 5417658ms] [ERROR] Failed to load resource: net::ERR_CONNECTION_REFUSED @ http://localhost:3002/__tsd/console-pipe/sse:0
[ 5419198ms] [ERROR] Failed to load resource: net::ERR_CONNECTION_REFUSED @ http://localhost:3002/api/cloud/task-notifications:0
[ 5420661ms] [ERROR] Failed to load resource: net::ERR_CONNECTION_REFUSED @ http://localhost:3002/__tsd/console-pipe/sse:0
[ 5423670ms] [ERROR] Failed to load resource: net::ERR_CONNECTION_REFUSED @ http://localhost:3002/__tsd/console-pipe/sse:0
[ 5426674ms] [ERROR] Failed to load resource: net::ERR_CONNECTION_REFUSED @ http://localhost:3002/__tsd/console-pipe/sse:0
[ 5429678ms] [ERROR] Failed to load resource: net::ERR_CONNECTION_REFUSED @ http://localhost:3002/__tsd/console-pipe/sse:0
[ 5432681ms] [ERROR] Failed to load resource: net::ERR_CONNECTION_REFUSED @ http://localhost:3002/__tsd/console-pipe/sse:0
[ 5434197ms] [ERROR] Failed to load resource: net::ERR_CONNECTION_REFUSED @ http://localhost:3002/api/cloud/task-notifications:0
[ 5435685ms] [ERROR] Failed to load resource: net::ERR_CONNECTION_REFUSED @ http://localhost:3002/__tsd/console-pipe/sse:0
[ 5438687ms] [ERROR] Failed to load resource: net::ERR_CONNECTION_REFUSED @ http://localhost:3002/__tsd/console-pipe/sse:0
[ 5441691ms] [ERROR] Failed to load resource: net::ERR_CONNECTION_REFUSED @ http://localhost:3002/__tsd/console-pipe/sse:0
[ 5444695ms] [ERROR] Failed to load resource: net::ERR_CONNECTION_REFUSED @ http://localhost:3002/__tsd/console-pipe/sse:0
[ 5447699ms] [ERROR] Failed to load resource: net::ERR_CONNECTION_REFUSED @ http://localhost:3002/__tsd/console-pipe/sse:0
[ 5449198ms] [ERROR] Failed to load resource: net::ERR_CONNECTION_REFUSED @ http://localhost:3002/api/cloud/task-notifications:0
[ 5450702ms] [ERROR] Failed to load resource: net::ERR_CONNECTION_REFUSED @ http://localhost:3002/__tsd/console-pipe/sse:0
[ 5453706ms] [ERROR] Failed to load resource: net::ERR_CONNECTION_REFUSED @ http://localhost:3002/__tsd/console-pipe/sse:0
[ 5456710ms] [ERROR] Failed to load resource: net::ERR_CONNECTION_REFUSED @ http://localhost:3002/__tsd/console-pipe/sse:0
[ 5459713ms] [ERROR] Failed to load resource: net::ERR_CONNECTION_REFUSED @ http://localhost:3002/__tsd/console-pipe/sse:0
[ 5462716ms] [ERROR] Failed to load resource: net::ERR_CONNECTION_REFUSED @ http://localhost:3002/__tsd/console-pipe/sse:0
[ 5464198ms] [ERROR] Failed to load resource: net::ERR_CONNECTION_REFUSED @ http://localhost:3002/api/cloud/task-notifications:0
[ 5465721ms] [ERROR] Failed to load resource: net::ERR_CONNECTION_REFUSED @ http://localhost:3002/__tsd/console-pipe/sse:0
[ 5468724ms] [ERROR] Failed to load resource: net::ERR_CONNECTION_REFUSED @ http://localhost:3002/__tsd/console-pipe/sse:0
[ 5471727ms] [ERROR] Failed to load resource: net::ERR_CONNECTION_REFUSED @ http://localhost:3002/__tsd/console-pipe/sse:0
[ 5474731ms] [ERROR] Failed to load resource: net::ERR_CONNECTION_REFUSED @ http://localhost:3002/__tsd/console-pipe/sse:0
[ 5477733ms] [ERROR] Failed to load resource: net::ERR_CONNECTION_REFUSED @ http://localhost:3002/__tsd/console-pipe/sse:0
[ 5479199ms] [ERROR] Failed to load resource: net::ERR_CONNECTION_REFUSED @ http://localhost:3002/api/cloud/task-notifications:0
[ 5480736ms] [ERROR] Failed to load resource: net::ERR_CONNECTION_REFUSED @ http://localhost:3002/__tsd/console-pipe/sse:0
[ 5483738ms] [ERROR] Failed to load resource: net::ERR_CONNECTION_REFUSED @ http://localhost:3002/__tsd/console-pipe/sse:0
[ 5486742ms] [ERROR] Failed to load resource: net::ERR_CONNECTION_REFUSED @ http://localhost:3002/__tsd/console-pipe/sse:0
[ 5489746ms] [ERROR] Failed to load resource: net::ERR_CONNECTION_REFUSED @ http://localhost:3002/__tsd/console-pipe/sse:0
[ 5492749ms] [ERROR] Failed to load resource: net::ERR_CONNECTION_REFUSED @ http://localhost:3002/__tsd/console-pipe/sse:0
[ 5494200ms] [ERROR] Failed to load resource: net::ERR_CONNECTION_REFUSED @ http://localhost:3002/api/cloud/task-notifications:0
[ 5495753ms] [ERROR] Failed to load resource: net::ERR_CONNECTION_REFUSED @ http://localhost:3002/__tsd/console-pipe/sse:0
[ 5498757ms] [ERROR] Failed to load resource: net::ERR_CONNECTION_REFUSED @ http://localhost:3002/__tsd/console-pipe/sse:0
[ 5501759ms] [ERROR] Failed to load resource: net::ERR_CONNECTION_REFUSED @ http://localhost:3002/__tsd/console-pipe/sse:0
[ 5504763ms] [ERROR] Failed to load resource: net::ERR_CONNECTION_REFUSED @ http://localhost:3002/__tsd/console-pipe/sse:0
[ 5507767ms] [ERROR] Failed to load resource: net::ERR_CONNECTION_REFUSED @ http://localhost:3002/__tsd/console-pipe/sse:0
[ 5509199ms] [ERROR] Failed to load resource: net::ERR_CONNECTION_REFUSED @ http://localhost:3002/api/cloud/task-notifications:0
[ 5510770ms] [ERROR] Failed to load resource: net::ERR_CONNECTION_REFUSED @ http://localhost:3002/__tsd/console-pipe/sse:0
[ 5513773ms] [ERROR] Failed to load resource: net::ERR_CONNECTION_REFUSED @ http://localhost:3002/__tsd/console-pipe/sse:0
[ 5516776ms] [ERROR] Failed to load resource: net::ERR_CONNECTION_REFUSED @ http://localhost:3002/__tsd/console-pipe/sse:0
[ 5519781ms] [ERROR] Failed to load resource: net::ERR_CONNECTION_REFUSED @ http://localhost:3002/__tsd/console-pipe/sse:0
[ 5522784ms] [ERROR] Failed to load resource: net::ERR_CONNECTION_REFUSED @ http://localhost:3002/__tsd/console-pipe/sse:0
[ 5524199ms] [ERROR] Failed to load resource: net::ERR_CONNECTION_REFUSED @ http://localhost:3002/api/cloud/task-notifications:0
[ 5525787ms] [ERROR] Failed to load resource: net::ERR_CONNECTION_REFUSED @ http://localhost:3002/__tsd/console-pipe/sse:0
[ 5528790ms] [ERROR] Failed to load resource: net::ERR_CONNECTION_REFUSED @ http://localhost:3002/__tsd/console-pipe/sse:0
[ 5531793ms] [ERROR] Failed to load resource: net::ERR_CONNECTION_REFUSED @ http://localhost:3002/__tsd/console-pipe/sse:0
[ 5534797ms] [ERROR] Failed to load resource: net::ERR_CONNECTION_REFUSED @ http://localhost:3002/__tsd/console-pipe/sse:0
[ 5537800ms] [ERROR] Failed to load resource: net::ERR_CONNECTION_REFUSED @ http://localhost:3002/__tsd/console-pipe/sse:0
[ 5539203ms] [ERROR] Failed to load resource: net::ERR_CONNECTION_REFUSED @ http://localhost:3002/api/cloud/task-notifications:0
[ 5540803ms] [ERROR] Failed to load resource: net::ERR_CONNECTION_REFUSED @ http://localhost:3002/__tsd/console-pipe/sse:0
[ 5543807ms] [ERROR] Failed to load resource: net::ERR_CONNECTION_REFUSED @ http://localhost:3002/__tsd/console-pipe/sse:0
[ 5546809ms] [ERROR] Failed to load resource: net::ERR_CONNECTION_REFUSED @ http://localhost:3002/__tsd/console-pipe/sse:0
[ 5549812ms] [ERROR] Failed to load resource: net::ERR_CONNECTION_REFUSED @ http://localhost:3002/__tsd/console-pipe/sse:0
[ 5552814ms] [ERROR] Failed to load resource: net::ERR_CONNECTION_REFUSED @ http://localhost:3002/__tsd/console-pipe/sse:0
[ 5554199ms] [ERROR] Failed to load resource: net::ERR_CONNECTION_REFUSED @ http://localhost:3002/api/cloud/task-notifications:0
[ 5555817ms] [ERROR] Failed to load resource: net::ERR_CONNECTION_REFUSED @ http://localhost:3002/__tsd/console-pipe/sse:0
[ 5558820ms] [ERROR] Failed to load resource: net::ERR_CONNECTION_REFUSED @ http://localhost:3002/__tsd/console-pipe/sse:0
[ 5561823ms] [ERROR] Failed to load resource: net::ERR_CONNECTION_REFUSED @ http://localhost:3002/__tsd/console-pipe/sse:0
[ 5564828ms] [ERROR] Failed to load resource: net::ERR_CONNECTION_REFUSED @ http://localhost:3002/__tsd/console-pipe/sse:0
[ 5567830ms] [ERROR] Failed to load resource: net::ERR_CONNECTION_REFUSED @ http://localhost:3002/__tsd/console-pipe/sse:0
[ 5569199ms] [ERROR] Failed to load resource: net::ERR_CONNECTION_REFUSED @ http://localhost:3002/api/cloud/task-notifications:0
[ 5570835ms] [ERROR] Failed to load resource: net::ERR_CONNECTION_REFUSED @ http://localhost:3002/__tsd/console-pipe/sse:0
[ 5573837ms] [ERROR] Failed to load resource: net::ERR_CONNECTION_REFUSED @ http://localhost:3002/__tsd/console-pipe/sse:0
[ 5576839ms] [ERROR] Failed to load resource: net::ERR_CONNECTION_REFUSED @ http://localhost:3002/__tsd/console-pipe/sse:0
[ 5579841ms] [ERROR] Failed to load resource: net::ERR_CONNECTION_REFUSED @ http://localhost:3002/__tsd/console-pipe/sse:0
[ 5582844ms] [ERROR] Failed to load resource: net::ERR_CONNECTION_REFUSED @ http://localhost:3002/__tsd/console-pipe/sse:0
[ 5584199ms] [ERROR] Failed to load resource: net::ERR_CONNECTION_REFUSED @ http://localhost:3002/api/cloud/task-notifications:0
[ 5585848ms] [ERROR] Failed to load resource: net::ERR_CONNECTION_REFUSED @ http://localhost:3002/__tsd/console-pipe/sse:0
[ 5588861ms] [ERROR] Failed to load resource: net::ERR_CONNECTION_REFUSED @ http://localhost:3002/__tsd/console-pipe/sse:0
[ 5591864ms] [ERROR] Failed to load resource: net::ERR_CONNECTION_REFUSED @ http://localhost:3002/__tsd/console-pipe/sse:0
[ 5594865ms] [ERROR] Failed to load resource: net::ERR_CONNECTION_REFUSED @ http://localhost:3002/__tsd/console-pipe/sse:0
[ 5597878ms] [ERROR] Failed to load resource: net::ERR_CONNECTION_REFUSED @ http://localhost:3002/__tsd/console-pipe/sse:0
[ 5599216ms] [ERROR] Failed to load resource: net::ERR_CONNECTION_REFUSED @ http://localhost:3002/api/cloud/task-notifications:0
[ 5600880ms] [ERROR] Failed to load resource: net::ERR_CONNECTION_REFUSED @ http://localhost:3002/__tsd/console-pipe/sse:0
[ 5603888ms] [ERROR] Failed to load resource: net::ERR_CONNECTION_REFUSED @ http://localhost:3002/__tsd/console-pipe/sse:0
[ 5606889ms] [ERROR] Failed to load resource: net::ERR_CONNECTION_REFUSED @ http://localhost:3002/__tsd/console-pipe/sse:0
[ 5609891ms] [ERROR] Failed to load resource: net::ERR_CONNECTION_REFUSED @ http://localhost:3002/__tsd/console-pipe/sse:0
[ 5612898ms] [ERROR] Failed to load resource: net::ERR_CONNECTION_REFUSED @ http://localhost:3002/__tsd/console-pipe/sse:0
[ 5614201ms] [ERROR] Failed to load resource: net::ERR_CONNECTION_REFUSED @ http://localhost:3002/api/cloud/task-notifications:0
[ 5615903ms] [ERROR] Failed to load resource: net::ERR_CONNECTION_REFUSED @ http://localhost:3002/__tsd/console-pipe/sse:0
[ 5618905ms] [ERROR] Failed to load resource: net::ERR_CONNECTION_REFUSED @ http://localhost:3002/__tsd/console-pipe/sse:0
[ 5621907ms] [ERROR] Failed to load resource: net::ERR_CONNECTION_REFUSED @ http://localhost:3002/__tsd/console-pipe/sse:0
[ 5624910ms] [ERROR] Failed to load resource: net::ERR_CONNECTION_REFUSED @ http://localhost:3002/__tsd/console-pipe/sse:0
[ 5627914ms] [ERROR] Failed to load resource: net::ERR_CONNECTION_REFUSED @ http://localhost:3002/__tsd/console-pipe/sse:0
[ 5629201ms] [ERROR] Failed to load resource: net::ERR_CONNECTION_REFUSED @ http://localhost:3002/api/cloud/task-notifications:0
[ 5630919ms] [ERROR] Failed to load resource: net::ERR_CONNECTION_REFUSED @ http://localhost:3002/__tsd/console-pipe/sse:0
[ 5633920ms] [ERROR] Failed to load resource: net::ERR_CONNECTION_REFUSED @ http://localhost:3002/__tsd/console-pipe/sse:0
[ 5636992ms] [ERROR] Failed to load resource: net::ERR_CONNECTION_REFUSED @ http://localhost:3002/__tsd/console-pipe/sse:0
[ 5639995ms] [ERROR] Failed to load resource: net::ERR_CONNECTION_REFUSED @ http://localhost:3002/__tsd/console-pipe/sse:0
[ 5642997ms] [ERROR] Failed to load resource: net::ERR_CONNECTION_REFUSED @ http://localhost:3002/__tsd/console-pipe/sse:0
[ 5644199ms] [ERROR] Failed to load resource: net::ERR_CONNECTION_REFUSED @ http://localhost:3002/api/cloud/task-notifications:0
[ 5646001ms] [ERROR] Failed to load resource: net::ERR_CONNECTION_REFUSED @ http://localhost:3002/__tsd/console-pipe/sse:0
[ 5649003ms] [ERROR] Failed to load resource: net::ERR_CONNECTION_REFUSED @ http://localhost:3002/__tsd/console-pipe/sse:0
[ 5652006ms] [ERROR] Failed to load resource: net::ERR_CONNECTION_REFUSED @ http://localhost:3002/__tsd/console-pipe/sse:0
[ 5655008ms] [ERROR] Failed to load resource: net::ERR_CONNECTION_REFUSED @ http://localhost:3002/__tsd/console-pipe/sse:0
[ 5658011ms] [ERROR] Failed to load resource: net::ERR_CONNECTION_REFUSED @ http://localhost:3002/__tsd/console-pipe/sse:0
[ 5659199ms] [ERROR] Failed to load resource: net::ERR_CONNECTION_REFUSED @ http://localhost:3002/api/cloud/task-notifications:0
[ 5661013ms] [ERROR] Failed to load resource: net::ERR_CONNECTION_REFUSED @ http://localhost:3002/__tsd/console-pipe/sse:0
[ 5664016ms] [ERROR] Failed to load resource: net::ERR_CONNECTION_REFUSED @ http://localhost:3002/__tsd/console-pipe/sse:0
[ 5667020ms] [ERROR] Failed to load resource: net::ERR_CONNECTION_REFUSED @ http://localhost:3002/__tsd/console-pipe/sse:0
[ 5670023ms] [ERROR] Failed to load resource: net::ERR_CONNECTION_REFUSED @ http://localhost:3002/__tsd/console-pipe/sse:0
[ 5673026ms] [ERROR] Failed to load resource: net::ERR_CONNECTION_REFUSED @ http://localhost:3002/__tsd/console-pipe/sse:0
[ 5674201ms] [ERROR] Failed to load resource: net::ERR_CONNECTION_REFUSED @ http://localhost:3002/api/cloud/task-notifications:0
[ 5676029ms] [ERROR] Failed to load resource: net::ERR_CONNECTION_REFUSED @ http://localhost:3002/__tsd/console-pipe/sse:0
[ 5679032ms] [ERROR] Failed to load resource: net::ERR_CONNECTION_REFUSED @ http://localhost:3002/__tsd/console-pipe/sse:0
[ 5682035ms] [ERROR] Failed to load resource: net::ERR_CONNECTION_REFUSED @ http://localhost:3002/__tsd/console-pipe/sse:0
[ 5685039ms] [ERROR] Failed to load resource: net::ERR_CONNECTION_REFUSED @ http://localhost:3002/__tsd/console-pipe/sse:0
[ 5688043ms] [ERROR] Failed to load resource: net::ERR_CONNECTION_REFUSED @ http://localhost:3002/__tsd/console-pipe/sse:0
[ 5689200ms] [ERROR] Failed to load resource: net::ERR_CONNECTION_REFUSED @ http://localhost:3002/api/cloud/task-notifications:0
[ 5691046ms] [ERROR] Failed to load resource: net::ERR_CONNECTION_REFUSED @ http://localhost:3002/__tsd/console-pipe/sse:0
[ 5694050ms] [ERROR] Failed to load resource: net::ERR_CONNECTION_REFUSED @ http://localhost:3002/__tsd/console-pipe/sse:0
[ 5697054ms] [ERROR] Failed to load resource: net::ERR_CONNECTION_REFUSED @ http://localhost:3002/__tsd/console-pipe/sse:0
[ 5700057ms] [ERROR] Failed to load resource: net::ERR_CONNECTION_REFUSED @ http://localhost:3002/__tsd/console-pipe/sse:0
[ 5703061ms] [ERROR] Failed to load resource: net::ERR_CONNECTION_REFUSED @ http://localhost:3002/__tsd/console-pipe/sse:0
[ 5704201ms] [ERROR] Failed to load resource: net::ERR_CONNECTION_REFUSED @ http://localhost:3002/api/cloud/task-notifications:0
[ 5706065ms] [ERROR] Failed to load resource: net::ERR_CONNECTION_REFUSED @ http://localhost:3002/__tsd/console-pipe/sse:0
[ 5709072ms] [ERROR] Failed to load resource: net::ERR_CONNECTION_REFUSED @ http://localhost:3002/__tsd/console-pipe/sse:0
[ 5712075ms] [ERROR] Failed to load resource: net::ERR_CONNECTION_REFUSED @ http://localhost:3002/__tsd/console-pipe/sse:0
[ 5715078ms] [ERROR] Failed to load resource: net::ERR_CONNECTION_REFUSED @ http://localhost:3002/__tsd/console-pipe/sse:0
[ 5718084ms] [ERROR] Failed to load resource: net::ERR_CONNECTION_REFUSED @ http://localhost:3002/__tsd/console-pipe/sse:0
[ 5719204ms] [ERROR] Failed to load resource: net::ERR_CONNECTION_REFUSED @ http://localhost:3002/api/cloud/task-notifications:0
[ 5721087ms] [ERROR] Failed to load resource: net::ERR_CONNECTION_REFUSED @ http://localhost:3002/__tsd/console-pipe/sse:0
[ 5724090ms] [ERROR] Failed to load resource: net::ERR_CONNECTION_REFUSED @ http://localhost:3002/__tsd/console-pipe/sse:0
[ 5727097ms] [ERROR] Failed to load resource: net::ERR_CONNECTION_REFUSED @ http://localhost:3002/__tsd/console-pipe/sse:0
[ 5730100ms] [ERROR] Failed to load resource: net::ERR_CONNECTION_REFUSED @ http://localhost:3002/__tsd/console-pipe/sse:0
[ 5733111ms] [ERROR] Failed to load resource: net::ERR_CONNECTION_REFUSED @ http://localhost:3002/__tsd/console-pipe/sse:0
[ 5734201ms] [ERROR] Failed to load resource: net::ERR_CONNECTION_REFUSED @ http://localhost:3002/api/cloud/task-notifications:0
[ 5736115ms] [ERROR] Failed to load resource: net::ERR_CONNECTION_REFUSED @ http://localhost:3002/__tsd/console-pipe/sse:0
[ 5739120ms] [ERROR] Failed to load resource: net::ERR_CONNECTION_REFUSED @ http://localhost:3002/__tsd/console-pipe/sse:0
[ 5742122ms] [ERROR] Failed to load resource: net::ERR_CONNECTION_REFUSED @ http://localhost:3002/__tsd/console-pipe/sse:0
[ 5745126ms] [ERROR] Failed to load resource: net::ERR_CONNECTION_REFUSED @ http://localhost:3002/__tsd/console-pipe/sse:0
[ 5748129ms] [ERROR] Failed to load resource: net::ERR_CONNECTION_REFUSED @ http://localhost:3002/__tsd/console-pipe/sse:0
[ 5749207ms] [ERROR] Failed to load resource: net::ERR_CONNECTION_REFUSED @ http://localhost:3002/api/cloud/task-notifications:0
[ 5751133ms] [ERROR] Failed to load resource: net::ERR_CONNECTION_REFUSED @ http://localhost:3002/__tsd/console-pipe/sse:0
[ 5754137ms] [ERROR] Failed to load resource: net::ERR_CONNECTION_REFUSED @ http://localhost:3002/__tsd/console-pipe/sse:0
[ 5757140ms] [ERROR] Failed to load resource: net::ERR_CONNECTION_REFUSED @ http://localhost:3002/__tsd/console-pipe/sse:0
[ 5760150ms] [ERROR] Failed to load resource: net::ERR_CONNECTION_REFUSED @ http://localhost:3002/__tsd/console-pipe/sse:0
[ 5763161ms] [ERROR] Failed to load resource: net::ERR_CONNECTION_REFUSED @ http://localhost:3002/__tsd/console-pipe/sse:0
[ 5764203ms] [ERROR] Failed to load resource: net::ERR_CONNECTION_REFUSED @ http://localhost:3002/api/cloud/task-notifications:0
[ 5766163ms] [ERROR] Failed to load resource: net::ERR_CONNECTION_REFUSED @ http://localhost:3002/__tsd/console-pipe/sse:0
[ 5769170ms] [ERROR] Failed to load resource: net::ERR_CONNECTION_REFUSED @ http://localhost:3002/__tsd/console-pipe/sse:0
[ 5772174ms] [ERROR] Failed to load resource: net::ERR_CONNECTION_REFUSED @ http://localhost:3002/__tsd/console-pipe/sse:0
[ 5775178ms] [ERROR] Failed to load resource: net::ERR_CONNECTION_REFUSED @ http://localhost:3002/__tsd/console-pipe/sse:0
[ 5778179ms] [ERROR] Failed to load resource: net::ERR_CONNECTION_REFUSED @ http://localhost:3002/__tsd/console-pipe/sse:0
[ 5779202ms] [ERROR] Failed to load resource: net::ERR_CONNECTION_REFUSED @ http://localhost:3002/api/cloud/task-notifications:0
[ 5781184ms] [ERROR] Failed to load resource: net::ERR_CONNECTION_REFUSED @ http://localhost:3002/__tsd/console-pipe/sse:0
[ 5784205ms] [ERROR] Failed to load resource: net::ERR_CONNECTION_REFUSED @ http://localhost:3002/__tsd/console-pipe/sse:0
[ 5787208ms] [ERROR] Failed to load resource: net::ERR_CONNECTION_REFUSED @ http://localhost:3002/__tsd/console-pipe/sse:0
[ 5790211ms] [ERROR] Failed to load resource: net::ERR_CONNECTION_REFUSED @ http://localhost:3002/__tsd/console-pipe/sse:0
[ 5793213ms] [ERROR] Failed to load resource: net::ERR_CONNECTION_REFUSED @ http://localhost:3002/__tsd/console-pipe/sse:0
[ 5794200ms] [ERROR] Failed to load resource: net::ERR_CONNECTION_REFUSED @ http://localhost:3002/api/cloud/task-notifications:0
[ 5796215ms] [ERROR] Failed to load resource: net::ERR_CONNECTION_REFUSED @ http://localhost:3002/__tsd/console-pipe/sse:0
[ 5799217ms] [ERROR] Failed to load resource: net::ERR_CONNECTION_REFUSED @ http://localhost:3002/__tsd/console-pipe/sse:0
[ 5802223ms] [ERROR] Failed to load resource: net::ERR_CONNECTION_REFUSED @ http://localhost:3002/__tsd/console-pipe/sse:0
[ 5805227ms] [ERROR] Failed to load resource: net::ERR_CONNECTION_REFUSED @ http://localhost:3002/__tsd/console-pipe/sse:0
[ 5808230ms] [ERROR] Failed to load resource: net::ERR_CONNECTION_REFUSED @ http://localhost:3002/__tsd/console-pipe/sse:0
[ 5809201ms] [ERROR] Failed to load resource: net::ERR_CONNECTION_REFUSED @ http://localhost:3002/api/cloud/task-notifications:0
[ 5811233ms] [ERROR] Failed to load resource: net::ERR_CONNECTION_REFUSED @ http://localhost:3002/__tsd/console-pipe/sse:0
[ 5814237ms] [ERROR] Failed to load resource: net::ERR_CONNECTION_REFUSED @ http://localhost:3002/__tsd/console-pipe/sse:0
[ 5817240ms] [ERROR] Failed to load resource: net::ERR_CONNECTION_REFUSED @ http://localhost:3002/__tsd/console-pipe/sse:0
[ 5820243ms] [ERROR] Failed to load resource: net::ERR_CONNECTION_REFUSED @ http://localhost:3002/__tsd/console-pipe/sse:0
[ 5823247ms] [ERROR] Failed to load resource: net::ERR_CONNECTION_REFUSED @ http://localhost:3002/__tsd/console-pipe/sse:0
[ 5824202ms] [ERROR] Failed to load resource: net::ERR_CONNECTION_REFUSED @ http://localhost:3002/api/cloud/task-notifications:0
[ 5826250ms] [ERROR] Failed to load resource: net::ERR_CONNECTION_REFUSED @ http://localhost:3002/__tsd/console-pipe/sse:0
[ 5829252ms] [ERROR] Failed to load resource: net::ERR_CONNECTION_REFUSED @ http://localhost:3002/__tsd/console-pipe/sse:0
[ 5832256ms] [ERROR] Failed to load resource: net::ERR_CONNECTION_REFUSED @ http://localhost:3002/__tsd/console-pipe/sse:0
[ 5835259ms] [ERROR] Failed to load resource: net::ERR_CONNECTION_REFUSED @ http://localhost:3002/__tsd/console-pipe/sse:0
[ 5838262ms] [ERROR] Failed to load resource: net::ERR_CONNECTION_REFUSED @ http://localhost:3002/__tsd/console-pipe/sse:0
[ 5839201ms] [ERROR] Failed to load resource: net::ERR_CONNECTION_REFUSED @ http://localhost:3002/api/cloud/task-notifications:0
[ 5841265ms] [ERROR] Failed to load resource: net::ERR_CONNECTION_REFUSED @ http://localhost:3002/__tsd/console-pipe/sse:0
[ 5844271ms] [ERROR] Failed to load resource: net::ERR_CONNECTION_REFUSED @ http://localhost:3002/__tsd/console-pipe/sse:0
[ 5847292ms] [ERROR] Failed to load resource: net::ERR_CONNECTION_REFUSED @ http://localhost:3002/__tsd/console-pipe/sse:0
[ 5850295ms] [ERROR] Failed to load resource: net::ERR_CONNECTION_REFUSED @ http://localhost:3002/__tsd/console-pipe/sse:0
[ 5853299ms] [ERROR] Failed to load resource: net::ERR_CONNECTION_REFUSED @ http://localhost:3002/__tsd/console-pipe/sse:0
[ 5854203ms] [ERROR] Failed to load resource: net::ERR_CONNECTION_REFUSED @ http://localhost:3002/api/cloud/task-notifications:0
[ 5856303ms] [ERROR] Failed to load resource: net::ERR_CONNECTION_REFUSED @ http://localhost:3002/__tsd/console-pipe/sse:0
[ 5859306ms] [ERROR] Failed to load resource: net::ERR_CONNECTION_REFUSED @ http://localhost:3002/__tsd/console-pipe/sse:0
[ 5862309ms] [ERROR] Failed to load resource: net::ERR_CONNECTION_REFUSED @ http://localhost:3002/__tsd/console-pipe/sse:0
[ 5865312ms] [ERROR] Failed to load resource: net::ERR_CONNECTION_REFUSED @ http://localhost:3002/__tsd/console-pipe/sse:0
[ 5868314ms] [ERROR] Failed to load resource: net::ERR_CONNECTION_REFUSED @ http://localhost:3002/__tsd/console-pipe/sse:0
[ 5869201ms] [ERROR] Failed to load resource: net::ERR_CONNECTION_REFUSED @ http://localhost:3002/api/cloud/task-notifications:0
[ 5871316ms] [ERROR] Failed to load resource: net::ERR_CONNECTION_REFUSED @ http://localhost:3002/__tsd/console-pipe/sse:0
[ 5874319ms] [ERROR] Failed to load resource: net::ERR_CONNECTION_REFUSED @ http://localhost:3002/__tsd/console-pipe/sse:0
[ 5877322ms] [ERROR] Failed to load resource: net::ERR_CONNECTION_REFUSED @ http://localhost:3002/__tsd/console-pipe/sse:0
[ 5880325ms] [ERROR] Failed to load resource: net::ERR_CONNECTION_REFUSED @ http://localhost:3002/__tsd/console-pipe/sse:0
[ 5883330ms] [ERROR] Failed to load resource: net::ERR_CONNECTION_REFUSED @ http://localhost:3002/__tsd/console-pipe/sse:0
[ 5884202ms] [ERROR] Failed to load resource: net::ERR_CONNECTION_REFUSED @ http://localhost:3002/api/cloud/task-notifications:0
[ 5886333ms] [ERROR] Failed to load resource: net::ERR_CONNECTION_REFUSED @ http://localhost:3002/__tsd/console-pipe/sse:0
[ 5889339ms] [ERROR] Failed to load resource: net::ERR_CONNECTION_REFUSED @ http://localhost:3002/__tsd/console-pipe/sse:0
[ 5892341ms] [ERROR] Failed to load resource: net::ERR_CONNECTION_REFUSED @ http://localhost:3002/__tsd/console-pipe/sse:0
[ 5895342ms] [ERROR] Failed to load resource: net::ERR_CONNECTION_REFUSED @ http://localhost:3002/__tsd/console-pipe/sse:0
[ 5898346ms] [ERROR] Failed to load resource: net::ERR_CONNECTION_REFUSED @ http://localhost:3002/__tsd/console-pipe/sse:0
[ 5899204ms] [ERROR] Failed to load resource: net::ERR_CONNECTION_REFUSED @ http://localhost:3002/api/cloud/task-notifications:0
[ 5901348ms] [ERROR] Failed to load resource: net::ERR_CONNECTION_REFUSED @ http://localhost:3002/__tsd/console-pipe/sse:0
[ 5904351ms] [ERROR] Failed to load resource: net::ERR_CONNECTION_REFUSED @ http://localhost:3002/__tsd/console-pipe/sse:0
[ 5907354ms] [ERROR] Failed to load resource: net::ERR_CONNECTION_REFUSED @ http://localhost:3002/__tsd/console-pipe/sse:0
[ 5910356ms] [ERROR] Failed to load resource: net::ERR_CONNECTION_REFUSED @ http://localhost:3002/__tsd/console-pipe/sse:0
[ 5913358ms] [ERROR] Failed to load resource: net::ERR_CONNECTION_REFUSED @ http://localhost:3002/__tsd/console-pipe/sse:0
[ 5914206ms] [ERROR] Failed to load resource: net::ERR_CONNECTION_REFUSED @ http://localhost:3002/api/cloud/task-notifications:0
[ 5916360ms] [ERROR] Failed to load resource: net::ERR_CONNECTION_REFUSED @ http://localhost:3002/__tsd/console-pipe/sse:0
[ 5919363ms] [ERROR] Failed to load resource: net::ERR_CONNECTION_REFUSED @ http://localhost:3002/__tsd/console-pipe/sse:0
[ 5922364ms] [ERROR] Failed to load resource: net::ERR_CONNECTION_REFUSED @ http://localhost:3002/__tsd/console-pipe/sse:0
[ 5925369ms] [ERROR] Failed to load resource: net::ERR_CONNECTION_REFUSED @ http://localhost:3002/__tsd/console-pipe/sse:0
[ 5928371ms] [ERROR] Failed to load resource: net::ERR_CONNECTION_REFUSED @ http://localhost:3002/__tsd/console-pipe/sse:0
[ 5929202ms] [ERROR] Failed to load resource: net::ERR_CONNECTION_REFUSED @ http://localhost:3002/api/cloud/task-notifications:0
[ 5931374ms] [ERROR] Failed to load resource: net::ERR_CONNECTION_REFUSED @ http://localhost:3002/__tsd/console-pipe/sse:0
[ 5934377ms] [ERROR] Failed to load resource: net::ERR_CONNECTION_REFUSED @ http://localhost:3002/__tsd/console-pipe/sse:0
[ 5937379ms] [ERROR] Failed to load resource: net::ERR_CONNECTION_REFUSED @ http://localhost:3002/__tsd/console-pipe/sse:0
[ 5940382ms] [ERROR] Failed to load resource: net::ERR_CONNECTION_REFUSED @ http://localhost:3002/__tsd/console-pipe/sse:0
[ 5943384ms] [ERROR] Failed to load resource: net::ERR_CONNECTION_REFUSED @ http://localhost:3002/__tsd/console-pipe/sse:0
[ 5944202ms] [ERROR] Failed to load resource: net::ERR_CONNECTION_REFUSED @ http://localhost:3002/api/cloud/task-notifications:0
[ 5946387ms] [ERROR] Failed to load resource: net::ERR_CONNECTION_REFUSED @ http://localhost:3002/__tsd/console-pipe/sse:0
[ 5949401ms] [ERROR] Failed to load resource: net::ERR_CONNECTION_REFUSED @ http://localhost:3002/__tsd/console-pipe/sse:0
[ 5952403ms] [ERROR] Failed to load resource: net::ERR_CONNECTION_REFUSED @ http://localhost:3002/__tsd/console-pipe/sse:0
[ 5955406ms] [ERROR] Failed to load resource: net::ERR_CONNECTION_REFUSED @ http://localhost:3002/__tsd/console-pipe/sse:0
[ 5958408ms] [ERROR] Failed to load resource: net::ERR_CONNECTION_REFUSED @ http://localhost:3002/__tsd/console-pipe/sse:0
[ 5959202ms] [ERROR] Failed to load resource: net::ERR_CONNECTION_REFUSED @ http://localhost:3002/api/cloud/task-notifications:0
[ 5961412ms] [ERROR] Failed to load resource: net::ERR_CONNECTION_REFUSED @ http://localhost:3002/__tsd/console-pipe/sse:0
[ 5964418ms] [ERROR] Failed to load resource: net::ERR_CONNECTION_REFUSED @ http://localhost:3002/__tsd/console-pipe/sse:0
[ 5967420ms] [ERROR] Failed to load resource: net::ERR_CONNECTION_REFUSED @ http://localhost:3002/__tsd/console-pipe/sse:0
[ 5970424ms] [ERROR] Failed to load resource: net::ERR_CONNECTION_REFUSED @ http://localhost:3002/__tsd/console-pipe/sse:0
[ 5973426ms] [ERROR] Failed to load resource: net::ERR_CONNECTION_REFUSED @ http://localhost:3002/__tsd/console-pipe/sse:0
[ 5974202ms] [ERROR] Failed to load resource: net::ERR_CONNECTION_REFUSED @ http://localhost:3002/api/cloud/task-notifications:0
[ 5976429ms] [ERROR] Failed to load resource: net::ERR_CONNECTION_REFUSED @ http://localhost:3002/__tsd/console-pipe/sse:0
[ 5979432ms] [ERROR] Failed to load resource: net::ERR_CONNECTION_REFUSED @ http://localhost:3002/__tsd/console-pipe/sse:0
[ 5982435ms] [ERROR] Failed to load resource: net::ERR_CONNECTION_REFUSED @ http://localhost:3002/__tsd/console-pipe/sse:0
[ 5985441ms] [ERROR] Failed to load resource: net::ERR_CONNECTION_REFUSED @ http://localhost:3002/__tsd/console-pipe/sse:0
[ 5988443ms] [ERROR] Failed to load resource: net::ERR_CONNECTION_REFUSED @ http://localhost:3002/__tsd/console-pipe/sse:0
[ 5989203ms] [ERROR] Failed to load resource: net::ERR_CONNECTION_REFUSED @ http://localhost:3002/api/cloud/task-notifications:0
[ 5991445ms] [ERROR] Failed to load resource: net::ERR_CONNECTION_REFUSED @ http://localhost:3002/__tsd/console-pipe/sse:0
[ 5994447ms] [ERROR] Failed to load resource: net::ERR_CONNECTION_REFUSED @ http://localhost:3002/__tsd/console-pipe/sse:0
[ 5997451ms] [ERROR] Failed to load resource: net::ERR_CONNECTION_REFUSED @ http://localhost:3002/__tsd/console-pipe/sse:0
[ 6000453ms] [ERROR] Failed to load resource: net::ERR_CONNECTION_REFUSED @ http://localhost:3002/__tsd/console-pipe/sse:0
[ 6003458ms] [ERROR] Failed to load resource: net::ERR_CONNECTION_REFUSED @ http://localhost:3002/__tsd/console-pipe/sse:0
[ 6004204ms] [ERROR] Failed to load resource: net::ERR_CONNECTION_REFUSED @ http://localhost:3002/api/cloud/task-notifications:0
[ 6006460ms] [ERROR] Failed to load resource: net::ERR_CONNECTION_REFUSED @ http://localhost:3002/__tsd/console-pipe/sse:0
[ 6009463ms] [ERROR] Failed to load resource: net::ERR_CONNECTION_REFUSED @ http://localhost:3002/__tsd/console-pipe/sse:0
[ 6012466ms] [ERROR] Failed to load resource: net::ERR_CONNECTION_REFUSED @ http://localhost:3002/__tsd/console-pipe/sse:0
[ 6015472ms] [ERROR] Failed to load resource: net::ERR_CONNECTION_REFUSED @ http://localhost:3002/__tsd/console-pipe/sse:0
[ 6018474ms] [ERROR] Failed to load resource: net::ERR_CONNECTION_REFUSED @ http://localhost:3002/__tsd/console-pipe/sse:0
[ 6019212ms] [ERROR] Failed to load resource: net::ERR_CONNECTION_REFUSED @ http://localhost:3002/api/cloud/task-notifications:0
[ 6021476ms] [ERROR] Failed to load resource: net::ERR_CONNECTION_REFUSED @ http://localhost:3002/__tsd/console-pipe/sse:0
[ 6024480ms] [ERROR] Failed to load resource: net::ERR_CONNECTION_REFUSED @ http://localhost:3002/__tsd/console-pipe/sse:0
[ 6027482ms] [ERROR] Failed to load resource: net::ERR_CONNECTION_REFUSED @ http://localhost:3002/__tsd/console-pipe/sse:0
[ 6030497ms] [ERROR] Failed to load resource: net::ERR_CONNECTION_REFUSED @ http://localhost:3002/__tsd/console-pipe/sse:0
[ 6033502ms] [ERROR] Failed to load resource: net::ERR_CONNECTION_REFUSED @ http://localhost:3002/__tsd/console-pipe/sse:0
[ 6034204ms] [ERROR] Failed to load resource: net::ERR_CONNECTION_REFUSED @ http://localhost:3002/api/cloud/task-notifications:0
[ 6036505ms] [ERROR] Failed to load resource: net::ERR_CONNECTION_REFUSED @ http://localhost:3002/__tsd/console-pipe/sse:0
[ 6039509ms] [ERROR] Failed to load resource: net::ERR_CONNECTION_REFUSED @ http://localhost:3002/__tsd/console-pipe/sse:0
[ 6042512ms] [ERROR] Failed to load resource: net::ERR_CONNECTION_REFUSED @ http://localhost:3002/__tsd/console-pipe/sse:0
[ 6045515ms] [ERROR] Failed to load resource: net::ERR_CONNECTION_REFUSED @ http://localhost:3002/__tsd/console-pipe/sse:0
[ 6048519ms] [ERROR] Failed to load resource: net::ERR_CONNECTION_REFUSED @ http://localhost:3002/__tsd/console-pipe/sse:0
[ 6049235ms] [ERROR] Failed to load resource: net::ERR_CONNECTION_REFUSED @ http://localhost:3002/api/cloud/task-notifications:0
[ 6051524ms] [ERROR] Failed to load resource: net::ERR_CONNECTION_REFUSED @ http://localhost:3002/__tsd/console-pipe/sse:0
[ 6054528ms] [ERROR] Failed to load resource: net::ERR_CONNECTION_REFUSED @ http://localhost:3002/__tsd/console-pipe/sse:0
[ 6057532ms] [ERROR] Failed to load resource: net::ERR_CONNECTION_REFUSED @ http://localhost:3002/__tsd/console-pipe/sse:0
[ 6060536ms] [ERROR] Failed to load resource: net::ERR_CONNECTION_REFUSED @ http://localhost:3002/__tsd/console-pipe/sse:0
[ 6063539ms] [ERROR] Failed to load resource: net::ERR_CONNECTION_REFUSED @ http://localhost:3002/__tsd/console-pipe/sse:0
[ 6064209ms] [ERROR] Failed to load resource: net::ERR_CONNECTION_REFUSED @ http://localhost:3002/api/cloud/task-notifications:0
[ 6066550ms] [ERROR] Failed to load resource: net::ERR_CONNECTION_REFUSED @ http://localhost:3002/__tsd/console-pipe/sse:0
[ 6069554ms] [ERROR] Failed to load resource: net::ERR_CONNECTION_REFUSED @ http://localhost:3002/__tsd/console-pipe/sse:0
[ 6072559ms] [ERROR] Failed to load resource: net::ERR_CONNECTION_REFUSED @ http://localhost:3002/__tsd/console-pipe/sse:0
[ 6075562ms] [ERROR] Failed to load resource: net::ERR_CONNECTION_REFUSED @ http://localhost:3002/__tsd/console-pipe/sse:0
[ 6078566ms] [ERROR] Failed to load resource: net::ERR_CONNECTION_REFUSED @ http://localhost:3002/__tsd/console-pipe/sse:0
[ 6079204ms] [ERROR] Failed to load resource: net::ERR_CONNECTION_REFUSED @ http://localhost:3002/api/cloud/task-notifications:0
[ 6081570ms] [ERROR] Failed to load resource: net::ERR_CONNECTION_REFUSED @ http://localhost:3002/__tsd/console-pipe/sse:0
[ 6084574ms] [ERROR] Failed to load resource: net::ERR_CONNECTION_REFUSED @ http://localhost:3002/__tsd/console-pipe/sse:0
[ 6087577ms] [ERROR] Failed to load resource: net::ERR_CONNECTION_REFUSED @ http://localhost:3002/__tsd/console-pipe/sse:0
[ 6090579ms] [ERROR] Failed to load resource: net::ERR_CONNECTION_REFUSED @ http://localhost:3002/__tsd/console-pipe/sse:0
[ 6093586ms] [ERROR] Failed to load resource: net::ERR_CONNECTION_REFUSED @ http://localhost:3002/__tsd/console-pipe/sse:0
[ 6094232ms] [ERROR] Failed to load resource: net::ERR_CONNECTION_REFUSED @ http://localhost:3002/api/cloud/task-notifications:0
[ 6096588ms] [ERROR] Failed to load resource: net::ERR_CONNECTION_REFUSED @ http://localhost:3002/__tsd/console-pipe/sse:0
[ 6099596ms] [ERROR] Failed to load resource: net::ERR_CONNECTION_REFUSED @ http://localhost:3002/__tsd/console-pipe/sse:0
[ 6102599ms] [ERROR] Failed to load resource: net::ERR_CONNECTION_REFUSED @ http://localhost:3002/__tsd/console-pipe/sse:0
[ 6105602ms] [ERROR] Failed to load resource: net::ERR_CONNECTION_REFUSED @ http://localhost:3002/__tsd/console-pipe/sse:0
[ 6108606ms] [ERROR] Failed to load resource: net::ERR_CONNECTION_REFUSED @ http://localhost:3002/__tsd/console-pipe/sse:0
[ 6109204ms] [ERROR] Failed to load resource: net::ERR_CONNECTION_REFUSED @ http://localhost:3002/api/cloud/task-notifications:0
[ 6111609ms] [ERROR] Failed to load resource: net::ERR_CONNECTION_REFUSED @ http://localhost:3002/__tsd/console-pipe/sse:0
[ 6114614ms] [ERROR] Failed to load resource: net::ERR_CONNECTION_REFUSED @ http://localhost:3002/__tsd/console-pipe/sse:0
[ 6117617ms] [ERROR] Failed to load resource: net::ERR_CONNECTION_REFUSED @ http://localhost:3002/__tsd/console-pipe/sse:0
[ 6120621ms] [ERROR] Failed to load resource: net::ERR_CONNECTION_REFUSED @ http://localhost:3002/__tsd/console-pipe/sse:0
[ 6123624ms] [ERROR] Failed to load resource: net::ERR_CONNECTION_REFUSED @ http://localhost:3002/__tsd/console-pipe/sse:0
[ 6124211ms] [ERROR] Failed to load resource: net::ERR_CONNECTION_REFUSED @ http://localhost:3002/api/cloud/task-notifications:0
[ 6126627ms] [ERROR] Failed to load resource: net::ERR_CONNECTION_REFUSED @ http://localhost:3002/__tsd/console-pipe/sse:0
[ 6129630ms] [ERROR] Failed to load resource: net::ERR_CONNECTION_REFUSED @ http://localhost:3002/__tsd/console-pipe/sse:0
[ 6132633ms] [ERROR] Failed to load resource: net::ERR_CONNECTION_REFUSED @ http://localhost:3002/__tsd/console-pipe/sse:0
[ 6135636ms] [ERROR] Failed to load resource: net::ERR_CONNECTION_REFUSED @ http://localhost:3002/__tsd/console-pipe/sse:0
[ 6138648ms] [ERROR] Failed to load resource: net::ERR_CONNECTION_REFUSED @ http://localhost:3002/__tsd/console-pipe/sse:0
[ 6139205ms] [ERROR] Failed to load resource: net::ERR_CONNECTION_REFUSED @ http://localhost:3002/api/cloud/task-notifications:0
[ 6141653ms] [ERROR] Failed to load resource: net::ERR_CONNECTION_REFUSED @ http://localhost:3002/__tsd/console-pipe/sse:0
[ 6144656ms] [ERROR] Failed to load resource: net::ERR_CONNECTION_REFUSED @ http://localhost:3002/__tsd/console-pipe/sse:0
[ 6147660ms] [ERROR] Failed to load resource: net::ERR_CONNECTION_REFUSED @ http://localhost:3002/__tsd/console-pipe/sse:0
[ 6150663ms] [ERROR] Failed to load resource: net::ERR_CONNECTION_REFUSED @ http://localhost:3002/__tsd/console-pipe/sse:0
[ 6153666ms] [ERROR] Failed to load resource: net::ERR_CONNECTION_REFUSED @ http://localhost:3002/__tsd/console-pipe/sse:0
[ 6154205ms] [ERROR] Failed to load resource: net::ERR_CONNECTION_REFUSED @ http://localhost:3002/api/cloud/task-notifications:0
[ 6156670ms] [ERROR] Failed to load resource: net::ERR_CONNECTION_REFUSED @ http://localhost:3002/__tsd/console-pipe/sse:0
[ 6159672ms] [ERROR] Failed to load resource: net::ERR_CONNECTION_REFUSED @ http://localhost:3002/__tsd/console-pipe/sse:0
[ 6162675ms] [ERROR] Failed to load resource: net::ERR_CONNECTION_REFUSED @ http://localhost:3002/__tsd/console-pipe/sse:0
[ 6165678ms] [ERROR] Failed to load resource: net::ERR_CONNECTION_REFUSED @ http://localhost:3002/__tsd/console-pipe/sse:0
[ 6168682ms] [ERROR] Failed to load resource: net::ERR_CONNECTION_REFUSED @ http://localhost:3002/__tsd/console-pipe/sse:0
[ 6169219ms] [ERROR] Failed to load resource: net::ERR_CONNECTION_REFUSED @ http://localhost:3002/api/cloud/task-notifications:0
[ 6171685ms] [ERROR] Failed to load resource: net::ERR_CONNECTION_REFUSED @ http://localhost:3002/__tsd/console-pipe/sse:0
[ 6174688ms] [ERROR] Failed to load resource: net::ERR_CONNECTION_REFUSED @ http://localhost:3002/__tsd/console-pipe/sse:0
[ 6177693ms] [ERROR] Failed to load resource: net::ERR_CONNECTION_REFUSED @ http://localhost:3002/__tsd/console-pipe/sse:0
[ 6180697ms] [ERROR] Failed to load resource: net::ERR_CONNECTION_REFUSED @ http://localhost:3002/__tsd/console-pipe/sse:0
[ 6183700ms] [ERROR] Failed to load resource: net::ERR_CONNECTION_REFUSED @ http://localhost:3002/__tsd/console-pipe/sse:0
[ 6184205ms] [ERROR] Failed to load resource: net::ERR_CONNECTION_REFUSED @ http://localhost:3002/api/cloud/task-notifications:0
[ 6186703ms] [ERROR] Failed to load resource: net::ERR_CONNECTION_REFUSED @ http://localhost:3002/__tsd/console-pipe/sse:0
[ 6189706ms] [ERROR] Failed to load resource: net::ERR_CONNECTION_REFUSED @ http://localhost:3002/__tsd/console-pipe/sse:0
[ 6192708ms] [ERROR] Failed to load resource: net::ERR_CONNECTION_REFUSED @ http://localhost:3002/__tsd/console-pipe/sse:0
[ 6195711ms] [ERROR] Failed to load resource: net::ERR_CONNECTION_REFUSED @ http://localhost:3002/__tsd/console-pipe/sse:0
[ 6198716ms] [ERROR] Failed to load resource: net::ERR_CONNECTION_REFUSED @ http://localhost:3002/__tsd/console-pipe/sse:0
[ 6199206ms] [ERROR] Failed to load resource: net::ERR_CONNECTION_REFUSED @ http://localhost:3002/api/cloud/task-notifications:0
[ 6201719ms] [ERROR] Failed to load resource: net::ERR_CONNECTION_REFUSED @ http://localhost:3002/__tsd/console-pipe/sse:0
[ 6204779ms] [ERROR] Failed to load resource: net::ERR_CONNECTION_REFUSED @ http://localhost:3002/__tsd/console-pipe/sse:0
[ 6207783ms] [ERROR] Failed to load resource: net::ERR_CONNECTION_REFUSED @ http://localhost:3002/__tsd/console-pipe/sse:0
[ 6210785ms] [ERROR] Failed to load resource: net::ERR_CONNECTION_REFUSED @ http://localhost:3002/__tsd/console-pipe/sse:0
[ 6213787ms] [ERROR] Failed to load resource: net::ERR_CONNECTION_REFUSED @ http://localhost:3002/__tsd/console-pipe/sse:0
[ 6214208ms] [ERROR] Failed to load resource: net::ERR_CONNECTION_REFUSED @ http://localhost:3002/api/cloud/task-notifications:0
[ 6216790ms] [ERROR] Failed to load resource: net::ERR_CONNECTION_REFUSED @ http://localhost:3002/__tsd/console-pipe/sse:0
[ 6219793ms] [ERROR] Failed to load resource: net::ERR_CONNECTION_REFUSED @ http://localhost:3002/__tsd/console-pipe/sse:0
[ 6222797ms] [ERROR] Failed to load resource: net::ERR_CONNECTION_REFUSED @ http://localhost:3002/__tsd/console-pipe/sse:0
[ 6225799ms] [ERROR] Failed to load resource: net::ERR_CONNECTION_REFUSED @ http://localhost:3002/__tsd/console-pipe/sse:0
[ 6228802ms] [ERROR] Failed to load resource: net::ERR_CONNECTION_REFUSED @ http://localhost:3002/__tsd/console-pipe/sse:0
[ 6229206ms] [ERROR] Failed to load resource: net::ERR_CONNECTION_REFUSED @ http://localhost:3002/api/cloud/task-notifications:0
[ 6231805ms] [ERROR] Failed to load resource: net::ERR_CONNECTION_REFUSED @ http://localhost:3002/__tsd/console-pipe/sse:0
[ 6234807ms] [ERROR] Failed to load resource: net::ERR_CONNECTION_REFUSED @ http://localhost:3002/__tsd/console-pipe/sse:0
[ 6237810ms] [ERROR] Failed to load resource: net::ERR_CONNECTION_REFUSED @ http://localhost:3002/__tsd/console-pipe/sse:0
[ 6240813ms] [ERROR] Failed to load resource: net::ERR_CONNECTION_REFUSED @ http://localhost:3002/__tsd/console-pipe/sse:0
[ 6243818ms] [ERROR] Failed to load resource: net::ERR_CONNECTION_REFUSED @ http://localhost:3002/__tsd/console-pipe/sse:0
[ 6244206ms] [ERROR] Failed to load resource: net::ERR_CONNECTION_REFUSED @ http://localhost:3002/api/cloud/task-notifications:0
[ 6246821ms] [ERROR] Failed to load resource: net::ERR_CONNECTION_REFUSED @ http://localhost:3002/__tsd/console-pipe/sse:0
[ 6249825ms] [ERROR] Failed to load resource: net::ERR_CONNECTION_REFUSED @ http://localhost:3002/__tsd/console-pipe/sse:0
[ 6252828ms] [ERROR] Failed to load resource: net::ERR_CONNECTION_REFUSED @ http://localhost:3002/__tsd/console-pipe/sse:0
[ 6255831ms] [ERROR] Failed to load resource: net::ERR_CONNECTION_REFUSED @ http://localhost:3002/__tsd/console-pipe/sse:0
[ 6258834ms] [ERROR] Failed to load resource: net::ERR_CONNECTION_REFUSED @ http://localhost:3002/__tsd/console-pipe/sse:0
[ 6259208ms] [ERROR] Failed to load resource: net::ERR_CONNECTION_REFUSED @ http://localhost:3002/api/cloud/task-notifications:0
[ 6261837ms] [ERROR] Failed to load resource: net::ERR_CONNECTION_REFUSED @ http://localhost:3002/__tsd/console-pipe/sse:0
[ 6264840ms] [ERROR] Failed to load resource: net::ERR_CONNECTION_REFUSED @ http://localhost:3002/__tsd/console-pipe/sse:0
[ 6267842ms] [ERROR] Failed to load resource: net::ERR_CONNECTION_REFUSED @ http://localhost:3002/__tsd/console-pipe/sse:0
[ 6270845ms] [ERROR] Failed to load resource: net::ERR_CONNECTION_REFUSED @ http://localhost:3002/__tsd/console-pipe/sse:0
[ 6273848ms] [ERROR] Failed to load resource: net::ERR_CONNECTION_REFUSED @ http://localhost:3002/__tsd/console-pipe/sse:0
[ 6274215ms] [ERROR] Failed to load resource: net::ERR_CONNECTION_REFUSED @ http://localhost:3002/api/cloud/task-notifications:0
[ 6276850ms] [ERROR] Failed to load resource: net::ERR_CONNECTION_REFUSED @ http://localhost:3002/__tsd/console-pipe/sse:0
[ 6279853ms] [ERROR] Failed to load resource: net::ERR_CONNECTION_REFUSED @ http://localhost:3002/__tsd/console-pipe/sse:0
[ 6282856ms] [ERROR] Failed to load resource: net::ERR_CONNECTION_REFUSED @ http://localhost:3002/__tsd/console-pipe/sse:0
[ 6285860ms] [ERROR] Failed to load resource: net::ERR_CONNECTION_REFUSED @ http://localhost:3002/__tsd/console-pipe/sse:0
[ 6288863ms] [ERROR] Failed to load resource: net::ERR_CONNECTION_REFUSED @ http://localhost:3002/__tsd/console-pipe/sse:0
[ 6289208ms] [ERROR] Failed to load resource: net::ERR_CONNECTION_REFUSED @ http://localhost:3002/api/cloud/task-notifications:0
[ 6291866ms] [ERROR] Failed to load resource: net::ERR_CONNECTION_REFUSED @ http://localhost:3002/__tsd/console-pipe/sse:0
[ 6294869ms] [ERROR] Failed to load resource: net::ERR_CONNECTION_REFUSED @ http://localhost:3002/__tsd/console-pipe/sse:0
[ 6297872ms] [ERROR] Failed to load resource: net::ERR_CONNECTION_REFUSED @ http://localhost:3002/__tsd/console-pipe/sse:0
[ 6300874ms] [ERROR] Failed to load resource: net::ERR_CONNECTION_REFUSED @ http://localhost:3002/__tsd/console-pipe/sse:0
[ 6303876ms] [ERROR] Failed to load resource: net::ERR_CONNECTION_REFUSED @ http://localhost:3002/__tsd/console-pipe/sse:0
[ 6304207ms] [ERROR] Failed to load resource: net::ERR_CONNECTION_REFUSED @ http://localhost:3002/api/cloud/task-notifications:0
[ 6306879ms] [ERROR] Failed to load resource: net::ERR_CONNECTION_REFUSED @ http://localhost:3002/__tsd/console-pipe/sse:0
[ 6309882ms] [ERROR] Failed to load resource: net::ERR_CONNECTION_REFUSED @ http://localhost:3002/__tsd/console-pipe/sse:0
[ 6312883ms] [ERROR] Failed to load resource: net::ERR_CONNECTION_REFUSED @ http://localhost:3002/__tsd/console-pipe/sse:0
[ 6315885ms] [ERROR] Failed to load resource: net::ERR_CONNECTION_REFUSED @ http://localhost:3002/__tsd/console-pipe/sse:0
[ 6318887ms] [ERROR] Failed to load resource: net::ERR_CONNECTION_REFUSED @ http://localhost:3002/__tsd/console-pipe/sse:0
[ 6319207ms] [ERROR] Failed to load resource: net::ERR_CONNECTION_REFUSED @ http://localhost:3002/api/cloud/task-notifications:0
[ 6321891ms] [ERROR] Failed to load resource: net::ERR_CONNECTION_REFUSED @ http://localhost:3002/__tsd/console-pipe/sse:0
[ 6324899ms] [ERROR] Failed to load resource: net::ERR_CONNECTION_REFUSED @ http://localhost:3002/__tsd/console-pipe/sse:0
[ 6327902ms] [ERROR] Failed to load resource: net::ERR_CONNECTION_REFUSED @ http://localhost:3002/__tsd/console-pipe/sse:0
[ 6330905ms] [ERROR] Failed to load resource: net::ERR_CONNECTION_REFUSED @ http://localhost:3002/__tsd/console-pipe/sse:0
[ 6333908ms] [ERROR] Failed to load resource: net::ERR_CONNECTION_REFUSED @ http://localhost:3002/__tsd/console-pipe/sse:0
[ 6334207ms] [ERROR] Failed to load resource: net::ERR_CONNECTION_REFUSED @ http://localhost:3002/api/cloud/task-notifications:0
[ 6336918ms] [ERROR] Failed to load resource: net::ERR_CONNECTION_REFUSED @ http://localhost:3002/__tsd/console-pipe/sse:0
[ 6339922ms] [ERROR] Failed to load resource: net::ERR_CONNECTION_REFUSED @ http://localhost:3002/__tsd/console-pipe/sse:0
[ 6342924ms] [ERROR] Failed to load resource: net::ERR_CONNECTION_REFUSED @ http://localhost:3002/__tsd/console-pipe/sse:0
[ 6345927ms] [ERROR] Failed to load resource: net::ERR_CONNECTION_REFUSED @ http://localhost:3002/__tsd/console-pipe/sse:0
[ 6348931ms] [ERROR] Failed to load resource: net::ERR_CONNECTION_REFUSED @ http://localhost:3002/__tsd/console-pipe/sse:0
[ 6349206ms] [ERROR] Failed to load resource: net::ERR_CONNECTION_REFUSED @ http://localhost:3002/api/cloud/task-notifications:0
[ 6351933ms] [ERROR] Failed to load resource: net::ERR_CONNECTION_REFUSED @ http://localhost:3002/__tsd/console-pipe/sse:0
[ 6354936ms] [ERROR] Failed to load resource: net::ERR_CONNECTION_REFUSED @ http://localhost:3002/__tsd/console-pipe/sse:0
[ 6357939ms] [ERROR] Failed to load resource: net::ERR_CONNECTION_REFUSED @ http://localhost:3002/__tsd/console-pipe/sse:0
[ 6360943ms] [ERROR] Failed to load resource: net::ERR_CONNECTION_REFUSED @ http://localhost:3002/__tsd/console-pipe/sse:0
[ 6363948ms] [ERROR] Failed to load resource: net::ERR_CONNECTION_REFUSED @ http://localhost:3002/__tsd/console-pipe/sse:0
[ 6364206ms] [ERROR] Failed to load resource: net::ERR_CONNECTION_REFUSED @ http://localhost:3002/api/cloud/task-notifications:0
[ 6366951ms] [ERROR] Failed to load resource: net::ERR_CONNECTION_REFUSED @ http://localhost:3002/__tsd/console-pipe/sse:0
[ 6369954ms] [ERROR] Failed to load resource: net::ERR_CONNECTION_REFUSED @ http://localhost:3002/__tsd/console-pipe/sse:0
[ 6372960ms] [ERROR] Failed to load resource: net::ERR_CONNECTION_REFUSED @ http://localhost:3002/__tsd/console-pipe/sse:0
[ 6375962ms] [ERROR] Failed to load resource: net::ERR_CONNECTION_REFUSED @ http://localhost:3002/__tsd/console-pipe/sse:0
[ 6378963ms] [ERROR] Failed to load resource: net::ERR_CONNECTION_REFUSED @ http://localhost:3002/__tsd/console-pipe/sse:0
[ 6379207ms] [ERROR] Failed to load resource: net::ERR_CONNECTION_REFUSED @ http://localhost:3002/api/cloud/task-notifications:0
[ 6381965ms] [ERROR] Failed to load resource: net::ERR_CONNECTION_REFUSED @ http://localhost:3002/__tsd/console-pipe/sse:0
[ 6384969ms] [ERROR] Failed to load resource: net::ERR_CONNECTION_REFUSED @ http://localhost:3002/__tsd/console-pipe/sse:0
[ 6387983ms] [ERROR] Failed to load resource: net::ERR_CONNECTION_REFUSED @ http://localhost:3002/__tsd/console-pipe/sse:0
[ 6390987ms] [ERROR] Failed to load resource: net::ERR_CONNECTION_REFUSED @ http://localhost:3002/__tsd/console-pipe/sse:0
[ 6393995ms] [ERROR] Failed to load resource: net::ERR_CONNECTION_REFUSED @ http://localhost:3002/__tsd/console-pipe/sse:0
[ 6394208ms] [ERROR] Failed to load resource: net::ERR_CONNECTION_REFUSED @ http://localhost:3002/api/cloud/task-notifications:0
[ 6396999ms] [ERROR] Failed to load resource: net::ERR_CONNECTION_REFUSED @ http://localhost:3002/__tsd/console-pipe/sse:0
[ 6400003ms] [ERROR] Failed to load resource: net::ERR_CONNECTION_REFUSED @ http://localhost:3002/__tsd/console-pipe/sse:0
[ 6403006ms] [ERROR] Failed to load resource: net::ERR_CONNECTION_REFUSED @ http://localhost:3002/__tsd/console-pipe/sse:0
[ 6406010ms] [ERROR] Failed to load resource: net::ERR_CONNECTION_REFUSED @ http://localhost:3002/__tsd/console-pipe/sse:0
[ 6409014ms] [ERROR] Failed to load resource: net::ERR_CONNECTION_REFUSED @ http://localhost:3002/__tsd/console-pipe/sse:0
[ 6409208ms] [ERROR] Failed to load resource: net::ERR_CONNECTION_REFUSED @ http://localhost:3002/api/cloud/task-notifications:0
[ 6412017ms] [ERROR] Failed to load resource: net::ERR_CONNECTION_REFUSED @ http://localhost:3002/__tsd/console-pipe/sse:0
[ 6415022ms] [ERROR] Failed to load resource: net::ERR_CONNECTION_REFUSED @ http://localhost:3002/__tsd/console-pipe/sse:0
[ 6418033ms] [ERROR] Failed to load resource: net::ERR_CONNECTION_REFUSED @ http://localhost:3002/__tsd/console-pipe/sse:0
[ 6421037ms] [ERROR] Failed to load resource: net::ERR_CONNECTION_REFUSED @ http://localhost:3002/__tsd/console-pipe/sse:0
[ 6424042ms] [ERROR] Failed to load resource: net::ERR_CONNECTION_REFUSED @ http://localhost:3002/__tsd/console-pipe/sse:0
[ 6424207ms] [ERROR] Failed to load resource: net::ERR_CONNECTION_REFUSED @ http://localhost:3002/api/cloud/task-notifications:0
[ 6427045ms] [ERROR] Failed to load resource: net::ERR_CONNECTION_REFUSED @ http://localhost:3002/__tsd/console-pipe/sse:0
[ 6430049ms] [ERROR] Failed to load resource: net::ERR_CONNECTION_REFUSED @ http://localhost:3002/__tsd/console-pipe/sse:0
[ 6433053ms] [ERROR] Failed to load resource: net::ERR_CONNECTION_REFUSED @ http://localhost:3002/__tsd/console-pipe/sse:0
[ 6436059ms] [ERROR] Failed to load resource: net::ERR_CONNECTION_REFUSED @ http://localhost:3002/__tsd/console-pipe/sse:0
[ 6439061ms] [ERROR] Failed to load resource: net::ERR_CONNECTION_REFUSED @ http://localhost:3002/__tsd/console-pipe/sse:0
[ 6439253ms] [ERROR] Failed to load resource: net::ERR_CONNECTION_REFUSED @ http://localhost:3002/api/cloud/task-notifications:0
[ 6442064ms] [ERROR] Failed to load resource: net::ERR_CONNECTION_REFUSED @ http://localhost:3002/__tsd/console-pipe/sse:0
[ 6445121ms] [ERROR] Failed to load resource: net::ERR_CONNECTION_REFUSED @ http://localhost:3002/__tsd/console-pipe/sse:0
[ 6448821ms] [ERROR] Failed to load resource: net::ERR_CONNECTION_REFUSED @ http://localhost:3002/__tsd/console-pipe/sse:0
[ 6451996ms] [ERROR] Failed to load resource: net::ERR_CONNECTION_REFUSED @ http://localhost:3002/__tsd/console-pipe/sse:0
[ 6454343ms] [ERROR] Failed to load resource: net::ERR_CONNECTION_REFUSED @ http://localhost:3002/api/cloud/task-notifications:0
[ 6455029ms] [ERROR] Failed to load resource: net::ERR_CONNECTION_REFUSED @ http://localhost:3002/__tsd/console-pipe/sse:0
[ 6458271ms] [ERROR] Failed to load resource: net::ERR_CONNECTION_REFUSED @ http://localhost:3002/__tsd/console-pipe/sse:0
[ 6461500ms] [ERROR] Failed to load resource: net::ERR_CONNECTION_REFUSED @ http://localhost:3002/__tsd/console-pipe/sse:0
[ 6464621ms] [ERROR] Failed to load resource: net::ERR_CONNECTION_REFUSED @ http://localhost:3002/__tsd/console-pipe/sse:0
[ 6470148ms] [ERROR] Failed to load resource: net::ERR_CONNECTION_REFUSED @ http://localhost:3002/__tsd/console-pipe/sse:0
[ 6470521ms] [ERROR] Failed to load resource: net::ERR_CONNECTION_REFUSED @ http://localhost:3002/api/cloud/task-notifications:0
[ 6473309ms] [ERROR] Failed to load resource: net::ERR_CONNECTION_REFUSED @ http://localhost:3002/__tsd/console-pipe/sse:0
[ 6476577ms] [ERROR] Failed to load resource: net::ERR_CONNECTION_REFUSED @ http://localhost:3002/__tsd/console-pipe/sse:0
[ 6479629ms] [ERROR] Failed to load resource: net::ERR_CONNECTION_REFUSED @ http://localhost:3002/__tsd/console-pipe/sse:0
[ 6482891ms] [ERROR] Failed to load resource: net::ERR_CONNECTION_REFUSED @ http://localhost:3002/__tsd/console-pipe/sse:0
[ 6484275ms] [ERROR] Failed to load resource: net::ERR_CONNECTION_REFUSED @ http://localhost:3002/api/cloud/task-notifications:0
[ 6486256ms] [ERROR] Failed to load resource: net::ERR_CONNECTION_REFUSED @ http://localhost:3002/__tsd/console-pipe/sse:0
[ 6489259ms] [ERROR] Failed to load resource: net::ERR_CONNECTION_REFUSED @ http://localhost:3002/__tsd/console-pipe/sse:0
[ 6492336ms] [ERROR] Failed to load resource: net::ERR_CONNECTION_REFUSED @ http://localhost:3002/__tsd/console-pipe/sse:0
[ 6495350ms] [ERROR] Failed to load resource: net::ERR_CONNECTION_REFUSED @ http://localhost:3002/__tsd/console-pipe/sse:0
[ 6498368ms] [ERROR] Failed to load resource: net::ERR_CONNECTION_REFUSED @ http://localhost:3002/__tsd/console-pipe/sse:0
[ 6499212ms] [ERROR] Failed to load resource: net::ERR_CONNECTION_REFUSED @ http://localhost:3002/api/cloud/task-notifications:0
[ 6501370ms] [ERROR] Failed to load resource: net::ERR_CONNECTION_REFUSED @ http://localhost:3002/__tsd/console-pipe/sse:0
[ 6504373ms] [ERROR] Failed to load resource: net::ERR_CONNECTION_REFUSED @ http://localhost:3002/__tsd/console-pipe/sse:0
[ 6507813ms] [ERROR] Failed to load resource: net::ERR_CONNECTION_REFUSED @ http://localhost:3002/__tsd/console-pipe/sse:0
[ 6510954ms] [ERROR] Failed to load resource: net::ERR_CONNECTION_REFUSED @ http://localhost:3002/__tsd/console-pipe/sse:0
[ 6515150ms] [ERROR] Failed to load resource: net::ERR_CONNECTION_REFUSED @ http://localhost:3002/__tsd/console-pipe/sse:0
[ 6515160ms] [ERROR] Failed to load resource: net::ERR_CONNECTION_REFUSED @ http://localhost:3002/api/cloud/task-notifications:0
[ 6518216ms] [ERROR] Failed to load resource: net::ERR_CONNECTION_REFUSED @ http://localhost:3002/__tsd/console-pipe/sse:0
[ 6521246ms] [ERROR] Failed to load resource: net::ERR_CONNECTION_REFUSED @ http://localhost:3002/__tsd/console-pipe/sse:0
[ 6524351ms] [ERROR] Failed to load resource: net::ERR_CONNECTION_REFUSED @ http://localhost:3002/__tsd/console-pipe/sse:0
[ 6527428ms] [ERROR] Failed to load resource: net::ERR_CONNECTION_REFUSED @ http://localhost:3002/__tsd/console-pipe/sse:0
[ 6529486ms] [ERROR] Failed to load resource: net::ERR_CONNECTION_REFUSED @ http://localhost:3002/api/cloud/task-notifications:0
[ 6530581ms] [ERROR] Failed to load resource: net::ERR_CONNECTION_REFUSED @ http://localhost:3002/__tsd/console-pipe/sse:0
[ 6533566ms] [ERROR] Failed to load resource: net::ERR_CONNECTION_REFUSED @ http://localhost:3002/__tsd/console-pipe/sse:0
[ 6536672ms] [ERROR] Failed to load resource: net::ERR_CONNECTION_REFUSED @ http://localhost:3002/__tsd/console-pipe/sse:0
[ 6539847ms] [ERROR] Failed to load resource: net::ERR_CONNECTION_REFUSED @ http://localhost:3002/__tsd/console-pipe/sse:0
[ 6543784ms] [ERROR] Failed to load resource: net::ERR_CONNECTION_REFUSED @ http://localhost:3002/__tsd/console-pipe/sse:0
[ 6544215ms] [ERROR] Failed to load resource: net::ERR_CONNECTION_REFUSED @ http://localhost:3002/api/cloud/task-notifications:0
[ 6546790ms] [ERROR] Failed to load resource: net::ERR_CONNECTION_REFUSED @ http://localhost:3002/__tsd/console-pipe/sse:0
[ 6560099ms] [ERROR] Failed to load resource: net::ERR_CONNECTION_REFUSED @ http://localhost:3002/__tsd/console-pipe/sse:0
[ 6566665ms] [ERROR] Failed to load resource: net::ERR_CONNECTION_REFUSED @ http://localhost:3002/api/cloud/task-notifications:0
[ 6568775ms] [ERROR] Failed to load resource: net::ERR_CONNECTION_REFUSED @ http://localhost:3002/__tsd/console-pipe/sse:0
[ 6571901ms] [ERROR] Failed to load resource: net::ERR_CONNECTION_REFUSED @ http://localhost:3002/__tsd/console-pipe/sse:0
[ 6574361ms] [ERROR] Failed to load resource: net::ERR_CONNECTION_REFUSED @ http://localhost:3002/api/cloud/task-notifications:0
[ 6574904ms] [ERROR] Failed to load resource: net::ERR_CONNECTION_REFUSED @ http://localhost:3002/__tsd/console-pipe/sse:0
[ 6578535ms] [ERROR] Failed to load resource: net::ERR_CONNECTION_REFUSED @ http://localhost:3002/__tsd/console-pipe/sse:0
[ 6581381ms] [ERROR] Failed to load resource: net::ERR_CONNECTION_REFUSED @ http://localhost:3002/__tsd/console-pipe/sse:0
[ 6584416ms] [ERROR] Failed to load resource: net::ERR_CONNECTION_REFUSED @ http://localhost:3002/__tsd/console-pipe/sse:0
[ 6587446ms] [ERROR] Failed to load resource: net::ERR_CONNECTION_REFUSED @ http://localhost:3002/__tsd/console-pipe/sse:0
[ 6591074ms] [ERROR] Failed to load resource: net::ERR_CONNECTION_REFUSED @ http://localhost:3002/api/cloud/task-notifications:0
[ 6594701ms] [ERROR] Failed to load resource: net::ERR_CONNECTION_REFUSED @ http://localhost:3002/__tsd/console-pipe/sse:0
[ 6608894ms] [ERROR] Failed to load resource: net::ERR_CONNECTION_REFUSED @ http://localhost:3002/__tsd/console-pipe/sse:0
[ 6608907ms] [ERROR] Failed to load resource: net::ERR_CONNECTION_REFUSED @ http://localhost:3002/api/cloud/task-notifications:0
[ 6612513ms] [ERROR] Failed to load resource: net::ERR_CONNECTION_REFUSED @ http://localhost:3002/__tsd/console-pipe/sse:0
[ 6615892ms] [ERROR] Failed to load resource: net::ERR_CONNECTION_REFUSED @ http://localhost:3002/__tsd/console-pipe/sse:0
[ 6619301ms] [ERROR] Failed to load resource: net::ERR_CONNECTION_REFUSED @ http://localhost:3002/__tsd/console-pipe/sse:0
[ 6619550ms] [ERROR] Failed to load resource: net::ERR_CONNECTION_REFUSED @ http://localhost:3002/api/cloud/task-notifications:0
[ 6627965ms] [ERROR] Failed to load resource: net::ERR_CONNECTION_REFUSED @ http://localhost:3002/__tsd/console-pipe/sse:0
[ 6631305ms] [ERROR] Failed to load resource: net::ERR_CONNECTION_REFUSED @ http://localhost:3002/__tsd/console-pipe/sse:0
[ 6635193ms] [ERROR] Failed to load resource: net::ERR_CONNECTION_REFUSED @ http://localhost:3002/api/cloud/task-notifications:0
[ 6635198ms] [ERROR] Failed to load resource: net::ERR_CONNECTION_REFUSED @ http://localhost:3002/__tsd/console-pipe/sse:0
[ 6639176ms] [ERROR] Failed to load resource: net::ERR_CONNECTION_REFUSED @ http://localhost:3002/__tsd/console-pipe/sse:0
[ 6642385ms] [ERROR] Failed to load resource: net::ERR_CONNECTION_REFUSED @ http://localhost:3002/__tsd/console-pipe/sse:0
[ 6645392ms] [ERROR] Failed to load resource: net::ERR_CONNECTION_REFUSED @ http://localhost:3002/__tsd/console-pipe/sse:0
[ 6648423ms] [ERROR] Failed to load resource: net::ERR_CONNECTION_REFUSED @ http://localhost:3002/__tsd/console-pipe/sse:0
[ 6649209ms] [ERROR] Failed to load resource: net::ERR_CONNECTION_REFUSED @ http://localhost:3002/api/cloud/task-notifications:0
[ 6651399ms] [ERROR] Failed to load resource: net::ERR_CONNECTION_REFUSED @ http://localhost:3002/__tsd/console-pipe/sse:0
[ 6654410ms] [ERROR] Failed to load resource: net::ERR_CONNECTION_REFUSED @ http://localhost:3002/__tsd/console-pipe/sse:0
[ 6657415ms] [ERROR] Failed to load resource: net::ERR_CONNECTION_REFUSED @ http://localhost:3002/__tsd/console-pipe/sse:0
[ 6660419ms] [ERROR] Failed to load resource: net::ERR_CONNECTION_REFUSED @ http://localhost:3002/__tsd/console-pipe/sse:0
[ 6663421ms] [ERROR] Failed to load resource: net::ERR_CONNECTION_REFUSED @ http://localhost:3002/__tsd/console-pipe/sse:0
[ 6664209ms] [ERROR] Failed to load resource: net::ERR_CONNECTION_REFUSED @ http://localhost:3002/api/cloud/task-notifications:0
[ 6666424ms] [ERROR] Failed to load resource: net::ERR_CONNECTION_REFUSED @ http://localhost:3002/__tsd/console-pipe/sse:0
[ 6669428ms] [ERROR] Failed to load resource: net::ERR_CONNECTION_REFUSED @ http://localhost:3002/__tsd/console-pipe/sse:0
[ 6672434ms] [ERROR] Failed to load resource: net::ERR_CONNECTION_REFUSED @ http://localhost:3002/__tsd/console-pipe/sse:0
[ 6675437ms] [ERROR] Failed to load resource: net::ERR_CONNECTION_REFUSED @ http://localhost:3002/__tsd/console-pipe/sse:0
[ 6678443ms] [ERROR] Failed to load resource: net::ERR_CONNECTION_REFUSED @ http://localhost:3002/__tsd/console-pipe/sse:0
[ 6679209ms] [ERROR] Failed to load resource: net::ERR_CONNECTION_REFUSED @ http://localhost:3002/api/cloud/task-notifications:0
[ 6681446ms] [ERROR] Failed to load resource: net::ERR_CONNECTION_REFUSED @ http://localhost:3002/__tsd/console-pipe/sse:0
[ 6684450ms] [ERROR] Failed to load resource: net::ERR_CONNECTION_REFUSED @ http://localhost:3002/__tsd/console-pipe/sse:0
[ 6687452ms] [ERROR] Failed to load resource: net::ERR_CONNECTION_REFUSED @ http://localhost:3002/__tsd/console-pipe/sse:0
[ 6690455ms] [ERROR] Failed to load resource: net::ERR_CONNECTION_REFUSED @ http://localhost:3002/__tsd/console-pipe/sse:0
[ 6693459ms] [ERROR] Failed to load resource: net::ERR_CONNECTION_REFUSED @ http://localhost:3002/__tsd/console-pipe/sse:0
[ 6694211ms] [ERROR] Failed to load resource: net::ERR_CONNECTION_REFUSED @ http://localhost:3002/api/cloud/task-notifications:0
[ 6696464ms] [ERROR] Failed to load resource: net::ERR_CONNECTION_REFUSED @ http://localhost:3002/__tsd/console-pipe/sse:0
[ 6699469ms] [ERROR] Failed to load resource: net::ERR_CONNECTION_REFUSED @ http://localhost:3002/__tsd/console-pipe/sse:0
[ 6702474ms] [ERROR] Failed to load resource: net::ERR_CONNECTION_REFUSED @ http://localhost:3002/__tsd/console-pipe/sse:0
[ 6705487ms] [ERROR] Failed to load resource: net::ERR_CONNECTION_REFUSED @ http://localhost:3002/__tsd/console-pipe/sse:0
[ 6708492ms] [ERROR] Failed to load resource: net::ERR_CONNECTION_REFUSED @ http://localhost:3002/__tsd/console-pipe/sse:0
[ 6709216ms] [ERROR] Failed to load resource: net::ERR_CONNECTION_REFUSED @ http://localhost:3002/api/cloud/task-notifications:0
[ 6711498ms] [ERROR] Failed to load resource: net::ERR_CONNECTION_REFUSED @ http://localhost:3002/__tsd/console-pipe/sse:0
[ 6714501ms] [ERROR] Failed to load resource: net::ERR_CONNECTION_REFUSED @ http://localhost:3002/__tsd/console-pipe/sse:0
[ 6717504ms] [ERROR] Failed to load resource: net::ERR_CONNECTION_REFUSED @ http://localhost:3002/__tsd/console-pipe/sse:0
[ 6720508ms] [ERROR] Failed to load resource: net::ERR_CONNECTION_REFUSED @ http://localhost:3002/__tsd/console-pipe/sse:0
[ 6723916ms] [ERROR] Failed to load resource: net::ERR_CONNECTION_REFUSED @ http://localhost:3002/__tsd/console-pipe/sse:0
[ 6724211ms] [ERROR] Failed to load resource: net::ERR_CONNECTION_REFUSED @ http://localhost:3002/api/cloud/task-notifications:0
[ 6726923ms] [ERROR] Failed to load resource: net::ERR_CONNECTION_REFUSED @ http://localhost:3002/__tsd/console-pipe/sse:0
[ 6729967ms] [ERROR] Failed to load resource: net::ERR_CONNECTION_REFUSED @ http://localhost:3002/__tsd/console-pipe/sse:0
[ 6733993ms] [ERROR] Failed to load resource: net::ERR_CONNECTION_REFUSED @ http://localhost:3002/__tsd/console-pipe/sse:0
[ 6737043ms] [ERROR] Failed to load resource: net::ERR_CONNECTION_REFUSED @ http://localhost:3002/__tsd/console-pipe/sse:0
[ 6744791ms] [ERROR] Failed to load resource: net::ERR_CONNECTION_REFUSED @ http://localhost:3002/api/cloud/task-notifications:0
[ 6745375ms] [ERROR] Failed to load resource: net::ERR_CONNECTION_REFUSED @ http://localhost:3002/__tsd/console-pipe/sse:0
[ 6780085ms] [ERROR] Failed to load resource: net::ERR_CONNECTION_REFUSED @ http://localhost:3002/__tsd/console-pipe/sse:0
[ 6782651ms] [ERROR] Failed to load resource: net::ERR_CONNECTION_REFUSED @ http://localhost:3002/api/cloud/task-notifications:0
[ 6797397ms] [ERROR] Failed to load resource: net::ERR_CONNECTION_REFUSED @ http://localhost:3002/__tsd/console-pipe/sse:0
[ 6797403ms] [ERROR] Failed to load resource: net::ERR_CONNECTION_REFUSED @ http://localhost:3002/api/cloud/task-notifications:0
[ 6807519ms] [ERROR] Failed to load resource: net::ERR_CONNECTION_REFUSED @ http://localhost:3002/api/cloud/task-notifications:0
[ 6807523ms] [ERROR] Failed to load resource: net::ERR_CONNECTION_REFUSED @ http://localhost:3002/__tsd/console-pipe/sse:0
[ 6811423ms] [ERROR] Failed to load resource: net::ERR_CONNECTION_REFUSED @ http://localhost:3002/__tsd/console-pipe/sse:0
[ 6816001ms] [ERROR] Failed to load resource: net::ERR_CONNECTION_REFUSED @ http://localhost:3002/__tsd/console-pipe/sse:0
[ 6816010ms] [ERROR] Failed to load resource: net::ERR_CONNECTION_REFUSED @ http://localhost:3002/api/cloud/task-notifications:0
[ 6827702ms] [ERROR] Failed to load resource: net::ERR_CONNECTION_REFUSED @ http://localhost:3002/__tsd/console-pipe/sse:0
[ 6869204ms] [ERROR] Failed to load resource: net::ERR_CONNECTION_REFUSED @ http://localhost:3002/__tsd/console-pipe/sse:0
[ 6917104ms] [ERROR] Failed to load resource: net::ERR_CONNECTION_REFUSED @ http://localhost:3002/api/cloud/task-notifications:0
[ 6917112ms] [ERROR] Failed to load resource: net::ERR_CONNECTION_REFUSED @ http://localhost:3002/api/cloud/task-notifications:0
[ 6917113ms] [ERROR] Failed to load resource: net::ERR_CONNECTION_REFUSED @ http://localhost:3002/__tsd/console-pipe/sse:0
[ 6923900ms] [ERROR] Failed to load resource: net::ERR_CONNECTION_REFUSED @ http://localhost:3002/api/cloud/task-notifications:0
[ 6923902ms] [ERROR] Failed to load resource: net::ERR_CONNECTION_REFUSED @ http://localhost:3002/__tsd/console-pipe/sse:0
[ 6929200ms] [ERROR] Failed to load resource: net::ERR_CONNECTION_REFUSED @ http://localhost:3002/__tsd/console-pipe/sse:0
[ 6989206ms] [ERROR] Failed to load resource: net::ERR_CONNECTION_REFUSED @ http://localhost:3002/__tsd/console-pipe/sse:0
[ 7049449ms] [ERROR] Failed to load resource: net::ERR_CONNECTION_REFUSED @ http://localhost:3002/api/cloud/task-notifications:0
[ 7049505ms] [ERROR] Failed to load resource: net::ERR_CONNECTION_REFUSED @ http://localhost:3002/__tsd/console-pipe/sse:0
[ 7049986ms] [ERROR] Failed to load resource: net::ERR_CONNECTION_REFUSED @ http://localhost:3002/api/cloud/task-notifications:0
[ 7056290ms] [ERROR] Failed to load resource: net::ERR_CONNECTION_REFUSED @ http://localhost:3002/__tsd/console-pipe/sse:0
[ 7056574ms] [ERROR] Failed to load resource: net::ERR_CONNECTION_REFUSED @ http://localhost:3002/api/cloud/task-notifications:0
[ 7060051ms] [ERROR] Failed to load resource: net::ERR_CONNECTION_REFUSED @ http://localhost:3002/__tsd/console-pipe/sse:0
[ 7064042ms] [ERROR] Failed to load resource: net::ERR_CONNECTION_REFUSED @ http://localhost:3002/__tsd/console-pipe/sse:0
[ 7109441ms] [ERROR] Failed to load resource: net::ERR_CONNECTION_REFUSED @ http://localhost:3002/__tsd/console-pipe/sse:0
[ 7109441ms] [ERROR] Failed to load resource: net::ERR_CONNECTION_REFUSED @ http://localhost:3002/api/cloud/task-notifications:0
[ 7117368ms] [ERROR] Failed to load resource: net::ERR_CONNECTION_REFUSED @ http://localhost:3002/__tsd/console-pipe/sse:0
[ 7118052ms] [ERROR] Failed to load resource: net::ERR_CONNECTION_REFUSED @ http://localhost:3002/api/cloud/task-notifications:0
[ 7126052ms] [ERROR] Failed to load resource: net::ERR_CONNECTION_REFUSED @ http://localhost:3002/__tsd/console-pipe/sse:0
[ 7132434ms] [ERROR] Failed to load resource: net::ERR_CONNECTION_REFUSED @ http://localhost:3002/__tsd/console-pipe/sse:0
[ 7132966ms] [ERROR] Failed to load resource: net::ERR_CONNECTION_REFUSED @ http://localhost:3002/api/cloud/task-notifications:0
[ 7136451ms] [ERROR] Failed to load resource: net::ERR_CONNECTION_REFUSED @ http://localhost:3002/__tsd/console-pipe/sse:0
[ 7140142ms] [ERROR] Failed to load resource: net::ERR_CONNECTION_REFUSED @ http://localhost:3002/__tsd/console-pipe/sse:0
[ 7143362ms] [ERROR] Failed to load resource: net::ERR_CONNECTION_REFUSED @ http://localhost:3002/__tsd/console-pipe/sse:0
[ 7144509ms] [ERROR] Failed to load resource: net::ERR_CONNECTION_REFUSED @ http://localhost:3002/api/cloud/task-notifications:0
[ 7147614ms] [ERROR] Failed to load resource: net::ERR_CONNECTION_REFUSED @ http://localhost:3002/__tsd/console-pipe/sse:0
[ 7151036ms] [ERROR] Failed to load resource: net::ERR_CONNECTION_REFUSED @ http://localhost:3002/__tsd/console-pipe/sse:0
[ 7154324ms] [ERROR] Failed to load resource: net::ERR_CONNECTION_REFUSED @ http://localhost:3002/__tsd/console-pipe/sse:0
[ 7158801ms] [ERROR] Failed to load resource: net::ERR_CONNECTION_REFUSED @ http://localhost:3002/__tsd/console-pipe/sse:0
[ 7164528ms] [ERROR] Failed to load resource: net::ERR_CONNECTION_REFUSED @ http://localhost:3002/api/cloud/task-notifications:0
[ 7165829ms] [ERROR] Failed to load resource: net::ERR_CONNECTION_REFUSED @ http://localhost:3002/__tsd/console-pipe/sse:0
[ 7169180ms] [ERROR] Failed to load resource: net::ERR_CONNECTION_REFUSED @ http://localhost:3002/__tsd/console-pipe/sse:0
[ 7172808ms] [ERROR] Failed to load resource: net::ERR_CONNECTION_REFUSED @ http://localhost:3002/__tsd/console-pipe/sse:0
[ 7175263ms] [ERROR] Failed to load resource: net::ERR_CONNECTION_REFUSED @ http://localhost:3002/api/cloud/task-notifications:0
[ 7182099ms] [ERROR] Failed to load resource: net::ERR_CONNECTION_REFUSED @ http://localhost:3002/__tsd/console-pipe/sse:0
[ 7185122ms] [ERROR] Failed to load resource: net::ERR_CONNECTION_REFUSED @ http://localhost:3002/__tsd/console-pipe/sse:0
[ 7188879ms] [ERROR] Failed to load resource: net::ERR_CONNECTION_REFUSED @ http://localhost:3002/__tsd/console-pipe/sse:0
[ 7189803ms] [ERROR] Failed to load resource: net::ERR_CONNECTION_REFUSED @ http://localhost:3002/api/cloud/task-notifications:0
[ 7191934ms] [ERROR] Failed to load resource: net::ERR_CONNECTION_REFUSED @ http://localhost:3002/__tsd/console-pipe/sse:0
[ 7195763ms] [ERROR] Failed to load resource: net::ERR_CONNECTION_REFUSED @ http://localhost:3002/__tsd/console-pipe/sse:0
[ 7199239ms] [ERROR] Failed to load resource: net::ERR_CONNECTION_REFUSED @ http://localhost:3002/__tsd/console-pipe/sse:0
[ 7202627ms] [ERROR] Failed to load resource: net::ERR_CONNECTION_REFUSED @ http://localhost:3002/__tsd/console-pipe/sse:0
[ 7205569ms] [ERROR] Failed to load resource: net::ERR_CONNECTION_REFUSED @ http://localhost:3002/api/cloud/task-notifications:0
[ 7206241ms] [ERROR] Failed to load resource: net::ERR_CONNECTION_REFUSED @ http://localhost:3002/__tsd/console-pipe/sse:0
[ 7210320ms] [ERROR] Failed to load resource: net::ERR_CONNECTION_REFUSED @ http://localhost:3002/__tsd/console-pipe/sse:0
[ 7213607ms] [ERROR] Failed to load resource: net::ERR_CONNECTION_REFUSED @ http://localhost:3002/__tsd/console-pipe/sse:0
[ 7218875ms] [ERROR] Failed to load resource: net::ERR_CONNECTION_REFUSED @ http://localhost:3002/__tsd/console-pipe/sse:0
[ 7220998ms] [ERROR] Failed to load resource: net::ERR_CONNECTION_REFUSED @ http://localhost:3002/api/cloud/task-notifications:0
[ 7221915ms] [ERROR] Failed to load resource: net::ERR_CONNECTION_REFUSED @ http://localhost:3002/__tsd/console-pipe/sse:0
[ 7228349ms] [ERROR] Failed to load resource: net::ERR_CONNECTION_REFUSED @ http://localhost:3002/__tsd/console-pipe/sse:0
[ 7232014ms] [ERROR] Failed to load resource: net::ERR_CONNECTION_REFUSED @ http://localhost:3002/__tsd/console-pipe/sse:0
[ 7236292ms] [ERROR] Failed to load resource: net::ERR_CONNECTION_REFUSED @ http://localhost:3002/api/cloud/task-notifications:0
[ 7237282ms] [ERROR] Failed to load resource: net::ERR_CONNECTION_REFUSED @ http://localhost:3002/__tsd/console-pipe/sse:0
[ 7240331ms] [ERROR] Failed to load resource: net::ERR_CONNECTION_REFUSED @ http://localhost:3002/__tsd/console-pipe/sse:0
[ 7243812ms] [ERROR] Failed to load resource: net::ERR_CONNECTION_REFUSED @ http://localhost:3002/__tsd/console-pipe/sse:0
[ 7247975ms] [ERROR] Failed to load resource: net::ERR_CONNECTION_REFUSED @ http://localhost:3002/__tsd/console-pipe/sse:0
[ 7249746ms] [ERROR] Failed to load resource: net::ERR_CONNECTION_REFUSED @ http://localhost:3002/api/cloud/task-notifications:0
[ 7250986ms] [ERROR] Failed to load resource: net::ERR_CONNECTION_REFUSED @ http://localhost:3002/__tsd/console-pipe/sse:0
[ 7254585ms] [ERROR] Failed to load resource: net::ERR_CONNECTION_REFUSED @ http://localhost:3002/__tsd/console-pipe/sse:0
[ 7257659ms] [ERROR] Failed to load resource: net::ERR_CONNECTION_REFUSED @ http://localhost:3002/__tsd/console-pipe/sse:0
[ 7260930ms] [ERROR] Failed to load resource: net::ERR_CONNECTION_REFUSED @ http://localhost:3002/__tsd/console-pipe/sse:0
[ 7263937ms] [ERROR] Failed to load resource: net::ERR_CONNECTION_REFUSED @ http://localhost:3002/__tsd/console-pipe/sse:0
[ 7264222ms] [ERROR] Failed to load resource: net::ERR_CONNECTION_REFUSED @ http://localhost:3002/api/cloud/task-notifications:0
[ 7268615ms] [ERROR] Failed to load resource: net::ERR_CONNECTION_REFUSED @ http://localhost:3002/__tsd/console-pipe/sse:0
[ 7271620ms] [ERROR] Failed to load resource: net::ERR_CONNECTION_REFUSED @ http://localhost:3002/__tsd/console-pipe/sse:0
[ 7274623ms] [ERROR] Failed to load resource: net::ERR_CONNECTION_REFUSED @ http://localhost:3002/__tsd/console-pipe/sse:0
[ 7277636ms] [ERROR] Failed to load resource: net::ERR_CONNECTION_REFUSED @ http://localhost:3002/__tsd/console-pipe/sse:0
[ 7279315ms] [ERROR] Failed to load resource: net::ERR_CONNECTION_REFUSED @ http://localhost:3002/api/cloud/task-notifications:0
[ 7281390ms] [ERROR] Failed to load resource: net::ERR_CONNECTION_REFUSED @ http://localhost:3002/__tsd/console-pipe/sse:0
[ 7285446ms] [ERROR] Failed to load resource: net::ERR_CONNECTION_REFUSED @ http://localhost:3002/__tsd/console-pipe/sse:0
[ 7289425ms] [ERROR] Failed to load resource: net::ERR_CONNECTION_REFUSED @ http://localhost:3002/__tsd/console-pipe/sse:0
[ 7292667ms] [ERROR] Failed to load resource: net::ERR_CONNECTION_REFUSED @ http://localhost:3002/__tsd/console-pipe/sse:0
[ 7294244ms] [ERROR] Failed to load resource: net::ERR_CONNECTION_REFUSED @ http://localhost:3002/api/cloud/task-notifications:0
[ 7295673ms] [ERROR] Failed to load resource: net::ERR_CONNECTION_REFUSED @ http://localhost:3002/__tsd/console-pipe/sse:0
[ 7298952ms] [ERROR] Failed to load resource: net::ERR_CONNECTION_REFUSED @ http://localhost:3002/__tsd/console-pipe/sse:0
[ 7302078ms] [ERROR] Failed to load resource: net::ERR_CONNECTION_REFUSED @ http://localhost:3002/__tsd/console-pipe/sse:0
[ 7305123ms] [ERROR] Failed to load resource: net::ERR_CONNECTION_REFUSED @ http://localhost:3002/__tsd/console-pipe/sse:0
[ 7309135ms] [ERROR] Failed to load resource: net::ERR_CONNECTION_REFUSED @ http://localhost:3002/__tsd/console-pipe/sse:0
[ 7309985ms] [ERROR] Failed to load resource: net::ERR_CONNECTION_REFUSED @ http://localhost:3002/api/cloud/task-notifications:0
[ 7312126ms] [ERROR] Failed to load resource: net::ERR_CONNECTION_REFUSED @ http://localhost:3002/__tsd/console-pipe/sse:0
[ 7315130ms] [ERROR] Failed to load resource: net::ERR_CONNECTION_REFUSED @ http://localhost:3002/__tsd/console-pipe/sse:0
[ 7318133ms] [ERROR] Failed to load resource: net::ERR_CONNECTION_REFUSED @ http://localhost:3002/__tsd/console-pipe/sse:0
[ 7321136ms] [ERROR] Failed to load resource: net::ERR_CONNECTION_REFUSED @ http://localhost:3002/__tsd/console-pipe/sse:0
[ 7324138ms] [ERROR] Failed to load resource: net::ERR_CONNECTION_REFUSED @ http://localhost:3002/__tsd/console-pipe/sse:0
[ 7324216ms] [ERROR] Failed to load resource: net::ERR_CONNECTION_REFUSED @ http://localhost:3002/api/cloud/task-notifications:0
[ 7327141ms] [ERROR] Failed to load resource: net::ERR_CONNECTION_REFUSED @ http://localhost:3002/__tsd/console-pipe/sse:0
[ 7330144ms] [ERROR] Failed to load resource: net::ERR_CONNECTION_REFUSED @ http://localhost:3002/__tsd/console-pipe/sse:0
[ 7333146ms] [ERROR] Failed to load resource: net::ERR_CONNECTION_REFUSED @ http://localhost:3002/__tsd/console-pipe/sse:0
[ 7336149ms] [ERROR] Failed to load resource: net::ERR_CONNECTION_REFUSED @ http://localhost:3002/__tsd/console-pipe/sse:0
[ 7339153ms] [ERROR] Failed to load resource: net::ERR_CONNECTION_REFUSED @ http://localhost:3002/__tsd/console-pipe/sse:0
[ 7339224ms] [ERROR] Failed to load resource: net::ERR_CONNECTION_REFUSED @ http://localhost:3002/api/cloud/task-notifications:0
[ 7342156ms] [ERROR] Failed to load resource: net::ERR_CONNECTION_REFUSED @ http://localhost:3002/__tsd/console-pipe/sse:0
[ 7345158ms] [ERROR] Failed to load resource: net::ERR_CONNECTION_REFUSED @ http://localhost:3002/__tsd/console-pipe/sse:0
[ 7348161ms] [ERROR] Failed to load resource: net::ERR_CONNECTION_REFUSED @ http://localhost:3002/__tsd/console-pipe/sse:0
[ 7351164ms] [ERROR] Failed to load resource: net::ERR_CONNECTION_REFUSED @ http://localhost:3002/__tsd/console-pipe/sse:0
[ 7354165ms] [ERROR] Failed to load resource: net::ERR_CONNECTION_REFUSED @ http://localhost:3002/__tsd/console-pipe/sse:0
[ 7354217ms] [ERROR] Failed to load resource: net::ERR_CONNECTION_REFUSED @ http://localhost:3002/api/cloud/task-notifications:0
[ 7357169ms] [ERROR] Failed to load resource: net::ERR_CONNECTION_REFUSED @ http://localhost:3002/__tsd/console-pipe/sse:0
[ 7360170ms] [ERROR] Failed to load resource: net::ERR_CONNECTION_REFUSED @ http://localhost:3002/__tsd/console-pipe/sse:0
[ 7363172ms] [ERROR] Failed to load resource: net::ERR_CONNECTION_REFUSED @ http://localhost:3002/__tsd/console-pipe/sse:0
[ 7366174ms] [ERROR] Failed to load resource: net::ERR_CONNECTION_REFUSED @ http://localhost:3002/__tsd/console-pipe/sse:0
[ 7369175ms] [ERROR] Failed to load resource: net::ERR_CONNECTION_REFUSED @ http://localhost:3002/__tsd/console-pipe/sse:0
[ 7369309ms] [ERROR] Failed to load resource: net::ERR_CONNECTION_REFUSED @ http://localhost:3002/api/cloud/task-notifications:0
[ 7372178ms] [ERROR] Failed to load resource: net::ERR_CONNECTION_REFUSED @ http://localhost:3002/__tsd/console-pipe/sse:0
[ 7375180ms] [ERROR] Failed to load resource: net::ERR_CONNECTION_REFUSED @ http://localhost:3002/__tsd/console-pipe/sse:0
[ 7378182ms] [ERROR] Failed to load resource: net::ERR_CONNECTION_REFUSED @ http://localhost:3002/__tsd/console-pipe/sse:0
[ 7381185ms] [ERROR] Failed to load resource: net::ERR_CONNECTION_REFUSED @ http://localhost:3002/__tsd/console-pipe/sse:0
[ 7384188ms] [ERROR] Failed to load resource: net::ERR_CONNECTION_REFUSED @ http://localhost:3002/__tsd/console-pipe/sse:0
[ 7384217ms] [ERROR] Failed to load resource: net::ERR_CONNECTION_REFUSED @ http://localhost:3002/api/cloud/task-notifications:0
[ 7387190ms] [ERROR] Failed to load resource: net::ERR_CONNECTION_REFUSED @ http://localhost:3002/__tsd/console-pipe/sse:0
[ 7390192ms] [ERROR] Failed to load resource: net::ERR_CONNECTION_REFUSED @ http://localhost:3002/__tsd/console-pipe/sse:0
[ 7393194ms] [ERROR] Failed to load resource: net::ERR_CONNECTION_REFUSED @ http://localhost:3002/__tsd/console-pipe/sse:0
[ 7396196ms] [ERROR] Failed to load resource: net::ERR_CONNECTION_REFUSED @ http://localhost:3002/__tsd/console-pipe/sse:0
[ 7399208ms] [ERROR] Failed to load resource: net::ERR_CONNECTION_REFUSED @ http://localhost:3002/__tsd/console-pipe/sse:0
[ 7399219ms] [ERROR] Failed to load resource: net::ERR_CONNECTION_REFUSED @ http://localhost:3002/api/cloud/task-notifications:0
[ 7402211ms] [ERROR] Failed to load resource: net::ERR_CONNECTION_REFUSED @ http://localhost:3002/__tsd/console-pipe/sse:0
[ 7405213ms] [ERROR] Failed to load resource: net::ERR_CONNECTION_REFUSED @ http://localhost:3002/__tsd/console-pipe/sse:0
[ 7408265ms] [ERROR] Failed to load resource: net::ERR_CONNECTION_REFUSED @ http://localhost:3002/__tsd/console-pipe/sse:0
[ 7411216ms] [ERROR] Failed to load resource: net::ERR_CONNECTION_REFUSED @ http://localhost:3002/__tsd/console-pipe/sse:0
[ 7414289ms] [ERROR] Failed to load resource: net::ERR_CONNECTION_REFUSED @ http://localhost:3002/api/cloud/task-notifications:0
[ 7414306ms] [ERROR] Failed to load resource: net::ERR_CONNECTION_REFUSED @ http://localhost:3002/__tsd/console-pipe/sse:0
[ 7417292ms] [ERROR] Failed to load resource: net::ERR_CONNECTION_REFUSED @ http://localhost:3002/__tsd/console-pipe/sse:0
[ 7420294ms] [ERROR] Failed to load resource: net::ERR_CONNECTION_REFUSED @ http://localhost:3002/__tsd/console-pipe/sse:0
[ 7423295ms] [ERROR] Failed to load resource: net::ERR_CONNECTION_REFUSED @ http://localhost:3002/__tsd/console-pipe/sse:0
[ 7426298ms] [ERROR] Failed to load resource: net::ERR_CONNECTION_REFUSED @ http://localhost:3002/__tsd/console-pipe/sse:0
[ 7429221ms] [ERROR] Failed to load resource: net::ERR_CONNECTION_REFUSED @ http://localhost:3002/api/cloud/task-notifications:0
[ 7429304ms] [ERROR] Failed to load resource: net::ERR_CONNECTION_REFUSED @ http://localhost:3002/__tsd/console-pipe/sse:0
[ 7432305ms] [ERROR] Failed to load resource: net::ERR_CONNECTION_REFUSED @ http://localhost:3002/__tsd/console-pipe/sse:0
[ 7435347ms] [ERROR] Failed to load resource: net::ERR_CONNECTION_REFUSED @ http://localhost:3002/__tsd/console-pipe/sse:0
[ 7438350ms] [ERROR] Failed to load resource: net::ERR_CONNECTION_REFUSED @ http://localhost:3002/__tsd/console-pipe/sse:0
[ 7441352ms] [ERROR] Failed to load resource: net::ERR_CONNECTION_REFUSED @ http://localhost:3002/__tsd/console-pipe/sse:0
[ 7444219ms] [ERROR] Failed to load resource: net::ERR_CONNECTION_REFUSED @ http://localhost:3002/api/cloud/task-notifications:0
[ 7444355ms] [ERROR] Failed to load resource: net::ERR_CONNECTION_REFUSED @ http://localhost:3002/__tsd/console-pipe/sse:0
[ 7447358ms] [ERROR] Failed to load resource: net::ERR_CONNECTION_REFUSED @ http://localhost:3002/__tsd/console-pipe/sse:0
[ 7450360ms] [ERROR] Failed to load resource: net::ERR_CONNECTION_REFUSED @ http://localhost:3002/__tsd/console-pipe/sse:0
[ 7453362ms] [ERROR] Failed to load resource: net::ERR_CONNECTION_REFUSED @ http://localhost:3002/__tsd/console-pipe/sse:0
[ 7456364ms] [ERROR] Failed to load resource: net::ERR_CONNECTION_REFUSED @ http://localhost:3002/__tsd/console-pipe/sse:0
[ 7459255ms] [ERROR] Failed to load resource: net::ERR_CONNECTION_REFUSED @ http://localhost:3002/api/cloud/task-notifications:0
[ 7459366ms] [ERROR] Failed to load resource: net::ERR_CONNECTION_REFUSED @ http://localhost:3002/__tsd/console-pipe/sse:0
[ 7462369ms] [ERROR] Failed to load resource: net::ERR_CONNECTION_REFUSED @ http://localhost:3002/__tsd/console-pipe/sse:0
[ 7465371ms] [ERROR] Failed to load resource: net::ERR_CONNECTION_REFUSED @ http://localhost:3002/__tsd/console-pipe/sse:0
[ 7468374ms] [ERROR] Failed to load resource: net::ERR_CONNECTION_REFUSED @ http://localhost:3002/__tsd/console-pipe/sse:0
[ 7471376ms] [ERROR] Failed to load resource: net::ERR_CONNECTION_REFUSED @ http://localhost:3002/__tsd/console-pipe/sse:0
[ 7474218ms] [ERROR] Failed to load resource: net::ERR_CONNECTION_REFUSED @ http://localhost:3002/api/cloud/task-notifications:0
[ 7474430ms] [ERROR] Failed to load resource: net::ERR_CONNECTION_REFUSED @ http://localhost:3002/__tsd/console-pipe/sse:0
[ 7477380ms] [ERROR] Failed to load resource: net::ERR_CONNECTION_REFUSED @ http://localhost:3002/__tsd/console-pipe/sse:0
[ 7480383ms] [ERROR] Failed to load resource: net::ERR_CONNECTION_REFUSED @ http://localhost:3002/__tsd/console-pipe/sse:0
[ 7483385ms] [ERROR] Failed to load resource: net::ERR_CONNECTION_REFUSED @ http://localhost:3002/__tsd/console-pipe/sse:0
[ 7486440ms] [ERROR] Failed to load resource: net::ERR_CONNECTION_REFUSED @ http://localhost:3002/__tsd/console-pipe/sse:0
[ 7489217ms] [ERROR] Failed to load resource: net::ERR_CONNECTION_REFUSED @ http://localhost:3002/api/cloud/task-notifications:0
[ 7489443ms] [ERROR] Failed to load resource: net::ERR_CONNECTION_REFUSED @ http://localhost:3002/__tsd/console-pipe/sse:0
[ 7492446ms] [ERROR] Failed to load resource: net::ERR_CONNECTION_REFUSED @ http://localhost:3002/__tsd/console-pipe/sse:0
[ 7495449ms] [ERROR] Failed to load resource: net::ERR_CONNECTION_REFUSED @ http://localhost:3002/__tsd/console-pipe/sse:0
[ 7498451ms] [ERROR] Failed to load resource: net::ERR_CONNECTION_REFUSED @ http://localhost:3002/__tsd/console-pipe/sse:0
[ 7501466ms] [ERROR] Failed to load resource: net::ERR_CONNECTION_REFUSED @ http://localhost:3002/__tsd/console-pipe/sse:0
[ 7504262ms] [ERROR] Failed to load resource: net::ERR_CONNECTION_REFUSED @ http://localhost:3002/api/cloud/task-notifications:0
[ 7504471ms] [ERROR] Failed to load resource: net::ERR_CONNECTION_REFUSED @ http://localhost:3002/__tsd/console-pipe/sse:0
[ 7507488ms] [ERROR] Failed to load resource: net::ERR_CONNECTION_REFUSED @ http://localhost:3002/__tsd/console-pipe/sse:0
[ 7510497ms] [ERROR] Failed to load resource: net::ERR_CONNECTION_REFUSED @ http://localhost:3002/__tsd/console-pipe/sse:0
[ 7513889ms] [ERROR] Failed to load resource: net::ERR_CONNECTION_REFUSED @ http://localhost:3002/__tsd/console-pipe/sse:0
[ 7516890ms] [ERROR] Failed to load resource: net::ERR_CONNECTION_REFUSED @ http://localhost:3002/__tsd/console-pipe/sse:0
[ 7519224ms] [ERROR] Failed to load resource: net::ERR_CONNECTION_REFUSED @ http://localhost:3002/api/cloud/task-notifications:0
[ 7519938ms] [ERROR] Failed to load resource: net::ERR_CONNECTION_REFUSED @ http://localhost:3002/__tsd/console-pipe/sse:0
[ 7522943ms] [ERROR] Failed to load resource: net::ERR_CONNECTION_REFUSED @ http://localhost:3002/__tsd/console-pipe/sse:0
[ 7526435ms] [ERROR] Failed to load resource: net::ERR_CONNECTION_REFUSED @ http://localhost:3002/__tsd/console-pipe/sse:0
[ 7529920ms] [ERROR] Failed to load resource: net::ERR_CONNECTION_REFUSED @ http://localhost:3002/__tsd/console-pipe/sse:0
[ 7532921ms] [ERROR] Failed to load resource: net::ERR_CONNECTION_REFUSED @ http://localhost:3002/__tsd/console-pipe/sse:0
[ 7534601ms] [ERROR] Failed to load resource: net::ERR_CONNECTION_REFUSED @ http://localhost:3002/api/cloud/task-notifications:0
[ 7535924ms] [ERROR] Failed to load resource: net::ERR_CONNECTION_REFUSED @ http://localhost:3002/__tsd/console-pipe/sse:0
[ 7539033ms] [ERROR] Failed to load resource: net::ERR_CONNECTION_REFUSED @ http://localhost:3002/__tsd/console-pipe/sse:0
[ 7542127ms] [ERROR] Failed to load resource: net::ERR_CONNECTION_REFUSED @ http://localhost:3002/__tsd/console-pipe/sse:0
[ 7545129ms] [ERROR] Failed to load resource: net::ERR_CONNECTION_REFUSED @ http://localhost:3002/__tsd/console-pipe/sse:0
[ 7548130ms] [ERROR] Failed to load resource: net::ERR_CONNECTION_REFUSED @ http://localhost:3002/__tsd/console-pipe/sse:0
[ 7549253ms] [ERROR] Failed to load resource: net::ERR_CONNECTION_REFUSED @ http://localhost:3002/api/cloud/task-notifications:0
[ 7551132ms] [ERROR] Failed to load resource: net::ERR_CONNECTION_REFUSED @ http://localhost:3002/__tsd/console-pipe/sse:0
[ 7554135ms] [ERROR] Failed to load resource: net::ERR_CONNECTION_REFUSED @ http://localhost:3002/__tsd/console-pipe/sse:0
[ 7557137ms] [ERROR] Failed to load resource: net::ERR_CONNECTION_REFUSED @ http://localhost:3002/__tsd/console-pipe/sse:0
[ 7560140ms] [ERROR] Failed to load resource: net::ERR_CONNECTION_REFUSED @ http://localhost:3002/__tsd/console-pipe/sse:0
[ 7563172ms] [ERROR] Failed to load resource: net::ERR_CONNECTION_REFUSED @ http://localhost:3002/__tsd/console-pipe/sse:0
[ 7564313ms] [ERROR] Failed to load resource: net::ERR_CONNECTION_REFUSED @ http://localhost:3002/api/cloud/task-notifications:0
[ 7566174ms] [ERROR] Failed to load resource: net::ERR_CONNECTION_REFUSED @ http://localhost:3002/__tsd/console-pipe/sse:0
[ 7569177ms] [ERROR] Failed to load resource: net::ERR_CONNECTION_REFUSED @ http://localhost:3002/__tsd/console-pipe/sse:0
[ 7572180ms] [ERROR] Failed to load resource: net::ERR_CONNECTION_REFUSED @ http://localhost:3002/__tsd/console-pipe/sse:0
[ 7575181ms] [ERROR] Failed to load resource: net::ERR_CONNECTION_REFUSED @ http://localhost:3002/__tsd/console-pipe/sse:0
[ 7578183ms] [ERROR] Failed to load resource: net::ERR_CONNECTION_REFUSED @ http://localhost:3002/__tsd/console-pipe/sse:0
[ 7579219ms] [ERROR] Failed to load resource: net::ERR_CONNECTION_REFUSED @ http://localhost:3002/api/cloud/task-notifications:0
[ 7581185ms] [ERROR] Failed to load resource: net::ERR_CONNECTION_REFUSED @ http://localhost:3002/__tsd/console-pipe/sse:0
[ 7584188ms] [ERROR] Failed to load resource: net::ERR_CONNECTION_REFUSED @ http://localhost:3002/__tsd/console-pipe/sse:0
[ 7587190ms] [ERROR] Failed to load resource: net::ERR_CONNECTION_REFUSED @ http://localhost:3002/__tsd/console-pipe/sse:0
[ 7590193ms] [ERROR] Failed to load resource: net::ERR_CONNECTION_REFUSED @ http://localhost:3002/__tsd/console-pipe/sse:0
[ 7593195ms] [ERROR] Failed to load resource: net::ERR_CONNECTION_REFUSED @ http://localhost:3002/__tsd/console-pipe/sse:0
[ 7594270ms] [ERROR] Failed to load resource: net::ERR_CONNECTION_REFUSED @ http://localhost:3002/api/cloud/task-notifications:0
[ 7596248ms] [ERROR] Failed to load resource: net::ERR_CONNECTION_REFUSED @ http://localhost:3002/__tsd/console-pipe/sse:0
[ 7599250ms] [ERROR] Failed to load resource: net::ERR_CONNECTION_REFUSED @ http://localhost:3002/__tsd/console-pipe/sse:0
[ 7602252ms] [ERROR] Failed to load resource: net::ERR_CONNECTION_REFUSED @ http://localhost:3002/__tsd/console-pipe/sse:0
[ 7605254ms] [ERROR] Failed to load resource: net::ERR_CONNECTION_REFUSED @ http://localhost:3002/__tsd/console-pipe/sse:0
[ 7608256ms] [ERROR] Failed to load resource: net::ERR_CONNECTION_REFUSED @ http://localhost:3002/__tsd/console-pipe/sse:0
[ 7609220ms] [ERROR] Failed to load resource: net::ERR_CONNECTION_REFUSED @ http://localhost:3002/api/cloud/task-notifications:0
[ 7611259ms] [ERROR] Failed to load resource: net::ERR_CONNECTION_REFUSED @ http://localhost:3002/__tsd/console-pipe/sse:0
[ 7614260ms] [ERROR] Failed to load resource: net::ERR_CONNECTION_REFUSED @ http://localhost:3002/__tsd/console-pipe/sse:0
[ 7617263ms] [ERROR] Failed to load resource: net::ERR_CONNECTION_REFUSED @ http://localhost:3002/__tsd/console-pipe/sse:0
[ 7620265ms] [ERROR] Failed to load resource: net::ERR_CONNECTION_REFUSED @ http://localhost:3002/__tsd/console-pipe/sse:0
[ 7623267ms] [ERROR] Failed to load resource: net::ERR_CONNECTION_REFUSED @ http://localhost:3002/__tsd/console-pipe/sse:0
[ 7624223ms] [ERROR] Failed to load resource: net::ERR_CONNECTION_REFUSED @ http://localhost:3002/api/cloud/task-notifications:0
[ 7626269ms] [ERROR] Failed to load resource: net::ERR_CONNECTION_REFUSED @ http://localhost:3002/__tsd/console-pipe/sse:0
[ 7629271ms] [ERROR] Failed to load resource: net::ERR_CONNECTION_REFUSED @ http://localhost:3002/__tsd/console-pipe/sse:0
[ 7632273ms] [ERROR] Failed to load resource: net::ERR_CONNECTION_REFUSED @ http://localhost:3002/__tsd/console-pipe/sse:0
[ 7635307ms] [ERROR] Failed to load resource: net::ERR_CONNECTION_REFUSED @ http://localhost:3002/__tsd/console-pipe/sse:0
[ 7638308ms] [ERROR] Failed to load resource: net::ERR_CONNECTION_REFUSED @ http://localhost:3002/__tsd/console-pipe/sse:0
[ 7639253ms] [ERROR] Failed to load resource: net::ERR_CONNECTION_REFUSED @ http://localhost:3002/api/cloud/task-notifications:0
[ 7641310ms] [ERROR] Failed to load resource: net::ERR_CONNECTION_REFUSED @ http://localhost:3002/__tsd/console-pipe/sse:0
[ 7644313ms] [ERROR] Failed to load resource: net::ERR_CONNECTION_REFUSED @ http://localhost:3002/__tsd/console-pipe/sse:0
[ 7647648ms] [ERROR] Failed to load resource: net::ERR_CONNECTION_REFUSED @ http://localhost:3002/__tsd/console-pipe/sse:0
[ 7650650ms] [ERROR] Failed to load resource: net::ERR_CONNECTION_REFUSED @ http://localhost:3002/__tsd/console-pipe/sse:0
[ 7653652ms] [ERROR] Failed to load resource: net::ERR_CONNECTION_REFUSED @ http://localhost:3002/__tsd/console-pipe/sse:0
[ 7654222ms] [ERROR] Failed to load resource: net::ERR_CONNECTION_REFUSED @ http://localhost:3002/api/cloud/task-notifications:0
[ 7656655ms] [ERROR] Failed to load resource: net::ERR_CONNECTION_REFUSED @ http://localhost:3002/__tsd/console-pipe/sse:0
[ 7659657ms] [ERROR] Failed to load resource: net::ERR_CONNECTION_REFUSED @ http://localhost:3002/__tsd/console-pipe/sse:0
[ 7662659ms] [ERROR] Failed to load resource: net::ERR_CONNECTION_REFUSED @ http://localhost:3002/__tsd/console-pipe/sse:0
[ 7665664ms] [ERROR] Failed to load resource: net::ERR_CONNECTION_REFUSED @ http://localhost:3002/__tsd/console-pipe/sse:0
[ 7668670ms] [ERROR] Failed to load resource: net::ERR_CONNECTION_REFUSED @ http://localhost:3002/__tsd/console-pipe/sse:0
[ 7669271ms] [ERROR] Failed to load resource: net::ERR_CONNECTION_REFUSED @ http://localhost:3002/api/cloud/task-notifications:0
[ 7671686ms] [ERROR] Failed to load resource: net::ERR_CONNECTION_REFUSED @ http://localhost:3002/__tsd/console-pipe/sse:0
[ 7675686ms] [ERROR] Failed to load resource: net::ERR_CONNECTION_REFUSED @ http://localhost:3002/__tsd/console-pipe/sse:0
[ 7678184ms] [ERROR] Failed to load resource: net::ERR_CONNECTION_REFUSED @ http://localhost:3002/__tsd/console-pipe/sse:0
[ 7681299ms] [ERROR] Failed to load resource: net::ERR_CONNECTION_REFUSED @ http://localhost:3002/__tsd/console-pipe/sse:0
[ 7684634ms] [ERROR] Failed to load resource: net::ERR_CONNECTION_REFUSED @ http://localhost:3002/api/cloud/task-notifications:0
[ 7684638ms] [ERROR] Failed to load resource: net::ERR_CONNECTION_REFUSED @ http://localhost:3002/__tsd/console-pipe/sse:0
[ 7687796ms] [ERROR] Failed to load resource: net::ERR_CONNECTION_REFUSED @ http://localhost:3002/__tsd/console-pipe/sse:0
[ 7691096ms] [ERROR] Failed to load resource: net::ERR_CONNECTION_REFUSED @ http://localhost:3002/__tsd/console-pipe/sse:0
[ 7694210ms] [ERROR] Failed to load resource: net::ERR_CONNECTION_REFUSED @ http://localhost:3002/__tsd/console-pipe/sse:0
[ 7698091ms] [ERROR] Failed to load resource: net::ERR_CONNECTION_REFUSED @ http://localhost:3002/__tsd/console-pipe/sse:0
[ 7699431ms] [ERROR] Failed to load resource: net::ERR_CONNECTION_REFUSED @ http://localhost:3002/api/cloud/task-notifications:0
[ 7701111ms] [ERROR] Failed to load resource: net::ERR_CONNECTION_REFUSED @ http://localhost:3002/__tsd/console-pipe/sse:0
[ 7704117ms] [ERROR] Failed to load resource: net::ERR_CONNECTION_REFUSED @ http://localhost:3002/__tsd/console-pipe/sse:0
[ 7707140ms] [ERROR] Failed to load resource: net::ERR_CONNECTION_REFUSED @ http://localhost:3002/__tsd/console-pipe/sse:0
[ 7710155ms] [ERROR] Failed to load resource: net::ERR_CONNECTION_REFUSED @ http://localhost:3002/__tsd/console-pipe/sse:0
[ 7713196ms] [ERROR] Failed to load resource: net::ERR_CONNECTION_REFUSED @ http://localhost:3002/__tsd/console-pipe/sse:0
[ 7714453ms] [ERROR] Failed to load resource: net::ERR_CONNECTION_REFUSED @ http://localhost:3002/api/cloud/task-notifications:0
[ 7716501ms] [ERROR] Failed to load resource: net::ERR_CONNECTION_REFUSED @ http://localhost:3002/__tsd/console-pipe/sse:0
[ 7719814ms] [ERROR] Failed to load resource: net::ERR_CONNECTION_REFUSED @ http://localhost:3002/__tsd/console-pipe/sse:0
[ 7723489ms] [ERROR] Failed to load resource: net::ERR_CONNECTION_REFUSED @ http://localhost:3002/__tsd/console-pipe/sse:0
[ 7726744ms] [ERROR] Failed to load resource: net::ERR_CONNECTION_REFUSED @ http://localhost:3002/__tsd/console-pipe/sse:0
[ 7731781ms] [ERROR] Failed to load resource: net::ERR_CONNECTION_REFUSED @ http://localhost:3002/api/cloud/task-notifications:0
[ 7732542ms] [ERROR] Failed to load resource: net::ERR_CONNECTION_REFUSED @ http://localhost:3002/__tsd/console-pipe/sse:0
[ 7735570ms] [ERROR] Failed to load resource: net::ERR_CONNECTION_REFUSED @ http://localhost:3002/__tsd/console-pipe/sse:0
[ 7738710ms] [ERROR] Failed to load resource: net::ERR_CONNECTION_REFUSED @ http://localhost:3002/__tsd/console-pipe/sse:0
[ 7742288ms] [ERROR] Failed to load resource: net::ERR_CONNECTION_REFUSED @ http://localhost:3002/__tsd/console-pipe/sse:0
[ 7744244ms] [ERROR] Failed to load resource: net::ERR_CONNECTION_REFUSED @ http://localhost:3002/api/cloud/task-notifications:0
[ 7745420ms] [ERROR] Failed to load resource: net::ERR_CONNECTION_REFUSED @ http://localhost:3002/__tsd/console-pipe/sse:0
[ 7748600ms] [ERROR] Failed to load resource: net::ERR_CONNECTION_REFUSED @ http://localhost:3002/__tsd/console-pipe/sse:0
[ 7753749ms] [ERROR] Failed to load resource: net::ERR_CONNECTION_REFUSED @ http://localhost:3002/__tsd/console-pipe/sse:0
[ 7758871ms] [ERROR] Failed to load resource: net::ERR_CONNECTION_REFUSED @ http://localhost:3002/__tsd/console-pipe/sse:0
[ 7759328ms] [ERROR] Failed to load resource: net::ERR_CONNECTION_REFUSED @ http://localhost:3002/api/cloud/task-notifications:0
[ 7765602ms] [ERROR] Failed to load resource: net::ERR_CONNECTION_REFUSED @ http://localhost:3002/__tsd/console-pipe/sse:0
[ 7768442ms] [ERROR] Failed to load resource: net::ERR_CONNECTION_REFUSED @ http://localhost:3002/__tsd/console-pipe/sse:0
[ 7771445ms] [ERROR] Failed to load resource: net::ERR_CONNECTION_REFUSED @ http://localhost:3002/__tsd/console-pipe/sse:0
[ 7774222ms] [ERROR] Failed to load resource: net::ERR_CONNECTION_REFUSED @ http://localhost:3002/api/cloud/task-notifications:0
[ 7774448ms] [ERROR] Failed to load resource: net::ERR_CONNECTION_REFUSED @ http://localhost:3002/__tsd/console-pipe/sse:0
[ 7777450ms] [ERROR] Failed to load resource: net::ERR_CONNECTION_REFUSED @ http://localhost:3002/__tsd/console-pipe/sse:0
[ 7780484ms] [ERROR] Failed to load resource: net::ERR_CONNECTION_REFUSED @ http://localhost:3002/__tsd/console-pipe/sse:0
[ 7783485ms] [ERROR] Failed to load resource: net::ERR_CONNECTION_REFUSED @ http://localhost:3002/__tsd/console-pipe/sse:0
[ 7786488ms] [ERROR] Failed to load resource: net::ERR_CONNECTION_REFUSED @ http://localhost:3002/__tsd/console-pipe/sse:0
[ 7789222ms] [ERROR] Failed to load resource: net::ERR_CONNECTION_REFUSED @ http://localhost:3002/api/cloud/task-notifications:0
[ 7789490ms] [ERROR] Failed to load resource: net::ERR_CONNECTION_REFUSED @ http://localhost:3002/__tsd/console-pipe/sse:0
[ 7792492ms] [ERROR] Failed to load resource: net::ERR_CONNECTION_REFUSED @ http://localhost:3002/__tsd/console-pipe/sse:0
[ 7795497ms] [ERROR] Failed to load resource: net::ERR_CONNECTION_REFUSED @ http://localhost:3002/__tsd/console-pipe/sse:0
[ 7798500ms] [ERROR] Failed to load resource: net::ERR_CONNECTION_REFUSED @ http://localhost:3002/__tsd/console-pipe/sse:0
[ 7801614ms] [ERROR] Failed to load resource: net::ERR_CONNECTION_REFUSED @ http://localhost:3002/__tsd/console-pipe/sse:0
[ 7804226ms] [ERROR] Failed to load resource: net::ERR_CONNECTION_REFUSED @ http://localhost:3002/api/cloud/task-notifications:0
[ 7804617ms] [ERROR] Failed to load resource: net::ERR_CONNECTION_REFUSED @ http://localhost:3002/__tsd/console-pipe/sse:0
[ 7807621ms] [ERROR] Failed to load resource: net::ERR_CONNECTION_REFUSED @ http://localhost:3002/__tsd/console-pipe/sse:0
[ 7810623ms] [ERROR] Failed to load resource: net::ERR_CONNECTION_REFUSED @ http://localhost:3002/__tsd/console-pipe/sse:0
[ 7813626ms] [ERROR] Failed to load resource: net::ERR_CONNECTION_REFUSED @ http://localhost:3002/__tsd/console-pipe/sse:0
[ 7816660ms] [ERROR] Failed to load resource: net::ERR_CONNECTION_REFUSED @ http://localhost:3002/__tsd/console-pipe/sse:0
[ 7819221ms] [ERROR] Failed to load resource: net::ERR_CONNECTION_REFUSED @ http://localhost:3002/api/cloud/task-notifications:0
[ 7819631ms] [ERROR] Failed to load resource: net::ERR_CONNECTION_REFUSED @ http://localhost:3002/__tsd/console-pipe/sse:0
[ 7822634ms] [ERROR] Failed to load resource: net::ERR_CONNECTION_REFUSED @ http://localhost:3002/__tsd/console-pipe/sse:0
[ 7825640ms] [ERROR] Failed to load resource: net::ERR_CONNECTION_REFUSED @ http://localhost:3002/__tsd/console-pipe/sse:0
[ 7828644ms] [ERROR] Failed to load resource: net::ERR_CONNECTION_REFUSED @ http://localhost:3002/__tsd/console-pipe/sse:0
[ 7831647ms] [ERROR] Failed to load resource: net::ERR_CONNECTION_REFUSED @ http://localhost:3002/__tsd/console-pipe/sse:0
[ 7834223ms] [ERROR] Failed to load resource: net::ERR_CONNECTION_REFUSED @ http://localhost:3002/api/cloud/task-notifications:0
[ 7834650ms] [ERROR] Failed to load resource: net::ERR_CONNECTION_REFUSED @ http://localhost:3002/__tsd/console-pipe/sse:0
[ 7837659ms] [ERROR] Failed to load resource: net::ERR_CONNECTION_REFUSED @ http://localhost:3002/__tsd/console-pipe/sse:0
[ 7840661ms] [ERROR] Failed to load resource: net::ERR_CONNECTION_REFUSED @ http://localhost:3002/__tsd/console-pipe/sse:0
[ 7843664ms] [ERROR] Failed to load resource: net::ERR_CONNECTION_REFUSED @ http://localhost:3002/__tsd/console-pipe/sse:0
[ 7846667ms] [ERROR] Failed to load resource: net::ERR_CONNECTION_REFUSED @ http://localhost:3002/__tsd/console-pipe/sse:0
[ 7849254ms] [ERROR] Failed to load resource: net::ERR_CONNECTION_REFUSED @ http://localhost:3002/api/cloud/task-notifications:0
[ 7849669ms] [ERROR] Failed to load resource: net::ERR_CONNECTION_REFUSED @ http://localhost:3002/__tsd/console-pipe/sse:0
[ 7852848ms] [ERROR] Failed to load resource: net::ERR_CONNECTION_REFUSED @ http://localhost:3002/__tsd/console-pipe/sse:0
[ 7855869ms] [ERROR] Failed to load resource: net::ERR_CONNECTION_REFUSED @ http://localhost:3002/__tsd/console-pipe/sse:0
[ 7858874ms] [ERROR] Failed to load resource: net::ERR_CONNECTION_REFUSED @ http://localhost:3002/__tsd/console-pipe/sse:0
[ 7873584ms] [ERROR] Failed to load resource: net::ERR_CONNECTION_REFUSED @ http://localhost:3002/__tsd/console-pipe/sse:0
[ 7874048ms] [ERROR] Failed to load resource: net::ERR_CONNECTION_REFUSED @ http://localhost:3002/api/cloud/task-notifications:0
[ 7879557ms] [ERROR] Failed to load resource: net::ERR_CONNECTION_REFUSED @ http://localhost:3002/__tsd/console-pipe/sse:0
[ 7880746ms] [ERROR] Failed to load resource: net::ERR_CONNECTION_REFUSED @ http://localhost:3002/api/cloud/task-notifications:0
[ 7882125ms] [ERROR] Failed to load resource: net::ERR_CONNECTION_REFUSED @ http://localhost:3002/__tsd/console-pipe/sse:0
[ 7886051ms] [ERROR] Failed to load resource: net::ERR_CONNECTION_REFUSED @ http://localhost:3002/__tsd/console-pipe/sse:0
[ 7889267ms] [ERROR] Failed to load resource: net::ERR_CONNECTION_REFUSED @ http://localhost:3002/__tsd/console-pipe/sse:0
[ 7893910ms] [ERROR] Failed to load resource: net::ERR_CONNECTION_REFUSED @ http://localhost:3002/__tsd/console-pipe/sse:0
[ 7896677ms] [ERROR] Failed to load resource: net::ERR_CONNECTION_REFUSED @ http://localhost:3002/api/cloud/task-notifications:0
[ 7897857ms] [ERROR] Failed to load resource: net::ERR_CONNECTION_REFUSED @ http://localhost:3002/__tsd/console-pipe/sse:0
[ 7901611ms] [ERROR] Failed to load resource: net::ERR_CONNECTION_REFUSED @ http://localhost:3002/__tsd/console-pipe/sse:0
[ 7905418ms] [ERROR] Failed to load resource: net::ERR_CONNECTION_REFUSED @ http://localhost:3002/__tsd/console-pipe/sse:0
[ 7909145ms] [ERROR] Failed to load resource: net::ERR_CONNECTION_REFUSED @ http://localhost:3002/__tsd/console-pipe/sse:0
[ 7909419ms] [ERROR] Failed to load resource: net::ERR_CONNECTION_REFUSED @ http://localhost:3002/api/cloud/task-notifications:0
[ 7921546ms] [ERROR] Failed to load resource: net::ERR_CONNECTION_REFUSED @ http://localhost:3002/__tsd/console-pipe/sse:0
[ 7924834ms] [ERROR] Failed to load resource: net::ERR_CONNECTION_REFUSED @ http://localhost:3002/api/cloud/task-notifications:0
[ 7924843ms] [ERROR] Failed to load resource: net::ERR_CONNECTION_REFUSED @ http://localhost:3002/__tsd/console-pipe/sse:0
[ 7928123ms] [ERROR] Failed to load resource: net::ERR_CONNECTION_REFUSED @ http://localhost:3002/__tsd/console-pipe/sse:0
[ 7935132ms] [ERROR] Failed to load resource: net::ERR_CONNECTION_REFUSED @ http://localhost:3002/__tsd/console-pipe/sse:0
[ 7973106ms] [ERROR] Failed to load resource: net::ERR_CONNECTION_REFUSED @ http://localhost:3002/__tsd/console-pipe/sse:0
[ 7973107ms] [ERROR] Failed to load resource: net::ERR_CONNECTION_REFUSED @ http://localhost:3002/api/cloud/task-notifications:0
[ 7973113ms] [ERROR] Failed to load resource: net::ERR_CONNECTION_REFUSED @ http://localhost:3002/api/cloud/task-notifications:0
[ 7978174ms] [ERROR] Failed to load resource: net::ERR_CONNECTION_REFUSED @ http://localhost:3002/__tsd/console-pipe/sse:0
[ 7988735ms] [ERROR] Failed to load resource: net::ERR_CONNECTION_REFUSED @ http://localhost:3002/__tsd/console-pipe/sse:0
[ 7992690ms] [ERROR] Failed to load resource: net::ERR_CONNECTION_REFUSED @ http://localhost:3002/api/cloud/task-notifications:0
[ 8002957ms] [ERROR] Failed to load resource: net::ERR_CONNECTION_REFUSED @ http://localhost:3002/__tsd/console-pipe/sse:0
[ 8002960ms] [ERROR] Failed to load resource: net::ERR_CONNECTION_REFUSED @ http://localhost:3002/api/cloud/task-notifications:0
[ 8006070ms] [ERROR] Failed to load resource: net::ERR_CONNECTION_REFUSED @ http://localhost:3002/__tsd/console-pipe/sse:0
[ 8009397ms] [ERROR] Failed to load resource: net::ERR_CONNECTION_REFUSED @ http://localhost:3002/__tsd/console-pipe/sse:0
[ 8019167ms] [ERROR] Failed to load resource: net::ERR_CONNECTION_REFUSED @ http://localhost:3002/__tsd/console-pipe/sse:0
[ 8019192ms] [ERROR] Failed to load resource: net::ERR_CONNECTION_REFUSED @ http://localhost:3002/api/cloud/task-notifications:0
[ 8022882ms] [ERROR] Failed to load resource: net::ERR_CONNECTION_REFUSED @ http://localhost:3002/__tsd/console-pipe/sse:0
[ 8025780ms] [ERROR] Failed to load resource: net::ERR_CONNECTION_REFUSED @ http://localhost:3002/__tsd/console-pipe/sse:0
[ 8029359ms] [ERROR] Failed to load resource: net::ERR_CONNECTION_REFUSED @ http://localhost:3002/__tsd/console-pipe/sse:0
[ 8029360ms] [ERROR] Failed to load resource: net::ERR_CONNECTION_REFUSED @ http://localhost:3002/api/cloud/task-notifications:0
[ 8032482ms] [ERROR] Failed to load resource: net::ERR_CONNECTION_REFUSED @ http://localhost:3002/__tsd/console-pipe/sse:0
[ 8036134ms] [ERROR] Failed to load resource: net::ERR_CONNECTION_REFUSED @ http://localhost:3002/__tsd/console-pipe/sse:0
[ 8039083ms] [ERROR] Failed to load resource: net::ERR_CONNECTION_REFUSED @ http://localhost:3002/__tsd/console-pipe/sse:0
[ 8042108ms] [ERROR] Failed to load resource: net::ERR_CONNECTION_REFUSED @ http://localhost:3002/__tsd/console-pipe/sse:0
[ 8044755ms] [ERROR] Failed to load resource: net::ERR_CONNECTION_REFUSED @ http://localhost:3002/api/cloud/task-notifications:0
[ 8045167ms] [ERROR] Failed to load resource: net::ERR_CONNECTION_REFUSED @ http://localhost:3002/__tsd/console-pipe/sse:0
[ 8048203ms] [ERROR] Failed to load resource: net::ERR_CONNECTION_REFUSED @ http://localhost:3002/__tsd/console-pipe/sse:0
[ 8051409ms] [ERROR] Failed to load resource: net::ERR_CONNECTION_REFUSED @ http://localhost:3002/__tsd/console-pipe/sse:0
[ 8054417ms] [ERROR] Failed to load resource: net::ERR_CONNECTION_REFUSED @ http://localhost:3002/__tsd/console-pipe/sse:0
[ 8057426ms] [ERROR] Failed to load resource: net::ERR_CONNECTION_REFUSED @ http://localhost:3002/__tsd/console-pipe/sse:0
[ 8059652ms] [ERROR] Failed to load resource: net::ERR_CONNECTION_REFUSED @ http://localhost:3002/api/cloud/task-notifications:0
[ 8060709ms] [ERROR] Failed to load resource: net::ERR_CONNECTION_REFUSED @ http://localhost:3002/__tsd/console-pipe/sse:0
[ 8063852ms] [ERROR] Failed to load resource: net::ERR_CONNECTION_REFUSED @ http://localhost:3002/__tsd/console-pipe/sse:0
[ 8066961ms] [ERROR] Failed to load resource: net::ERR_CONNECTION_REFUSED @ http://localhost:3002/__tsd/console-pipe/sse:0
[ 8070006ms] [ERROR] Failed to load resource: net::ERR_CONNECTION_REFUSED @ http://localhost:3002/__tsd/console-pipe/sse:0
[ 8073671ms] [ERROR] Failed to load resource: net::ERR_CONNECTION_REFUSED @ http://localhost:3002/__tsd/console-pipe/sse:0
[ 8074529ms] [ERROR] Failed to load resource: net::ERR_CONNECTION_REFUSED @ http://localhost:3002/api/cloud/task-notifications:0
[ 8076714ms] [ERROR] Failed to load resource: net::ERR_CONNECTION_REFUSED @ http://localhost:3002/__tsd/console-pipe/sse:0
[ 8079726ms] [ERROR] Failed to load resource: net::ERR_CONNECTION_REFUSED @ http://localhost:3002/__tsd/console-pipe/sse:0
[ 8082728ms] [ERROR] Failed to load resource: net::ERR_CONNECTION_REFUSED @ http://localhost:3002/__tsd/console-pipe/sse:0
[ 8085731ms] [ERROR] Failed to load resource: net::ERR_CONNECTION_REFUSED @ http://localhost:3002/__tsd/console-pipe/sse:0
[ 8088733ms] [ERROR] Failed to load resource: net::ERR_CONNECTION_REFUSED @ http://localhost:3002/__tsd/console-pipe/sse:0
[ 8089224ms] [ERROR] Failed to load resource: net::ERR_CONNECTION_REFUSED @ http://localhost:3002/api/cloud/task-notifications:0
[ 8091735ms] [ERROR] Failed to load resource: net::ERR_CONNECTION_REFUSED @ http://localhost:3002/__tsd/console-pipe/sse:0
[ 8094737ms] [ERROR] Failed to load resource: net::ERR_CONNECTION_REFUSED @ http://localhost:3002/__tsd/console-pipe/sse:0
[ 8097739ms] [ERROR] Failed to load resource: net::ERR_CONNECTION_REFUSED @ http://localhost:3002/__tsd/console-pipe/sse:0
[ 8100742ms] [ERROR] Failed to load resource: net::ERR_CONNECTION_REFUSED @ http://localhost:3002/__tsd/console-pipe/sse:0
[ 8103744ms] [ERROR] Failed to load resource: net::ERR_CONNECTION_REFUSED @ http://localhost:3002/__tsd/console-pipe/sse:0
[ 8104224ms] [ERROR] Failed to load resource: net::ERR_CONNECTION_REFUSED @ http://localhost:3002/api/cloud/task-notifications:0
[ 8106746ms] [ERROR] Failed to load resource: net::ERR_CONNECTION_REFUSED @ http://localhost:3002/__tsd/console-pipe/sse:0
[ 8109749ms] [ERROR] Failed to load resource: net::ERR_CONNECTION_REFUSED @ http://localhost:3002/__tsd/console-pipe/sse:0
[ 8112750ms] [ERROR] Failed to load resource: net::ERR_CONNECTION_REFUSED @ http://localhost:3002/__tsd/console-pipe/sse:0
[ 8115753ms] [ERROR] Failed to load resource: net::ERR_CONNECTION_REFUSED @ http://localhost:3002/__tsd/console-pipe/sse:0
[ 8118756ms] [ERROR] Failed to load resource: net::ERR_CONNECTION_REFUSED @ http://localhost:3002/__tsd/console-pipe/sse:0
[ 8119225ms] [ERROR] Failed to load resource: net::ERR_CONNECTION_REFUSED @ http://localhost:3002/api/cloud/task-notifications:0
[ 8121758ms] [ERROR] Failed to load resource: net::ERR_CONNECTION_REFUSED @ http://localhost:3002/__tsd/console-pipe/sse:0
[ 8124760ms] [ERROR] Failed to load resource: net::ERR_CONNECTION_REFUSED @ http://localhost:3002/__tsd/console-pipe/sse:0
[ 8127793ms] [ERROR] Failed to load resource: net::ERR_CONNECTION_REFUSED @ http://localhost:3002/__tsd/console-pipe/sse:0
[ 8130796ms] [ERROR] Failed to load resource: net::ERR_CONNECTION_REFUSED @ http://localhost:3002/__tsd/console-pipe/sse:0
[ 8133797ms] [ERROR] Failed to load resource: net::ERR_CONNECTION_REFUSED @ http://localhost:3002/__tsd/console-pipe/sse:0
[ 8134263ms] [ERROR] Failed to load resource: net::ERR_CONNECTION_REFUSED @ http://localhost:3002/api/cloud/task-notifications:0
[ 8136799ms] [ERROR] Failed to load resource: net::ERR_CONNECTION_REFUSED @ http://localhost:3002/__tsd/console-pipe/sse:0
[ 8139802ms] [ERROR] Failed to load resource: net::ERR_CONNECTION_REFUSED @ http://localhost:3002/__tsd/console-pipe/sse:0
[ 8142804ms] [ERROR] Failed to load resource: net::ERR_CONNECTION_REFUSED @ http://localhost:3002/__tsd/console-pipe/sse:0
[ 8145806ms] [ERROR] Failed to load resource: net::ERR_CONNECTION_REFUSED @ http://localhost:3002/__tsd/console-pipe/sse:0
[ 8148808ms] [ERROR] Failed to load resource: net::ERR_CONNECTION_REFUSED @ http://localhost:3002/__tsd/console-pipe/sse:0
[ 8149226ms] [ERROR] Failed to load resource: net::ERR_CONNECTION_REFUSED @ http://localhost:3002/api/cloud/task-notifications:0
[ 8151811ms] [ERROR] Failed to load resource: net::ERR_CONNECTION_REFUSED @ http://localhost:3002/__tsd/console-pipe/sse:0
[ 8154814ms] [ERROR] Failed to load resource: net::ERR_CONNECTION_REFUSED @ http://localhost:3002/__tsd/console-pipe/sse:0
[ 8157858ms] [ERROR] Failed to load resource: net::ERR_CONNECTION_REFUSED @ http://localhost:3002/__tsd/console-pipe/sse:0
[ 8160860ms] [ERROR] Failed to load resource: net::ERR_CONNECTION_REFUSED @ http://localhost:3002/__tsd/console-pipe/sse:0
[ 8163863ms] [ERROR] Failed to load resource: net::ERR_CONNECTION_REFUSED @ http://localhost:3002/__tsd/console-pipe/sse:0
[ 8164226ms] [ERROR] Failed to load resource: net::ERR_CONNECTION_REFUSED @ http://localhost:3002/api/cloud/task-notifications:0
[ 8166865ms] [ERROR] Failed to load resource: net::ERR_CONNECTION_REFUSED @ http://localhost:3002/__tsd/console-pipe/sse:0
[ 8169867ms] [ERROR] Failed to load resource: net::ERR_CONNECTION_REFUSED @ http://localhost:3002/__tsd/console-pipe/sse:0
[ 8172869ms] [ERROR] Failed to load resource: net::ERR_CONNECTION_REFUSED @ http://localhost:3002/__tsd/console-pipe/sse:0
[ 8175872ms] [ERROR] Failed to load resource: net::ERR_CONNECTION_REFUSED @ http://localhost:3002/__tsd/console-pipe/sse:0
[ 8178874ms] [ERROR] Failed to load resource: net::ERR_CONNECTION_REFUSED @ http://localhost:3002/__tsd/console-pipe/sse:0
[ 8179225ms] [ERROR] Failed to load resource: net::ERR_CONNECTION_REFUSED @ http://localhost:3002/api/cloud/task-notifications:0
[ 8181876ms] [ERROR] Failed to load resource: net::ERR_CONNECTION_REFUSED @ http://localhost:3002/__tsd/console-pipe/sse:0
[ 8184879ms] [ERROR] Failed to load resource: net::ERR_CONNECTION_REFUSED @ http://localhost:3002/__tsd/console-pipe/sse:0
[ 8187882ms] [ERROR] Failed to load resource: net::ERR_CONNECTION_REFUSED @ http://localhost:3002/__tsd/console-pipe/sse:0
[ 8190885ms] [ERROR] Failed to load resource: net::ERR_CONNECTION_REFUSED @ http://localhost:3002/__tsd/console-pipe/sse:0
[ 8193889ms] [ERROR] Failed to load resource: net::ERR_CONNECTION_REFUSED @ http://localhost:3002/__tsd/console-pipe/sse:0
[ 8194227ms] [ERROR] Failed to load resource: net::ERR_CONNECTION_REFUSED @ http://localhost:3002/api/cloud/task-notifications:0
[ 8196920ms] [ERROR] Failed to load resource: net::ERR_CONNECTION_REFUSED @ http://localhost:3002/__tsd/console-pipe/sse:0
[ 8199942ms] [ERROR] Failed to load resource: net::ERR_CONNECTION_REFUSED @ http://localhost:3002/__tsd/console-pipe/sse:0
[ 8203043ms] [ERROR] Failed to load resource: net::ERR_CONNECTION_REFUSED @ http://localhost:3002/__tsd/console-pipe/sse:0
[ 8206216ms] [ERROR] Failed to load resource: net::ERR_CONNECTION_REFUSED @ http://localhost:3002/__tsd/console-pipe/sse:0
[ 8209242ms] [ERROR] Failed to load resource: net::ERR_CONNECTION_REFUSED @ http://localhost:3002/__tsd/console-pipe/sse:0
[ 8209246ms] [ERROR] Failed to load resource: net::ERR_CONNECTION_REFUSED @ http://localhost:3002/api/cloud/task-notifications:0
[ 8212365ms] [ERROR] Failed to load resource: net::ERR_CONNECTION_REFUSED @ http://localhost:3002/__tsd/console-pipe/sse:0
[ 8216602ms] [ERROR] Failed to load resource: net::ERR_CONNECTION_REFUSED @ http://localhost:3002/__tsd/console-pipe/sse:0
[ 8221619ms] [ERROR] Failed to load resource: net::ERR_CONNECTION_REFUSED @ http://localhost:3002/__tsd/console-pipe/sse:0
[ 8226113ms] [ERROR] Failed to load resource: net::ERR_CONNECTION_REFUSED @ http://localhost:3002/api/cloud/task-notifications:0
[ 8226113ms] [ERROR] Failed to load resource: net::ERR_CONNECTION_REFUSED @ http://localhost:3002/__tsd/console-pipe/sse:0
[ 8229540ms] [ERROR] Failed to load resource: net::ERR_CONNECTION_REFUSED @ http://localhost:3002/__tsd/console-pipe/sse:0
[ 8237252ms] [ERROR] Failed to load resource: net::ERR_CONNECTION_REFUSED @ http://localhost:3002/__tsd/console-pipe/sse:0
[ 8244660ms] [ERROR] Failed to load resource: net::ERR_CONNECTION_REFUSED @ http://localhost:3002/api/cloud/task-notifications:0
[ 8244660ms] [ERROR] Failed to load resource: net::ERR_CONNECTION_REFUSED @ http://localhost:3002/__tsd/console-pipe/sse:0
[ 8247696ms] [ERROR] Failed to load resource: net::ERR_CONNECTION_REFUSED @ http://localhost:3002/__tsd/console-pipe/sse:0
[ 8250708ms] [ERROR] Failed to load resource: net::ERR_CONNECTION_REFUSED @ http://localhost:3002/__tsd/console-pipe/sse:0
[ 8256869ms] [ERROR] Failed to load resource: net::ERR_CONNECTION_REFUSED @ http://localhost:3002/__tsd/console-pipe/sse:0
[ 8256872ms] [ERROR] Failed to load resource: net::ERR_CONNECTION_REFUSED @ http://localhost:3002/api/cloud/task-notifications:0
[ 8260481ms] [ERROR] Failed to load resource: net::ERR_CONNECTION_REFUSED @ http://localhost:3002/__tsd/console-pipe/sse:0
[ 8264737ms] [ERROR] Failed to load resource: net::ERR_CONNECTION_REFUSED @ http://localhost:3002/__tsd/console-pipe/sse:0
[ 8268683ms] [ERROR] Failed to load resource: net::ERR_CONNECTION_REFUSED @ http://localhost:3002/__tsd/console-pipe/sse:0
[ 8269675ms] [ERROR] Failed to load resource: net::ERR_CONNECTION_REFUSED @ http://localhost:3002/api/cloud/task-notifications:0
[ 8275949ms] [ERROR] Failed to load resource: net::ERR_CONNECTION_REFUSED @ http://localhost:3002/__tsd/console-pipe/sse:0
[ 8279954ms] [ERROR] Failed to load resource: net::ERR_CONNECTION_REFUSED @ http://localhost:3002/__tsd/console-pipe/sse:0
[ 8289945ms] [ERROR] Failed to load resource: net::ERR_CONNECTION_REFUSED @ http://localhost:3002/__tsd/console-pipe/sse:0
[ 8290212ms] [ERROR] Failed to load resource: net::ERR_CONNECTION_REFUSED @ http://localhost:3002/api/cloud/task-notifications:0
[ 8292963ms] [ERROR] Failed to load resource: net::ERR_CONNECTION_REFUSED @ http://localhost:3002/__tsd/console-pipe/sse:0
[ 8296046ms] [ERROR] Failed to load resource: net::ERR_CONNECTION_REFUSED @ http://localhost:3002/__tsd/console-pipe/sse:0
[ 8299048ms] [ERROR] Failed to load resource: net::ERR_CONNECTION_REFUSED @ http://localhost:3002/__tsd/console-pipe/sse:0
[ 8299227ms] [ERROR] Failed to load resource: net::ERR_CONNECTION_REFUSED @ http://localhost:3002/api/cloud/task-notifications:0
[ 8302051ms] [ERROR] Failed to load resource: net::ERR_CONNECTION_REFUSED @ http://localhost:3002/__tsd/console-pipe/sse:0
[ 8305053ms] [ERROR] Failed to load resource: net::ERR_CONNECTION_REFUSED @ http://localhost:3002/__tsd/console-pipe/sse:0
[ 8308055ms] [ERROR] Failed to load resource: net::ERR_CONNECTION_REFUSED @ http://localhost:3002/__tsd/console-pipe/sse:0
[ 8311075ms] [ERROR] Failed to load resource: net::ERR_CONNECTION_REFUSED @ http://localhost:3002/__tsd/console-pipe/sse:0
[ 8314080ms] [ERROR] Failed to load resource: net::ERR_CONNECTION_REFUSED @ http://localhost:3002/__tsd/console-pipe/sse:0
[ 8314228ms] [ERROR] Failed to load resource: net::ERR_CONNECTION_REFUSED @ http://localhost:3002/api/cloud/task-notifications:0
[ 8317085ms] [ERROR] Failed to load resource: net::ERR_CONNECTION_REFUSED @ http://localhost:3002/__tsd/console-pipe/sse:0
[ 8320088ms] [ERROR] Failed to load resource: net::ERR_CONNECTION_REFUSED @ http://localhost:3002/__tsd/console-pipe/sse:0
[ 8323090ms] [ERROR] Failed to load resource: net::ERR_CONNECTION_REFUSED @ http://localhost:3002/__tsd/console-pipe/sse:0
[ 8326093ms] [ERROR] Failed to load resource: net::ERR_CONNECTION_REFUSED @ http://localhost:3002/__tsd/console-pipe/sse:0
[ 8329097ms] [ERROR] Failed to load resource: net::ERR_CONNECTION_REFUSED @ http://localhost:3002/__tsd/console-pipe/sse:0
[ 8329228ms] [ERROR] Failed to load resource: net::ERR_CONNECTION_REFUSED @ http://localhost:3002/api/cloud/task-notifications:0
[ 8332100ms] [ERROR] Failed to load resource: net::ERR_CONNECTION_REFUSED @ http://localhost:3002/__tsd/console-pipe/sse:0
[ 8335103ms] [ERROR] Failed to load resource: net::ERR_CONNECTION_REFUSED @ http://localhost:3002/__tsd/console-pipe/sse:0
[ 8338104ms] [ERROR] Failed to load resource: net::ERR_CONNECTION_REFUSED @ http://localhost:3002/__tsd/console-pipe/sse:0
[ 8341107ms] [ERROR] Failed to load resource: net::ERR_CONNECTION_REFUSED @ http://localhost:3002/__tsd/console-pipe/sse:0
[ 8344111ms] [ERROR] Failed to load resource: net::ERR_CONNECTION_REFUSED @ http://localhost:3002/__tsd/console-pipe/sse:0
[ 8344228ms] [ERROR] Failed to load resource: net::ERR_CONNECTION_REFUSED @ http://localhost:3002/api/cloud/task-notifications:0
[ 8347114ms] [ERROR] Failed to load resource: net::ERR_CONNECTION_REFUSED @ http://localhost:3002/__tsd/console-pipe/sse:0
[ 8350117ms] [ERROR] Failed to load resource: net::ERR_CONNECTION_REFUSED @ http://localhost:3002/__tsd/console-pipe/sse:0
[ 8353120ms] [ERROR] Failed to load resource: net::ERR_CONNECTION_REFUSED @ http://localhost:3002/__tsd/console-pipe/sse:0
[ 8356121ms] [ERROR] Failed to load resource: net::ERR_CONNECTION_REFUSED @ http://localhost:3002/__tsd/console-pipe/sse:0
