[     438ms] [LOG] 获取所属期 @ http://localhost:3101/finance/src/router/guard/index.ts?t=1778658398807:39
[     580ms] [LOG] {code: 0, data: Object, message: } 121212 @ http://localhost:3101/finance/src/api/generated/core/request.ts?t=1778658398807:57
[     660ms] [LOG] true isPermission @ http://localhost:3101/finance/src/publicModules/aiChat/AiCustomer.vue?t=1778658398807:1480
[     665ms] [LOG] [all, false] newVa2222l @ http://localhost:3101/finance/src/publicModules/teacherGuide/teacherGuide.vue?t=1778658398807:556
[    1001ms] [LOG] {code: 0, data: Array(32), message: } 121212 @ http://localhost:3101/finance/src/api/generated/core/request.ts?t=1778658398807:57
[    1082ms] [LOG] {code: 0, data: Object, message: } 121212 @ http://localhost:3101/finance/src/api/generated/core/request.ts?t=1778658398807:57
[    1119ms] [LOG] {code: 0, data: Object, message: } 121212 @ http://localhost:3101/finance/src/api/generated/core/request.ts?t=1778658398807:57
[    1145ms] [LOG] {code: 0, data: Object, message: } 121212 @ http://localhost:3101/finance/src/api/generated/core/request.ts?t=1778658398807:57
[    3108ms] [WARNING] [Vue warn]: Invalid prop: type check failed for prop "current". Expected Number with value 0, got String with value "". 
  at <MonthSelectorScroll class="selector-time__scroll" onClickItem=fn<selectMonth> current=""  ... > 
  at <Index onVnodeUnmounted=fn<onVnodeUnmounted> ref=Ref< null > key="/voucher/checkVoucher?accountSetId=019a343e4d8172e28d5055999b01ca5f" > 
  at <KeepAlive key=0 include= [checkVoucher] > 
  at <RouterView> 
  at <PageView> 
  at <Anonymous hasSider=undefined prefixCls="ant-layout-content" tagName="main" > 
  at <ALayoutContent> 
  at <Anonymous hasSider=undefined prefixCls="ant-layout" tagName="section"  ... > 
  at <ALayout style= {position: relative} > 
  at <Anonymous hasSider=true prefixCls="ant-layout" tagName="section" > 
  at <ALayout has-sider="" > 
  at <ASpin spinning=false > 
  at <ProLayout onVnodeUnmounted=fn<onVnodeUnmounted> ref=Ref< Proxy(Object) > > 
  at <RouterView> 
  at <ALocaleProvider locale= {locale: zh-cn, Pagination: Object, DatePicker: Object, TimePicker: Object, Calendar: Object} ANT_MARK__="internalMark" > 
  at <LocaleReceiver children=fn<children> > 
  at <AConfigProvider locale= {locale: zh-cn, Pagination: Object, DatePicker: Object, TimePicker: Object, Calendar: Object} > 
  at <App> @ http://localhost:3101/finance/node_modules/.vite/deps/chunk-F6P7Z22E.js?v=290f2014:2475
[    3120ms] [LOG] convertToChineseCurrency 零元整 @ http://localhost:3101/finance/src/components/voucher/RecordVoucher.vue?t=1778658398807:2360
[    3120ms] [LOG] Proxy(Object) init @ http://localhost:3101/finance/src/components/voucher/RecordVoucher.vue?t=1778658398807:2220
[    3121ms] [LOG] 没有数据 @ http://localhost:3101/finance/src/components/voucher/RecordVoucher.vue?t=1778658398807:2355
[    3132ms] [LOG] onActivated 恢复缓存数据 id  @ http://localhost:3101/finance/src/components/voucher/RecordVoucher.vue?t=1778658398807:2690
[    3132ms] [LOG] undefined subjectItemsubjectItemsubjectItemsubjectItem @ http://localhost:3101/finance/src/components/voucher/RecordVoucher.vue?t=1778658398807:1034
[    3132ms] [LOG] [] 相同科目的凭证分录列表 @ http://localhost:3101/finance/src/components/voucher/RecordVoucher.vue?t=1778658398807:1035
[    3132ms] [LOG] undefined subjectItemsubjectItemsubjectItemsubjectItem @ http://localhost:3101/finance/src/components/voucher/RecordVoucher.vue?t=1778658398807:1034
[    3132ms] [LOG] [] 相同科目的凭证分录列表 @ http://localhost:3101/finance/src/components/voucher/RecordVoucher.vue?t=1778658398807:1035
[    3132ms] [LOG] undefined subjectItemsubjectItemsubjectItemsubjectItem @ http://localhost:3101/finance/src/components/voucher/RecordVoucher.vue?t=1778658398807:1034
[    3132ms] [LOG] [] 相同科目的凭证分录列表 @ http://localhost:3101/finance/src/components/voucher/RecordVoucher.vue?t=1778658398807:1035
[    3132ms] [LOG] undefined subjectItemsubjectItemsubjectItemsubjectItem @ http://localhost:3101/finance/src/components/voucher/RecordVoucher.vue?t=1778658398807:1034
[    3132ms] [LOG] [] 相同科目的凭证分录列表 @ http://localhost:3101/finance/src/components/voucher/RecordVoucher.vue?t=1778658398807:1035
[    3132ms] [LOG] undefined subjectItemsubjectItemsubjectItemsubjectItem @ http://localhost:3101/finance/src/components/voucher/RecordVoucher.vue?t=1778658398807:1034
[    3132ms] [LOG] [] 相同科目的凭证分录列表 @ http://localhost:3101/finance/src/components/voucher/RecordVoucher.vue?t=1778658398807:1035
[    3133ms] [WARNING] [Vue warn]: Invalid prop: type check failed for prop "current". Expected Number with value 202603, got String with value "202603". 
  at <MonthSelectorScroll class="selector-time__scroll" onClickItem=fn<selectMonth> current="202603"  ... > 
  at <Index onVnodeUnmounted=fn<onVnodeUnmounted> ref=Ref< Proxy(Object) > key="/voucher/checkVoucher?accountSetId=019a343e4d8172e28d5055999b01ca5f" > 
  at <KeepAlive key=0 include= [checkVoucher] > 
  at <RouterView> 
  at <PageView> 
  at <Anonymous hasSider=undefined prefixCls="ant-layout-content" tagName="main" > 
  at <ALayoutContent> 
  at <Anonymous hasSider=undefined prefixCls="ant-layout" tagName="section"  ... > 
  at <ALayout style= {position: relative} > 
  at <Anonymous hasSider=true prefixCls="ant-layout" tagName="section" > 
  at <ALayout has-sider="" > 
  at <ASpin spinning=false > 
  at <ProLayout onVnodeUnmounted=fn<onVnodeUnmounted> ref=Ref< Proxy(Object) > > 
  at <RouterView> 
  at <ALocaleProvider locale= {locale: zh-cn, Pagination: Object, DatePicker: Object, TimePicker: Object, Calendar: Object} ANT_MARK__="internalMark" > 
  at <LocaleReceiver children=fn<children> > 
  at <AConfigProvider locale= {locale: zh-cn, Pagination: Object, DatePicker: Object, TimePicker: Object, Calendar: Object} > 
  at <App> @ http://localhost:3101/finance/node_modules/.vite/deps/chunk-F6P7Z22E.js?v=290f2014:2475
[    3359ms] [LOG] {code: 0, data: Object, message: } 121212 @ http://localhost:3101/finance/src/api/generated/core/request.ts?t=1778658398807:57
[    3359ms] [LOG] {code: 0, data: Object, message: } 断号检查 @ http://localhost:3101/finance/src/views/voucher/checkVoucher/index.vue?t=1778658398807:449
[    3360ms] [LOG] {code: 0, data: 002, message: } 121212 @ http://localhost:3101/finance/src/api/generated/core/request.ts?t=1778658398807:57
[    3530ms] [LOG] {code: 0, data: 002, message: } 121212 @ http://localhost:3101/finance/src/api/generated/core/request.ts?t=1778658398807:57
[    3801ms] [LOG] {code: 0, data: Object, message: } 121212 @ http://localhost:3101/finance/src/api/generated/core/request.ts?t=1778658398807:57
[    3801ms] [LOG] 1 total @ http://localhost:3101/finance/src/views/voucher/checkVoucher/index.vue?t=1778658398807:586
[    3809ms] [LOG] {code: 0, data: Object, message: } 121212 @ http://localhost:3101/finance/src/api/generated/core/request.ts?t=1778658398807:57
[    3809ms] [LOG] true false getVoucherButtonFn @ http://localhost:3101/finance/src/components/voucher/RecordVoucher.vue?t=1778658398807:727
[    3884ms] [LOG] {code: 0, data: Object, message: } 121212 @ http://localhost:3101/finance/src/api/generated/core/request.ts?t=1778658398807:57
[    3884ms] [LOG] {hasGap: false, gapCount: 0, gapPositions: Array(0)} checkVoucherGapFn @ http://localhost:3101/finance/src/components/voucher/RecordVoucher.vue?t=1778658398807:476
[    4083ms] [LOG] {code: 0, data: Object, message: } 121212 @ http://localhost:3101/finance/src/api/generated/core/request.ts?t=1778658398807:57
[    4083ms] [LOG] {printFormat: 1, voucherType: 2, leftOffset: 10, topOffset: 10} 获取打印设置详情 @ http://localhost:3101/finance/src/views/voucher/checkVoucher/index.vue?t=1778658398807:553
[    5866ms] [LOG] 202512 月份 @ http://localhost:3101/finance/src/views/voucher/checkVoucher/index.vue?t=1778658398807:599
[    5866ms] [WARNING] [Vue warn]: Invalid prop: type check failed for prop "current". Expected Number with value 202512, got String with value "202512". 
  at <MonthSelectorScroll class="selector-time__scroll" onClickItem=fn<selectMonth> current="202512"  ... > 
  at <Index onVnodeUnmounted=fn<onVnodeUnmounted> ref=Ref< Proxy(Object) > key="/voucher/checkVoucher?accountSetId=019a343e4d8172e28d5055999b01ca5f" > 
  at <KeepAlive key=0 include= [checkVoucher] > 
  at <RouterView> 
  at <PageView> 
  at <Anonymous hasSider=undefined prefixCls="ant-layout-content" tagName="main" > 
  at <ALayoutContent> 
  at <Anonymous hasSider=undefined prefixCls="ant-layout" tagName="section"  ... > 
  at <ALayout style= {position: relative} > 
  at <Anonymous hasSider=true prefixCls="ant-layout" tagName="section" > 
  at <ALayout has-sider="" > 
  at <ASpin spinning=false > 
  at <ProLayout onVnodeUnmounted=fn<onVnodeUnmounted> ref=Ref< Proxy(Object) > > 
  at <RouterView> 
  at <ALocaleProvider locale= {locale: zh-cn, Pagination: Object, DatePicker: Object, TimePicker: Object, Calendar: Object} ANT_MARK__="internalMark" > 
  at <LocaleReceiver children=fn<children> > 
  at <AConfigProvider locale= {locale: zh-cn, Pagination: Object, DatePicker: Object, TimePicker: Object, Calendar: Object} > 
  at <App> @ http://localhost:3101/finance/node_modules/.vite/deps/chunk-F6P7Z22E.js?v=290f2014:2475
[    6143ms] [LOG] {code: 0, data: Object, message: } 121212 @ http://localhost:3101/finance/src/api/generated/core/request.ts?t=1778658398807:57
[    6143ms] [LOG] {code: 0, data: Object, message: } 断号检查 @ http://localhost:3101/finance/src/views/voucher/checkVoucher/index.vue?t=1778658398807:449
[    6258ms] [LOG] {code: 0, data: Object, message: } 121212 @ http://localhost:3101/finance/src/api/generated/core/request.ts?t=1778658398807:57
[    6259ms] [LOG] 7 total @ http://localhost:3101/finance/src/views/voucher/checkVoucher/index.vue?t=1778658398807:586
[  140227ms] [WARNING] [Vue warn]: Invalid prop: type check failed for prop "current". Expected Number with value 202512, got String with value "202512". 
  at <MonthSelectorScroll class="selector-time__scroll" onClickItem=fn<selectMonth> current="202512"  ... > 
  at <Index onVnodeUnmounted=fn<onVnodeUnmounted> ref=Ref< Proxy(Object) > key="/voucher/checkVoucher?accountSetId=019a343e4d8172e28d5055999b01ca5f" > 
  at <KeepAlive key=0 include= [checkVoucher] > 
  at <RouterView> 
  at <PageView> 
  at <Anonymous hasSider=undefined prefixCls="ant-layout-content" tagName="main" > 
  at <ALayoutContent> 
  at <Anonymous hasSider=undefined prefixCls="ant-layout" tagName="section"  ... > 
  at <ALayout style= {position: relative} > 
  at <Anonymous hasSider=true prefixCls="ant-layout" tagName="section" > 
  at <ALayout has-sider="" > 
  at <ASpin spinning=false > 
  at <ProLayout onVnodeUnmounted=fn<onVnodeUnmounted> ref=Ref< Proxy(Object) > > 
  at <RouterView> 
  at <ALocaleProvider locale= {locale: zh-cn, Pagination: Object, DatePicker: Object, TimePicker: Object, Calendar: Object} ANT_MARK__="internalMark" > 
  at <LocaleReceiver children=fn<children> > 
  at <AConfigProvider locale= {locale: zh-cn, Pagination: Object, DatePicker: Object, TimePicker: Object, Calendar: Object} > 
  at <App> @ http://localhost:3101/finance/node_modules/.vite/deps/chunk-F6P7Z22E.js?v=290f2014:2475
[  148238ms] [WARNING] [Vue warn]: Invalid prop: type check failed for prop "current". Expected Number with value 202512, got String with value "202512". 
  at <MonthSelectorScroll class="selector-time__scroll" onClickItem=fn<selectMonth> current="202512"  ... > 
  at <Index onVnodeUnmounted=fn<onVnodeUnmounted> ref=Ref< Proxy(Object) > key="/voucher/checkVoucher?accountSetId=019a343e4d8172e28d5055999b01ca5f" > 
  at <KeepAlive key=0 include= [checkVoucher] > 
  at <RouterView> 
  at <PageView> 
  at <Anonymous hasSider=undefined prefixCls="ant-layout-content" tagName="main" > 
  at <ALayoutContent> 
  at <Anonymous hasSider=undefined prefixCls="ant-layout" tagName="section"  ... > 
  at <ALayout style= {position: relative} > 
  at <Anonymous hasSider=true prefixCls="ant-layout" tagName="section" > 
  at <ALayout has-sider="" > 
  at <ASpin spinning=false > 
  at <ProLayout onVnodeUnmounted=fn<onVnodeUnmounted> ref=Ref< Proxy(Object) > > 
  at <RouterView> 
  at <ALocaleProvider locale= {locale: zh-cn, Pagination: Object, DatePicker: Object, TimePicker: Object, Calendar: Object} ANT_MARK__="internalMark" > 
  at <LocaleReceiver children=fn<children> > 
  at <AConfigProvider locale= {locale: zh-cn, Pagination: Object, DatePicker: Object, TimePicker: Object, Calendar: Object} > 
  at <App> @ http://localhost:3101/finance/node_modules/.vite/deps/chunk-F6P7Z22E.js?v=290f2014:2475
[  157685ms] [WARNING] [Vue warn]: Invalid prop: type check failed for prop "current". Expected Number with value 0, got String with value "". 
  at <MonthSelectorScroll class="selector-time__scroll" onClickItem=fn<selectMonth> current=""  ... > 
  at <Index onVnodeUnmounted=fn<onVnodeUnmounted> ref=Ref< null > key="/voucher/checkVoucher?accountSetId=019a343e4d8172e28d5055999b01ca5f" > 
  at <KeepAlive key=0 include= [checkVoucher] > 
  at <RouterView> 
  at <PageView> 
  at <Anonymous hasSider=undefined prefixCls="ant-layout-content" tagName="main" > 
  at <ALayoutContent> 
  at <Anonymous hasSider=undefined prefixCls="ant-layout" tagName="section"  ... > 
  at <ALayout style= {position: relative} > 
  at <Anonymous hasSider=true prefixCls="ant-layout" tagName="section" > 
  at <ALayout has-sider="" > 
  at <ASpin spinning=false > 
  at <ProLayout onVnodeUnmounted=fn<onVnodeUnmounted> ref=Ref< Proxy(Object) > > 
  at <RouterView> 
  at <ALocaleProvider locale= {locale: zh-cn, Pagination: Object, DatePicker: Object, TimePicker: Object, Calendar: Object} ANT_MARK__="internalMark" > 
  at <LocaleReceiver children=fn<children> > 
  at <AConfigProvider locale= {locale: zh-cn, Pagination: Object, DatePicker: Object, TimePicker: Object, Calendar: Object} > 
  at <App> @ http://localhost:3101/finance/node_modules/.vite/deps/chunk-F6P7Z22E.js?v=290f2014:2475
[  157696ms] [LOG] convertToChineseCurrency 零元整 @ http://localhost:3101/finance/src/components/voucher/RecordVoucher.vue?t=1778658601728:2360
[  157696ms] [LOG] Proxy(Object) init @ http://localhost:3101/finance/src/components/voucher/RecordVoucher.vue?t=1778658601728:2220
[  157696ms] [LOG] 没有数据 @ http://localhost:3101/finance/src/components/voucher/RecordVoucher.vue?t=1778658601728:2355
[  157711ms] [LOG] onActivated 恢复缓存数据 id  @ http://localhost:3101/finance/src/components/voucher/RecordVoucher.vue?t=1778658601728:2690
[  157711ms] [LOG] undefined subjectItemsubjectItemsubjectItemsubjectItem @ http://localhost:3101/finance/src/components/voucher/RecordVoucher.vue?t=1778658601728:1034
[  157711ms] [LOG] [] 相同科目的凭证分录列表 @ http://localhost:3101/finance/src/components/voucher/RecordVoucher.vue?t=1778658601728:1035
[  157711ms] [LOG] undefined subjectItemsubjectItemsubjectItemsubjectItem @ http://localhost:3101/finance/src/components/voucher/RecordVoucher.vue?t=1778658601728:1034
[  157711ms] [LOG] [] 相同科目的凭证分录列表 @ http://localhost:3101/finance/src/components/voucher/RecordVoucher.vue?t=1778658601728:1035
[  157711ms] [LOG] undefined subjectItemsubjectItemsubjectItemsubjectItem @ http://localhost:3101/finance/src/components/voucher/RecordVoucher.vue?t=1778658601728:1034
[  157711ms] [LOG] [] 相同科目的凭证分录列表 @ http://localhost:3101/finance/src/components/voucher/RecordVoucher.vue?t=1778658601728:1035
[  157711ms] [LOG] undefined subjectItemsubjectItemsubjectItemsubjectItem @ http://localhost:3101/finance/src/components/voucher/RecordVoucher.vue?t=1778658601728:1034
[  157711ms] [LOG] [] 相同科目的凭证分录列表 @ http://localhost:3101/finance/src/components/voucher/RecordVoucher.vue?t=1778658601728:1035
[  157711ms] [LOG] undefined subjectItemsubjectItemsubjectItemsubjectItem @ http://localhost:3101/finance/src/components/voucher/RecordVoucher.vue?t=1778658601728:1034
[  157711ms] [LOG] [] 相同科目的凭证分录列表 @ http://localhost:3101/finance/src/components/voucher/RecordVoucher.vue?t=1778658601728:1035
[  157713ms] [WARNING] [Vue warn]: Invalid prop: type check failed for prop "current". Expected Number with value 202603, got String with value "202603". 
  at <MonthSelectorScroll class="selector-time__scroll" onClickItem=fn<selectMonth> current="202603"  ... > 
  at <Index onVnodeUnmounted=fn<onVnodeUnmounted> ref=Ref< Proxy(Object) > key="/voucher/checkVoucher?accountSetId=019a343e4d8172e28d5055999b01ca5f" > 
  at <KeepAlive key=0 include= [checkVoucher] > 
  at <RouterView> 
  at <PageView> 
  at <Anonymous hasSider=undefined prefixCls="ant-layout-content" tagName="main" > 
  at <ALayoutContent> 
  at <Anonymous hasSider=undefined prefixCls="ant-layout" tagName="section"  ... > 
  at <ALayout style= {position: relative} > 
  at <Anonymous hasSider=true prefixCls="ant-layout" tagName="section" > 
  at <ALayout has-sider="" > 
  at <ASpin spinning=false > 
  at <ProLayout onVnodeUnmounted=fn<onVnodeUnmounted> ref=Ref< Proxy(Object) > > 
  at <RouterView> 
  at <ALocaleProvider locale= {locale: zh-cn, Pagination: Object, DatePicker: Object, TimePicker: Object, Calendar: Object} ANT_MARK__="internalMark" > 
  at <LocaleReceiver children=fn<children> > 
  at <AConfigProvider locale= {locale: zh-cn, Pagination: Object, DatePicker: Object, TimePicker: Object, Calendar: Object} > 
  at <App> @ http://localhost:3101/finance/node_modules/.vite/deps/chunk-F6P7Z22E.js?v=290f2014:2475
[  158240ms] [LOG] {code: 0, data: 002, message: } 121212 @ http://localhost:3101/finance/src/api/generated/core/request.ts?t=1778658601728:57
[  158250ms] [LOG] {code: 0, data: Object, message: } 121212 @ http://localhost:3101/finance/src/api/generated/core/request.ts?t=1778658601728:57
[  158250ms] [LOG] {code: 0, data: Object, message: } 断号检查 @ http://localhost:3101/finance/src/views/voucher/checkVoucher/index.vue?t=1778658601728:458
[  158293ms] [LOG] {code: 0, data: 002, message: } 121212 @ http://localhost:3101/finance/src/api/generated/core/request.ts?t=1778658601728:57
[  158346ms] [LOG] {code: 0, data: Object, message: } 121212 @ http://localhost:3101/finance/src/api/generated/core/request.ts?t=1778658601728:57
[  158346ms] [LOG] 1 total @ http://localhost:3101/finance/src/views/voucher/checkVoucher/index.vue?t=1778658601728:595
[  158364ms] [LOG] {code: 0, data: Object, message: } 121212 @ http://localhost:3101/finance/src/api/generated/core/request.ts?t=1778658601728:57
[  158364ms] [LOG] true false getVoucherButtonFn @ http://localhost:3101/finance/src/components/voucher/RecordVoucher.vue?t=1778658601728:727
[  158408ms] [LOG] {code: 0, data: Object, message: } 121212 @ http://localhost:3101/finance/src/api/generated/core/request.ts?t=1778658601728:57
[  158408ms] [LOG] {hasGap: false, gapCount: 0, gapPositions: Array(0)} checkVoucherGapFn @ http://localhost:3101/finance/src/components/voucher/RecordVoucher.vue?t=1778658601728:476
[  158449ms] [LOG] {code: 0, data: Object, message: } 121212 @ http://localhost:3101/finance/src/api/generated/core/request.ts?t=1778658601728:57
[  158449ms] [LOG] {printFormat: 1, voucherType: 2, leftOffset: 10, topOffset: 10} 获取打印设置详情 @ http://localhost:3101/finance/src/views/voucher/checkVoucher/index.vue?t=1778658601728:562
[  164843ms] [WARNING] [Vue warn]: Invalid prop: type check failed for prop "current". Expected Number with value 0, got String with value "". 
  at <MonthSelectorScroll class="selector-time__scroll" onClickItem=fn<selectMonth> current=""  ... > 
  at <Index onVnodeUnmounted=fn<onVnodeUnmounted> ref=Ref< null > key="/voucher/checkVoucher?accountSetId=019a343e4d8172e28d5055999b01ca5f" > 
  at <KeepAlive key=0 include= [checkVoucher] > 
  at <RouterView> 
  at <PageView> 
  at <Anonymous hasSider=undefined prefixCls="ant-layout-content" tagName="main" > 
  at <ALayoutContent> 
  at <Anonymous hasSider=undefined prefixCls="ant-layout" tagName="section"  ... > 
  at <ALayout style= {position: relative} > 
  at <Anonymous hasSider=true prefixCls="ant-layout" tagName="section" > 
  at <ALayout has-sider="" > 
  at <ASpin spinning=false > 
  at <ProLayout onVnodeUnmounted=fn<onVnodeUnmounted> ref=Ref< Proxy(Object) > > 
  at <RouterView> 
  at <ALocaleProvider locale= {locale: zh-cn, Pagination: Object, DatePicker: Object, TimePicker: Object, Calendar: Object} ANT_MARK__="internalMark" > 
  at <LocaleReceiver children=fn<children> > 
  at <AConfigProvider locale= {locale: zh-cn, Pagination: Object, DatePicker: Object, TimePicker: Object, Calendar: Object} > 
  at <App> @ http://localhost:3101/finance/node_modules/.vite/deps/chunk-F6P7Z22E.js?v=290f2014:2475
[  164853ms] [LOG] convertToChineseCurrency 零元整 @ http://localhost:3101/finance/src/components/voucher/RecordVoucher.vue?t=1778658608905:2360
[  164854ms] [LOG] Proxy(Object) init @ http://localhost:3101/finance/src/components/voucher/RecordVoucher.vue?t=1778658608905:2220
[  164854ms] [LOG] 没有数据 @ http://localhost:3101/finance/src/components/voucher/RecordVoucher.vue?t=1778658608905:2355
[  164866ms] [LOG] onActivated 恢复缓存数据 id  @ http://localhost:3101/finance/src/components/voucher/RecordVoucher.vue?t=1778658608905:2690
[  164866ms] [LOG] undefined subjectItemsubjectItemsubjectItemsubjectItem @ http://localhost:3101/finance/src/components/voucher/RecordVoucher.vue?t=1778658608905:1034
[  164866ms] [LOG] [] 相同科目的凭证分录列表 @ http://localhost:3101/finance/src/components/voucher/RecordVoucher.vue?t=1778658608905:1035
[  164867ms] [LOG] undefined subjectItemsubjectItemsubjectItemsubjectItem @ http://localhost:3101/finance/src/components/voucher/RecordVoucher.vue?t=1778658608905:1034
[  164867ms] [LOG] [] 相同科目的凭证分录列表 @ http://localhost:3101/finance/src/components/voucher/RecordVoucher.vue?t=1778658608905:1035
[  164867ms] [LOG] undefined subjectItemsubjectItemsubjectItemsubjectItem @ http://localhost:3101/finance/src/components/voucher/RecordVoucher.vue?t=1778658608905:1034
[  164867ms] [LOG] [] 相同科目的凭证分录列表 @ http://localhost:3101/finance/src/components/voucher/RecordVoucher.vue?t=1778658608905:1035
[  164867ms] [LOG] undefined subjectItemsubjectItemsubjectItemsubjectItem @ http://localhost:3101/finance/src/components/voucher/RecordVoucher.vue?t=1778658608905:1034
[  164867ms] [LOG] [] 相同科目的凭证分录列表 @ http://localhost:3101/finance/src/components/voucher/RecordVoucher.vue?t=1778658608905:1035
[  164867ms] [LOG] undefined subjectItemsubjectItemsubjectItemsubjectItem @ http://localhost:3101/finance/src/components/voucher/RecordVoucher.vue?t=1778658608905:1034
[  164867ms] [LOG] [] 相同科目的凭证分录列表 @ http://localhost:3101/finance/src/components/voucher/RecordVoucher.vue?t=1778658608905:1035
[  164867ms] [WARNING] [Vue warn]: Invalid prop: type check failed for prop "current". Expected Number with value 202603, got String with value "202603". 
  at <MonthSelectorScroll class="selector-time__scroll" onClickItem=fn<selectMonth> current="202603"  ... > 
  at <Index onVnodeUnmounted=fn<onVnodeUnmounted> ref=Ref< Proxy(Object) > key="/voucher/checkVoucher?accountSetId=019a343e4d8172e28d5055999b01ca5f" > 
  at <KeepAlive key=0 include= [checkVoucher] > 
  at <RouterView> 
  at <PageView> 
  at <Anonymous hasSider=undefined prefixCls="ant-layout-content" tagName="main" > 
  at <ALayoutContent> 
  at <Anonymous hasSider=undefined prefixCls="ant-layout" tagName="section"  ... > 
  at <ALayout style= {position: relative} > 
  at <Anonymous hasSider=true prefixCls="ant-layout" tagName="section" > 
  at <ALayout has-sider="" > 
  at <ASpin spinning=false > 
  at <ProLayout onVnodeUnmounted=fn<onVnodeUnmounted> ref=Ref< Proxy(Object) > > 
  at <RouterView> 
  at <ALocaleProvider locale= {locale: zh-cn, Pagination: Object, DatePicker: Object, TimePicker: Object, Calendar: Object} ANT_MARK__="internalMark" > 
  at <LocaleReceiver children=fn<children> > 
  at <AConfigProvider locale= {locale: zh-cn, Pagination: Object, DatePicker: Object, TimePicker: Object, Calendar: Object} > 
  at <App> @ http://localhost:3101/finance/node_modules/.vite/deps/chunk-F6P7Z22E.js?v=290f2014:2475
[  166384ms] [LOG] {code: 0, data: Object, message: } 121212 @ http://localhost:3101/finance/src/api/generated/core/request.ts?t=1778658608905:57
[  166384ms] [LOG] {code: 0, data: Object, message: } 断号检查 @ http://localhost:3101/finance/src/views/voucher/checkVoucher/index.vue?t=1778658608905:457
[  166384ms] [LOG] {code: 0, data: 002, message: } 121212 @ http://localhost:3101/finance/src/api/generated/core/request.ts?t=1778658608905:57
[  166424ms] [LOG] {code: 0, data: 002, message: } 121212 @ http://localhost:3101/finance/src/api/generated/core/request.ts?t=1778658608905:57
[  166455ms] [LOG] {code: 0, data: Object, message: } 121212 @ http://localhost:3101/finance/src/api/generated/core/request.ts?t=1778658608905:57
[  166456ms] [LOG] true false getVoucherButtonFn @ http://localhost:3101/finance/src/components/voucher/RecordVoucher.vue?t=1778658608905:727
[  166483ms] [LOG] {code: 0, data: Object, message: } 121212 @ http://localhost:3101/finance/src/api/generated/core/request.ts?t=1778658608905:57
[  166483ms] [LOG] 1 total @ http://localhost:3101/finance/src/views/voucher/checkVoucher/index.vue?t=1778658608905:594
[  166510ms] [LOG] {code: 0, data: Object, message: } 121212 @ http://localhost:3101/finance/src/api/generated/core/request.ts?t=1778658608905:57
[  166510ms] [LOG] {hasGap: false, gapCount: 0, gapPositions: Array(0)} checkVoucherGapFn @ http://localhost:3101/finance/src/components/voucher/RecordVoucher.vue?t=1778658608905:476
[  166561ms] [LOG] {code: 0, data: Object, message: } 121212 @ http://localhost:3101/finance/src/api/generated/core/request.ts?t=1778658608905:57
[  166561ms] [LOG] {printFormat: 1, voucherType: 2, leftOffset: 10, topOffset: 10} 获取打印设置详情 @ http://localhost:3101/finance/src/views/voucher/checkVoucher/index.vue?t=1778658608905:561
[  614715ms] [LOG] Proxy(Array) checkedArr.value @ http://localhost:3101/finance/src/views/voucher/checkVoucher/index.vue?t=1778658608905:352
[  620945ms] [LOG] 单选 [Proxy(Object)] @ http://localhost:3101/finance/src/components/voucher/CheckVoucher.vue:71
[  621898ms] [LOG] Proxy(Array) checkedArr.value @ http://localhost:3101/finance/src/views/voucher/checkVoucher/index.vue?t=1778658608905:352
[  623932ms] [LOG] Cancel @ http://localhost:3101/finance/src/views/voucher/checkVoucher/index.vue?t=1778658608905:383
[  623932ms] [LOG] 取消 @ http://localhost:3101/finance/src/views/voucher/checkVoucher/index.vue?t=1778658608905:384
[  631623ms] [LOG] {code: 0, data: true, message: } 121212 @ http://localhost:3101/finance/src/api/generated/core/request.ts?t=1778658608905:57
[  631884ms] [LOG] {code: 0, data: Object, message: } 121212 @ http://localhost:3101/finance/src/api/generated/core/request.ts?t=1778658608905:57
[  631884ms] [LOG] {code: 0, data: Object, message: } 断号检查 @ http://localhost:3101/finance/src/views/voucher/checkVoucher/index.vue?t=1778658608905:457
[  632187ms] [LOG] {code: 0, data: Object, message: } 121212 @ http://localhost:3101/finance/src/api/generated/core/request.ts?t=1778658608905:57
[  632187ms] [LOG] {code: 0, data: Object, message: } 断号检查 @ http://localhost:3101/finance/src/views/voucher/checkVoucher/index.vue?t=1778658608905:457
[  632792ms] [LOG] {code: 0, data: Object, message: } 121212 @ http://localhost:3101/finance/src/api/generated/core/request.ts?t=1778658608905:57
[  632792ms] [LOG] 1 total @ http://localhost:3101/finance/src/views/voucher/checkVoucher/index.vue?t=1778658608905:594
[  639247ms] [LOG] 202512 月份 @ http://localhost:3101/finance/src/views/voucher/checkVoucher/index.vue?t=1778658608905:607
[  639247ms] [WARNING] [Vue warn]: Invalid prop: type check failed for prop "current". Expected Number with value 202512, got String with value "202512". 
  at <MonthSelectorScroll class="selector-time__scroll" onClickItem=fn<selectMonth> current="202512"  ... > 
  at <Index onVnodeUnmounted=fn<onVnodeUnmounted> ref=Ref< Proxy(Object) > key="/voucher/checkVoucher?accountSetId=019a343e4d8172e28d5055999b01ca5f" > 
  at <KeepAlive key=0 include= [checkVoucher] > 
  at <RouterView> 
  at <PageView> 
  at <Anonymous hasSider=undefined prefixCls="ant-layout-content" tagName="main" > 
  at <ALayoutContent> 
  at <Anonymous hasSider=undefined prefixCls="ant-layout" tagName="section"  ... > 
  at <ALayout style= {position: relative} > 
  at <Anonymous hasSider=true prefixCls="ant-layout" tagName="section" > 
  at <ALayout has-sider="" > 
  at <ASpin spinning=false > 
  at <ProLayout onVnodeUnmounted=fn<onVnodeUnmounted> ref=Ref< Proxy(Object) > > 
  at <RouterView> 
  at <ALocaleProvider locale= {locale: zh-cn, Pagination: Object, DatePicker: Object, TimePicker: Object, Calendar: Object} ANT_MARK__="internalMark" > 
  at <LocaleReceiver children=fn<children> > 
  at <AConfigProvider locale= {locale: zh-cn, Pagination: Object, DatePicker: Object, TimePicker: Object, Calendar: Object} > 
  at <App> @ http://localhost:3101/finance/node_modules/.vite/deps/chunk-F6P7Z22E.js?v=290f2014:2475
[  639752ms] [LOG] {code: 0, data: Object, message: } 121212 @ http://localhost:3101/finance/src/api/generated/core/request.ts?t=1778658608905:57
[  639752ms] [LOG] {code: 0, data: Object, message: } 断号检查 @ http://localhost:3101/finance/src/views/voucher/checkVoucher/index.vue?t=1778658608905:457
[  640034ms] [LOG] {code: 0, data: Object, message: } 121212 @ http://localhost:3101/finance/src/api/generated/core/request.ts?t=1778658608905:57
[  640034ms] [LOG] 7 total @ http://localhost:3101/finance/src/views/voucher/checkVoucher/index.vue?t=1778658608905:594
[  644949ms] [LOG] {code: 0, data: true, message: } 121212 @ http://localhost:3101/finance/src/api/generated/core/request.ts?t=1778658608905:57
[  645790ms] [LOG] {code: 0, data: Object, message: } 121212 @ http://localhost:3101/finance/src/api/generated/core/request.ts?t=1778658608905:57
[  645790ms] [LOG] {code: 0, data: Object, message: } 断号检查 @ http://localhost:3101/finance/src/views/voucher/checkVoucher/index.vue?t=1778658608905:457
[  645840ms] [LOG] {code: 0, data: Object, message: } 121212 @ http://localhost:3101/finance/src/api/generated/core/request.ts?t=1778658608905:57
[  645840ms] [LOG] {code: 0, data: Object, message: } 断号检查 @ http://localhost:3101/finance/src/views/voucher/checkVoucher/index.vue?t=1778658608905:457
[  646475ms] [LOG] {code: 0, data: Object, message: } 121212 @ http://localhost:3101/finance/src/api/generated/core/request.ts?t=1778658608905:57
[  646475ms] [LOG] 7 total @ http://localhost:3101/finance/src/views/voucher/checkVoucher/index.vue?t=1778658608905:594
[  695306ms] [WARNING] [Vue warn]: Invalid prop: type check failed for prop "current". Expected Number with value 0, got String with value "". 
  at <MonthSelectorScroll class="selector-time__scroll" onClickItem=fn<selectMonth> current=""  ... > 
  at <Index onVnodeUnmounted=fn<onVnodeUnmounted> ref=Ref< undefined > key="/voucher/checkVoucher?accountSetId=019a343e4d8172e28d5055999b01ca5f" > 
  at <KeepAlive key=0 include= [checkVoucher] > 
  at <RouterView> 
  at <PageView> 
  at <Anonymous hasSider=undefined prefixCls="ant-layout-content" tagName="main" > 
  at <ALayoutContent> 
  at <Anonymous hasSider=undefined prefixCls="ant-layout" tagName="section"  ... > 
  at <ALayout style= {position: relative} > 
  at <Anonymous hasSider=true prefixCls="ant-layout" tagName="section" > 
  at <ALayout has-sider="" > 
  at <ASpin spinning=false > 
  at <ProLayout onVnodeUnmounted=fn<onVnodeUnmounted> ref=Ref< undefined > > 
  at <RouterView> 
  at <ALocaleProvider locale= {locale: zh-cn, Pagination: Object, DatePicker: Object, TimePicker: Object, Calendar: Object} ANT_MARK__="internalMark" > 
  at <LocaleReceiver children=fn<children> > 
  at <AConfigProvider locale= {locale: zh-cn, Pagination: Object, DatePicker: Object, TimePicker: Object, Calendar: Object} > 
  at <App> @ http://localhost:3101/finance/node_modules/.vite/deps/chunk-F6P7Z22E.js?v=290f2014:2475
[  695326ms] [LOG] convertToChineseCurrency 零元整 @ http://localhost:3101/finance/src/components/voucher/RecordVoucher.vue?t=1778659136723:2360
[  695326ms] [LOG] Proxy(Object) init @ http://localhost:3101/finance/src/components/voucher/RecordVoucher.vue?t=1778659136723:2220
[  695327ms] [LOG] 没有数据 @ http://localhost:3101/finance/src/components/voucher/RecordVoucher.vue?t=1778659136723:2355
[  695347ms] [LOG] true isPermission @ http://localhost:3101/finance/src/publicModules/aiChat/AiCustomer.vue?t=1778659136723:1480
[  695352ms] [LOG] [all, false] newVa2222l @ http://localhost:3101/finance/src/publicModules/teacherGuide/teacherGuide.vue?t=1778659136723:556
[  695358ms] [LOG] onActivated 恢复缓存数据 id  @ http://localhost:3101/finance/src/components/voucher/RecordVoucher.vue?t=1778659136723:2690
[  695358ms] [LOG] undefined subjectItemsubjectItemsubjectItemsubjectItem @ http://localhost:3101/finance/src/components/voucher/RecordVoucher.vue?t=1778659136723:1034
[  695358ms] [LOG] [] 相同科目的凭证分录列表 @ http://localhost:3101/finance/src/components/voucher/RecordVoucher.vue?t=1778659136723:1035
[  695358ms] [LOG] undefined subjectItemsubjectItemsubjectItemsubjectItem @ http://localhost:3101/finance/src/components/voucher/RecordVoucher.vue?t=1778659136723:1034
[  695358ms] [LOG] [] 相同科目的凭证分录列表 @ http://localhost:3101/finance/src/components/voucher/RecordVoucher.vue?t=1778659136723:1035
[  695358ms] [LOG] undefined subjectItemsubjectItemsubjectItemsubjectItem @ http://localhost:3101/finance/src/components/voucher/RecordVoucher.vue?t=1778659136723:1034
[  695358ms] [LOG] [] 相同科目的凭证分录列表 @ http://localhost:3101/finance/src/components/voucher/RecordVoucher.vue?t=1778659136723:1035
[  695358ms] [LOG] undefined subjectItemsubjectItemsubjectItemsubjectItem @ http://localhost:3101/finance/src/components/voucher/RecordVoucher.vue?t=1778659136723:1034
[  695358ms] [LOG] [] 相同科目的凭证分录列表 @ http://localhost:3101/finance/src/components/voucher/RecordVoucher.vue?t=1778659136723:1035
[  695358ms] [LOG] undefined subjectItemsubjectItemsubjectItemsubjectItem @ http://localhost:3101/finance/src/components/voucher/RecordVoucher.vue?t=1778659136723:1034
[  695359ms] [LOG] [] 相同科目的凭证分录列表 @ http://localhost:3101/finance/src/components/voucher/RecordVoucher.vue?t=1778659136723:1035
[  695379ms] [WARNING] [Vue warn]: Invalid prop: type check failed for prop "current". Expected Number with value 202603, got String with value "202603". 
  at <MonthSelectorScroll class="selector-time__scroll" onClickItem=fn<selectMonth> current="202603"  ... > 
  at <Index onVnodeUnmounted=fn<onVnodeUnmounted> ref=Ref< Proxy(Object) > key="/voucher/checkVoucher?accountSetId=019a343e4d8172e28d5055999b01ca5f" > 
  at <KeepAlive key=0 include= [checkVoucher] > 
  at <RouterView> 
  at <PageView> 
  at <Anonymous hasSider=undefined prefixCls="ant-layout-content" tagName="main" > 
  at <ALayoutContent> 
  at <Anonymous hasSider=undefined prefixCls="ant-layout" tagName="section"  ... > 
  at <ALayout style= {position: relative} > 
  at <Anonymous hasSider=true prefixCls="ant-layout" tagName="section" > 
  at <ALayout has-sider="" > 
  at <ASpin spinning=true > 
  at <ProLayout onVnodeUnmounted=fn<onVnodeUnmounted> ref=Ref< Proxy(Object) > > 
  at <RouterView> 
  at <ALocaleProvider locale= {locale: zh-cn, Pagination: Object, DatePicker: Object, TimePicker: Object, Calendar: Object} ANT_MARK__="internalMark" > 
  at <LocaleReceiver children=fn<children> > 
  at <AConfigProvider locale= {locale: zh-cn, Pagination: Object, DatePicker: Object, TimePicker: Object, Calendar: Object} > 
  at <App> @ http://localhost:3101/finance/node_modules/.vite/deps/chunk-F6P7Z22E.js?v=290f2014:2475
[  696015ms] [LOG] {code: 0, data: Object, message: } 121212 @ http://localhost:3101/finance/src/api/generated/core/request.ts?t=1778659136723:57
[  696015ms] [LOG] {code: 0, data: Object, message: } 断号检查 @ http://localhost:3101/finance/src/views/voucher/checkVoucher/index.vue?t=1778659136723:436
[  696016ms] [LOG] {code: 0, data: 002, message: } 121212 @ http://localhost:3101/finance/src/api/generated/core/request.ts?t=1778659136723:57
[  696018ms] [LOG] {code: 0, data: Array(32), message: } 121212 @ http://localhost:3101/finance/src/api/generated/core/request.ts?t=1778659136723:57
[  696306ms] [LOG] {code: 0, data: 002, message: } 121212 @ http://localhost:3101/finance/src/api/generated/core/request.ts?t=1778659136723:57
[  696616ms] [LOG] {code: 0, data: Object, message: } 121212 @ http://localhost:3101/finance/src/api/generated/core/request.ts?t=1778659136723:57
[  696621ms] [LOG] {code: 0, data: Object, message: } 121212 @ http://localhost:3101/finance/src/api/generated/core/request.ts?t=1778659136723:57
[  696649ms] [LOG] {code: 0, data: Object, message: } 121212 @ http://localhost:3101/finance/src/api/generated/core/request.ts?t=1778659136723:57
[  696649ms] [LOG] 1 total @ http://localhost:3101/finance/src/views/voucher/checkVoucher/index.vue?t=1778659136723:573
[  696951ms] [LOG] {code: 0, data: Object, message: } 121212 @ http://localhost:3101/finance/src/api/generated/core/request.ts?t=1778659136723:57
[  696951ms] [LOG] true false getVoucherButtonFn @ http://localhost:3101/finance/src/components/voucher/RecordVoucher.vue?t=1778659136723:727
[  697217ms] [LOG] {code: 0, data: Object, message: } 121212 @ http://localhost:3101/finance/src/api/generated/core/request.ts?t=1778659136723:57
[  697218ms] [LOG] {hasGap: false, gapCount: 0, gapPositions: Array(0)} checkVoucherGapFn @ http://localhost:3101/finance/src/components/voucher/RecordVoucher.vue?t=1778659136723:476
[  697218ms] [LOG] {code: 0, data: Object, message: } 121212 @ http://localhost:3101/finance/src/api/generated/core/request.ts?t=1778659136723:57
[  697218ms] [LOG] {printFormat: 1, voucherType: 2, leftOffset: 10, topOffset: 10} 获取打印设置详情 @ http://localhost:3101/finance/src/views/voucher/checkVoucher/index.vue?t=1778659136723:540
[  701245ms] [WARNING] [Vue warn]: Invalid prop: type check failed for prop "current". Expected Number with value 0, got String with value "". 
  at <MonthSelectorScroll class="selector-time__scroll" onClickItem=fn<selectMonth> current=""  ... > 
  at <Index onVnodeUnmounted=fn<onVnodeUnmounted> ref=Ref< undefined > key="/voucher/checkVoucher?accountSetId=019a343e4d8172e28d5055999b01ca5f" > 
  at <KeepAlive key=0 include= [checkVoucher] > 
  at <RouterView> 
  at <PageView> 
  at <Anonymous hasSider=undefined prefixCls="ant-layout-content" tagName="main" > 
  at <ALayoutContent> 
  at <Anonymous hasSider=undefined prefixCls="ant-layout" tagName="section"  ... > 
  at <ALayout style= {position: relative} > 
  at <Anonymous hasSider=true prefixCls="ant-layout" tagName="section" > 
  at <ALayout has-sider="" > 
  at <ASpin spinning=false > 
  at <ProLayout onVnodeUnmounted=fn<onVnodeUnmounted> ref=Ref< undefined > > 
  at <RouterView> 
  at <ALocaleProvider locale= {locale: zh-cn, Pagination: Object, DatePicker: Object, TimePicker: Object, Calendar: Object} ANT_MARK__="internalMark" > 
  at <LocaleReceiver children=fn<children> > 
  at <AConfigProvider locale= {locale: zh-cn, Pagination: Object, DatePicker: Object, TimePicker: Object, Calendar: Object} > 
  at <App> @ http://localhost:3101/finance/node_modules/.vite/deps/chunk-F6P7Z22E.js?v=290f2014:2475
[  701264ms] [LOG] convertToChineseCurrency 零元整 @ http://localhost:3101/finance/src/components/voucher/RecordVoucher.vue?t=1778659142956:2360
[  701265ms] [LOG] Proxy(Object) init @ http://localhost:3101/finance/src/components/voucher/RecordVoucher.vue?t=1778659142956:2220
[  701265ms] [LOG] 没有数据 @ http://localhost:3101/finance/src/components/voucher/RecordVoucher.vue?t=1778659142956:2355
[  701279ms] [LOG] true isPermission @ http://localhost:3101/finance/src/publicModules/aiChat/AiCustomer.vue?t=1778659142956:1480
[  701284ms] [LOG] [all, false] newVa2222l @ http://localhost:3101/finance/src/publicModules/teacherGuide/teacherGuide.vue?t=1778659142956:556
[  701289ms] [LOG] onActivated 恢复缓存数据 id  @ http://localhost:3101/finance/src/components/voucher/RecordVoucher.vue?t=1778659142956:2690
[  701289ms] [LOG] undefined subjectItemsubjectItemsubjectItemsubjectItem @ http://localhost:3101/finance/src/components/voucher/RecordVoucher.vue?t=1778659142956:1034
[  701289ms] [LOG] [] 相同科目的凭证分录列表 @ http://localhost:3101/finance/src/components/voucher/RecordVoucher.vue?t=1778659142956:1035
[  701289ms] [LOG] undefined subjectItemsubjectItemsubjectItemsubjectItem @ http://localhost:3101/finance/src/components/voucher/RecordVoucher.vue?t=1778659142956:1034
[  701289ms] [LOG] [] 相同科目的凭证分录列表 @ http://localhost:3101/finance/src/components/voucher/RecordVoucher.vue?t=1778659142956:1035
[  701289ms] [LOG] undefined subjectItemsubjectItemsubjectItemsubjectItem @ http://localhost:3101/finance/src/components/voucher/RecordVoucher.vue?t=1778659142956:1034
[  701289ms] [LOG] [] 相同科目的凭证分录列表 @ http://localhost:3101/finance/src/components/voucher/RecordVoucher.vue?t=1778659142956:1035
[  701289ms] [LOG] undefined subjectItemsubjectItemsubjectItemsubjectItem @ http://localhost:3101/finance/src/components/voucher/RecordVoucher.vue?t=1778659142956:1034
[  701289ms] [LOG] [] 相同科目的凭证分录列表 @ http://localhost:3101/finance/src/components/voucher/RecordVoucher.vue?t=1778659142956:1035
[  701289ms] [LOG] undefined subjectItemsubjectItemsubjectItemsubjectItem @ http://localhost:3101/finance/src/components/voucher/RecordVoucher.vue?t=1778659142956:1034
[  701289ms] [LOG] [] 相同科目的凭证分录列表 @ http://localhost:3101/finance/src/components/voucher/RecordVoucher.vue?t=1778659142956:1035
[  701309ms] [WARNING] [Vue warn]: Invalid prop: type check failed for prop "current". Expected Number with value 202603, got String with value "202603". 
  at <MonthSelectorScroll class="selector-time__scroll" onClickItem=fn<selectMonth> current="202603"  ... > 
  at <Index onVnodeUnmounted=fn<onVnodeUnmounted> ref=Ref< Proxy(Object) > key="/voucher/checkVoucher?accountSetId=019a343e4d8172e28d5055999b01ca5f" > 
  at <KeepAlive key=0 include= [checkVoucher] > 
  at <RouterView> 
  at <PageView> 
  at <Anonymous hasSider=undefined prefixCls="ant-layout-content" tagName="main" > 
  at <ALayoutContent> 
  at <Anonymous hasSider=undefined prefixCls="ant-layout" tagName="section"  ... > 
  at <ALayout style= {position: relative} > 
  at <Anonymous hasSider=true prefixCls="ant-layout" tagName="section" > 
  at <ALayout has-sider="" > 
  at <ASpin spinning=true > 
  at <ProLayout onVnodeUnmounted=fn<onVnodeUnmounted> ref=Ref< Proxy(Object) > > 
  at <RouterView> 
  at <ALocaleProvider locale= {locale: zh-cn, Pagination: Object, DatePicker: Object, TimePicker: Object, Calendar: Object} ANT_MARK__="internalMark" > 
  at <LocaleReceiver children=fn<children> > 
  at <AConfigProvider locale= {locale: zh-cn, Pagination: Object, DatePicker: Object, TimePicker: Object, Calendar: Object} > 
  at <App> @ http://localhost:3101/finance/node_modules/.vite/deps/chunk-F6P7Z22E.js?v=290f2014:2475
[  702220ms] [LOG] {code: 0, data: Object, message: } 121212 @ http://localhost:3101/finance/src/api/generated/core/request.ts?t=1778659142956:57
[  702220ms] [LOG] {code: 0, data: Object, message: } 断号检查 @ http://localhost:3101/finance/src/views/voucher/checkVoucher/index.vue?t=1778659142956:457
[  702221ms] [LOG] {code: 0, data: 002, message: } 121212 @ http://localhost:3101/finance/src/api/generated/core/request.ts?t=1778659142956:57
[  702223ms] [LOG] {code: 0, data: Array(32), message: } 121212 @ http://localhost:3101/finance/src/api/generated/core/request.ts?t=1778659142956:57
[  702356ms] [LOG] {code: 0, data: 002, message: } 121212 @ http://localhost:3101/finance/src/api/generated/core/request.ts?t=1778659142956:57
[  702586ms] [LOG] {code: 0, data: Object, message: } 121212 @ http://localhost:3101/finance/src/api/generated/core/request.ts?t=1778659142956:57
[  702588ms] [LOG] {code: 0, data: Object, message: } 121212 @ http://localhost:3101/finance/src/api/generated/core/request.ts?t=1778659142956:57
[  702607ms] [LOG] {code: 0, data: Object, message: } 121212 @ http://localhost:3101/finance/src/api/generated/core/request.ts?t=1778659142956:57
[  702607ms] [LOG] 1 total @ http://localhost:3101/finance/src/views/voucher/checkVoucher/index.vue?t=1778659142956:594
[  702727ms] [LOG] {code: 0, data: Object, message: } 121212 @ http://localhost:3101/finance/src/api/generated/core/request.ts?t=1778659142956:57
[  702727ms] [LOG] true false getVoucherButtonFn @ http://localhost:3101/finance/src/components/voucher/RecordVoucher.vue?t=1778659142956:727
[  702996ms] [LOG] {code: 0, data: Object, message: } 121212 @ http://localhost:3101/finance/src/api/generated/core/request.ts?t=1778659142956:57
[  702997ms] [LOG] {printFormat: 1, voucherType: 2, leftOffset: 10, topOffset: 10} 获取打印设置详情 @ http://localhost:3101/finance/src/views/voucher/checkVoucher/index.vue?t=1778659142956:561
[  702998ms] [LOG] {code: 0, data: Object, message: } 121212 @ http://localhost:3101/finance/src/api/generated/core/request.ts?t=1778659142956:57
[  702999ms] [LOG] {hasGap: false, gapCount: 0, gapPositions: Array(0)} checkVoucherGapFn @ http://localhost:3101/finance/src/components/voucher/RecordVoucher.vue?t=1778659142956:476
[  884949ms] [WARNING] [Vue warn]: Invalid prop: type check failed for prop "current". Expected Number with value 0, got String with value "". 
  at <MonthSelectorScroll class="selector-time__scroll" onClickItem=fn<selectMonth> current=""  ... > 
  at <Index onVnodeUnmounted=fn<onVnodeUnmounted> ref=Ref< undefined > key="/voucher/checkVoucher?accountSetId=019a343e4d8172e28d5055999b01ca5f" > 
  at <KeepAlive key=0 include= [checkVoucher] > 
  at <RouterView> 
  at <PageView> 
  at <Anonymous hasSider=undefined prefixCls="ant-layout-content" tagName="main" > 
  at <ALayoutContent> 
  at <Anonymous hasSider=undefined prefixCls="ant-layout" tagName="section"  ... > 
  at <ALayout style= {position: relative} > 
  at <Anonymous hasSider=true prefixCls="ant-layout" tagName="section" > 
  at <ALayout has-sider="" > 
  at <ASpin spinning=false > 
  at <ProLayout onVnodeUnmounted=fn<onVnodeUnmounted> ref=Ref< undefined > > 
  at <RouterView> 
  at <ALocaleProvider locale= {locale: zh-cn, Pagination: Object, DatePicker: Object, TimePicker: Object, Calendar: Object} ANT_MARK__="internalMark" > 
  at <LocaleReceiver children=fn<children> > 
  at <AConfigProvider locale= {locale: zh-cn, Pagination: Object, DatePicker: Object, TimePicker: Object, Calendar: Object} > 
  at <App> @ http://localhost:3101/finance/node_modules/.vite/deps/chunk-F6P7Z22E.js?v=290f2014:2475
[  884969ms] [LOG] convertToChineseCurrency 零元整 @ http://localhost:3101/finance/src/components/voucher/RecordVoucher.vue?t=1778659326048:2360
[  884970ms] [LOG] Proxy(Object) init @ http://localhost:3101/finance/src/components/voucher/RecordVoucher.vue?t=1778659326048:2220
[  884970ms] [LOG] 没有数据 @ http://localhost:3101/finance/src/components/voucher/RecordVoucher.vue?t=1778659326048:2355
[  884988ms] [LOG] true isPermission @ http://localhost:3101/finance/src/publicModules/aiChat/AiCustomer.vue?t=1778659326048:1480
[  884997ms] [LOG] [all, false] newVa2222l @ http://localhost:3101/finance/src/publicModules/teacherGuide/teacherGuide.vue?t=1778659326048:556
[  885003ms] [LOG] onActivated 恢复缓存数据 id  @ http://localhost:3101/finance/src/components/voucher/RecordVoucher.vue?t=1778659326048:2690
[  885004ms] [LOG] undefined subjectItemsubjectItemsubjectItemsubjectItem @ http://localhost:3101/finance/src/components/voucher/RecordVoucher.vue?t=1778659326048:1034
[  885004ms] [LOG] [] 相同科目的凭证分录列表 @ http://localhost:3101/finance/src/components/voucher/RecordVoucher.vue?t=1778659326048:1035
[  885004ms] [LOG] undefined subjectItemsubjectItemsubjectItemsubjectItem @ http://localhost:3101/finance/src/components/voucher/RecordVoucher.vue?t=1778659326048:1034
[  885004ms] [LOG] [] 相同科目的凭证分录列表 @ http://localhost:3101/finance/src/components/voucher/RecordVoucher.vue?t=1778659326048:1035
[  885004ms] [LOG] undefined subjectItemsubjectItemsubjectItemsubjectItem @ http://localhost:3101/finance/src/components/voucher/RecordVoucher.vue?t=1778659326048:1034
[  885004ms] [LOG] [] 相同科目的凭证分录列表 @ http://localhost:3101/finance/src/components/voucher/RecordVoucher.vue?t=1778659326048:1035
[  885004ms] [LOG] undefined subjectItemsubjectItemsubjectItemsubjectItem @ http://localhost:3101/finance/src/components/voucher/RecordVoucher.vue?t=1778659326048:1034
[  885004ms] [LOG] [] 相同科目的凭证分录列表 @ http://localhost:3101/finance/src/components/voucher/RecordVoucher.vue?t=1778659326048:1035
[  885004ms] [LOG] undefined subjectItemsubjectItemsubjectItemsubjectItem @ http://localhost:3101/finance/src/components/voucher/RecordVoucher.vue?t=1778659326048:1034
[  885004ms] [LOG] [] 相同科目的凭证分录列表 @ http://localhost:3101/finance/src/components/voucher/RecordVoucher.vue?t=1778659326048:1035
[  885023ms] [WARNING] [Vue warn]: Invalid prop: type check failed for prop "current". Expected Number with value 202603, got String with value "202603". 
  at <MonthSelectorScroll class="selector-time__scroll" onClickItem=fn<selectMonth> current="202603"  ... > 
  at <Index onVnodeUnmounted=fn<onVnodeUnmounted> ref=Ref< Proxy(Object) > key="/voucher/checkVoucher?accountSetId=019a343e4d8172e28d5055999b01ca5f" > 
  at <KeepAlive key=0 include= [checkVoucher] > 
  at <RouterView> 
  at <PageView> 
  at <Anonymous hasSider=undefined prefixCls="ant-layout-content" tagName="main" > 
  at <ALayoutContent> 
  at <Anonymous hasSider=undefined prefixCls="ant-layout" tagName="section"  ... > 
  at <ALayout style= {position: relative} > 
  at <Anonymous hasSider=true prefixCls="ant-layout" tagName="section" > 
  at <ALayout has-sider="" > 
  at <ASpin spinning=true > 
  at <ProLayout onVnodeUnmounted=fn<onVnodeUnmounted> ref=Ref< Proxy(Object) > > 
  at <RouterView> 
  at <ALocaleProvider locale= {locale: zh-cn, Pagination: Object, DatePicker: Object, TimePicker: Object, Calendar: Object} ANT_MARK__="internalMark" > 
  at <LocaleReceiver children=fn<children> > 
  at <AConfigProvider locale= {locale: zh-cn, Pagination: Object, DatePicker: Object, TimePicker: Object, Calendar: Object} > 
  at <App> @ http://localhost:3101/finance/node_modules/.vite/deps/chunk-F6P7Z22E.js?v=290f2014:2475
[  886882ms] [LOG] {code: 0, data: Object, message: } 121212 @ http://localhost:3101/finance/src/api/generated/core/request.ts?t=1778659326048:57
[  886882ms] [LOG] {code: 0, data: Object, message: } 断号检查 @ http://localhost:3101/finance/src/views/voucher/checkVoucher/index.vue?t=1778659326048:436
[  886884ms] [LOG] {code: 0, data: 002, message: } 121212 @ http://localhost:3101/finance/src/api/generated/core/request.ts?t=1778659326048:57
[  886890ms] [LOG] {code: 0, data: Array(32), message: } 121212 @ http://localhost:3101/finance/src/api/generated/core/request.ts?t=1778659326048:57
[  887181ms] [LOG] {code: 0, data: 002, message: } 121212 @ http://localhost:3101/finance/src/api/generated/core/request.ts?t=1778659326048:57
[  887526ms] [LOG] {code: 0, data: Object, message: } 121212 @ http://localhost:3101/finance/src/api/generated/core/request.ts?t=1778659326048:57
[  887548ms] [LOG] {code: 0, data: Object, message: } 121212 @ http://localhost:3101/finance/src/api/generated/core/request.ts?t=1778659326048:57
[  887550ms] [LOG] {code: 0, data: Object, message: } 121212 @ http://localhost:3101/finance/src/api/generated/core/request.ts?t=1778659326048:57
[  887551ms] [LOG] 1 total @ http://localhost:3101/finance/src/views/voucher/checkVoucher/index.vue?t=1778659326048:573
[  887937ms] [LOG] {code: 0, data: Object, message: } 121212 @ http://localhost:3101/finance/src/api/generated/core/request.ts?t=1778659326048:57
[  887937ms] [LOG] true false getVoucherButtonFn @ http://localhost:3101/finance/src/components/voucher/RecordVoucher.vue?t=1778659326048:727
[  888706ms] [LOG] {code: 0, data: Object, message: } 121212 @ http://localhost:3101/finance/src/api/generated/core/request.ts?t=1778659326048:57
[  888706ms] [LOG] {printFormat: 1, voucherType: 2, leftOffset: 10, topOffset: 10} 获取打印设置详情 @ http://localhost:3101/finance/src/views/voucher/checkVoucher/index.vue?t=1778659326048:540
[  888708ms] [LOG] {code: 0, data: Object, message: } 121212 @ http://localhost:3101/finance/src/api/generated/core/request.ts?t=1778659326048:57
[  888708ms] [LOG] {hasGap: false, gapCount: 0, gapPositions: Array(0)} checkVoucherGapFn @ http://localhost:3101/finance/src/components/voucher/RecordVoucher.vue?t=1778659326048:476
[ 1690597ms] [LOG] [vite] server connection lost. Polling for restart... @ http://localhost:3101/finance/@vite/client:559
[ 1690610ms] [ERROR] Failed to load resource: net::ERR_CONNECTION_REFUSED @ http://localhost:3101/finance/:0
[ 1691628ms] [ERROR] Failed to load resource: net::ERR_CONNECTION_REFUSED @ http://localhost:3101/finance/:0
[ 1692635ms] [ERROR] Failed to load resource: net::ERR_CONNECTION_REFUSED @ http://localhost:3101/finance/:0
[ 1693636ms] [ERROR] Failed to load resource: net::ERR_CONNECTION_REFUSED @ http://localhost:3101/finance/:0
[ 1694639ms] [ERROR] Failed to load resource: net::ERR_CONNECTION_REFUSED @ http://localhost:3101/finance/:0
[ 1695644ms] [ERROR] Failed to load resource: net::ERR_CONNECTION_REFUSED @ http://localhost:3101/finance/:0
[ 1696646ms] [ERROR] Failed to load resource: net::ERR_CONNECTION_REFUSED @ http://localhost:3101/finance/:0
[ 1697655ms] [ERROR] Failed to load resource: net::ERR_CONNECTION_REFUSED @ http://localhost:3101/finance/:0
[ 1698659ms] [ERROR] Failed to load resource: net::ERR_CONNECTION_REFUSED @ http://localhost:3101/finance/:0
[ 1699664ms] [ERROR] Failed to load resource: net::ERR_CONNECTION_REFUSED @ http://localhost:3101/finance/:0
[ 1700667ms] [ERROR] Failed to load resource: net::ERR_CONNECTION_REFUSED @ http://localhost:3101/finance/:0
[ 1701669ms] [ERROR] Failed to load resource: net::ERR_CONNECTION_REFUSED @ http://localhost:3101/finance/:0
[ 1702672ms] [ERROR] Failed to load resource: net::ERR_CONNECTION_REFUSED @ http://localhost:3101/finance/:0
[ 1703681ms] [ERROR] Failed to load resource: net::ERR_CONNECTION_REFUSED @ http://localhost:3101/finance/:0
[ 1704686ms] [ERROR] Failed to load resource: net::ERR_CONNECTION_REFUSED @ http://localhost:3101/finance/:0
[ 1705689ms] [ERROR] Failed to load resource: net::ERR_CONNECTION_REFUSED @ http://localhost:3101/finance/:0
[ 1706692ms] [ERROR] Failed to load resource: net::ERR_CONNECTION_REFUSED @ http://localhost:3101/finance/:0
[ 1707697ms] [ERROR] Failed to load resource: net::ERR_CONNECTION_REFUSED @ http://localhost:3101/finance/:0
[ 1708700ms] [ERROR] Failed to load resource: net::ERR_CONNECTION_REFUSED @ http://localhost:3101/finance/:0
[ 1709708ms] [ERROR] Failed to load resource: net::ERR_CONNECTION_REFUSED @ http://localhost:3101/finance/:0
[ 1710713ms] [ERROR] Failed to load resource: net::ERR_CONNECTION_REFUSED @ http://localhost:3101/finance/:0
[ 1711717ms] [ERROR] Failed to load resource: net::ERR_CONNECTION_REFUSED @ http://localhost:3101/finance/:0
[ 1712725ms] [ERROR] Failed to load resource: net::ERR_CONNECTION_REFUSED @ http://localhost:3101/finance/:0
[ 1713730ms] [ERROR] Failed to load resource: net::ERR_CONNECTION_REFUSED @ http://localhost:3101/finance/:0
[ 1714736ms] [ERROR] Failed to load resource: net::ERR_CONNECTION_REFUSED @ http://localhost:3101/finance/:0
[ 1715740ms] [ERROR] Failed to load resource: net::ERR_CONNECTION_REFUSED @ http://localhost:3101/finance/:0
[ 1716746ms] [ERROR] Failed to load resource: net::ERR_CONNECTION_REFUSED @ http://localhost:3101/finance/:0
[ 1717750ms] [ERROR] Failed to load resource: net::ERR_CONNECTION_REFUSED @ http://localhost:3101/finance/:0
[ 1718756ms] [ERROR] Failed to load resource: net::ERR_CONNECTION_REFUSED @ http://localhost:3101/finance/:0
[ 1719761ms] [ERROR] Failed to load resource: net::ERR_CONNECTION_REFUSED @ http://localhost:3101/finance/:0
[ 1720765ms] [ERROR] Failed to load resource: net::ERR_CONNECTION_REFUSED @ http://localhost:3101/finance/:0
[ 1721769ms] [ERROR] Failed to load resource: net::ERR_CONNECTION_REFUSED @ http://localhost:3101/finance/:0
[ 1722777ms] [ERROR] Failed to load resource: net::ERR_CONNECTION_REFUSED @ http://localhost:3101/finance/:0
[ 1723782ms] [ERROR] Failed to load resource: net::ERR_CONNECTION_REFUSED @ http://localhost:3101/finance/:0
[ 1724789ms] [ERROR] Failed to load resource: net::ERR_CONNECTION_REFUSED @ http://localhost:3101/finance/:0
[ 1725795ms] [ERROR] Failed to load resource: net::ERR_CONNECTION_REFUSED @ http://localhost:3101/finance/:0
[ 1726801ms] [ERROR] Failed to load resource: net::ERR_CONNECTION_REFUSED @ http://localhost:3101/finance/:0
[ 1727805ms] [ERROR] Failed to load resource: net::ERR_CONNECTION_REFUSED @ http://localhost:3101/finance/:0
[ 1728812ms] [ERROR] Failed to load resource: net::ERR_CONNECTION_REFUSED @ http://localhost:3101/finance/:0
[ 1729817ms] [ERROR] Failed to load resource: net::ERR_CONNECTION_REFUSED @ http://localhost:3101/finance/:0
[ 1730822ms] [ERROR] Failed to load resource: net::ERR_CONNECTION_REFUSED @ http://localhost:3101/finance/:0
[ 1731826ms] [ERROR] Failed to load resource: net::ERR_CONNECTION_REFUSED @ http://localhost:3101/finance/:0
[ 1732832ms] [ERROR] Failed to load resource: net::ERR_CONNECTION_REFUSED @ http://localhost:3101/finance/:0
[ 1733837ms] [ERROR] Failed to load resource: net::ERR_CONNECTION_REFUSED @ http://localhost:3101/finance/:0
[ 1734842ms] [ERROR] Failed to load resource: net::ERR_CONNECTION_REFUSED @ http://localhost:3101/finance/:0
[ 1735847ms] [ERROR] Failed to load resource: net::ERR_CONNECTION_REFUSED @ http://localhost:3101/finance/:0
[ 1736852ms] [ERROR] Failed to load resource: net::ERR_CONNECTION_REFUSED @ http://localhost:3101/finance/:0
[ 1737861ms] [ERROR] Failed to load resource: net::ERR_CONNECTION_REFUSED @ http://localhost:3101/finance/:0
[ 1738865ms] [ERROR] Failed to load resource: net::ERR_CONNECTION_REFUSED @ http://localhost:3101/finance/:0
[ 1739871ms] [ERROR] Failed to load resource: net::ERR_CONNECTION_REFUSED @ http://localhost:3101/finance/:0
[ 1740879ms] [ERROR] Failed to load resource: net::ERR_CONNECTION_REFUSED @ http://localhost:3101/finance/:0
[ 1741885ms] [ERROR] Failed to load resource: net::ERR_CONNECTION_REFUSED @ http://localhost:3101/finance/:0
[ 1742892ms] [ERROR] Failed to load resource: net::ERR_CONNECTION_REFUSED @ http://localhost:3101/finance/:0
[ 1743897ms] [ERROR] Failed to load resource: net::ERR_CONNECTION_REFUSED @ http://localhost:3101/finance/:0
[ 1744905ms] [ERROR] Failed to load resource: net::ERR_CONNECTION_REFUSED @ http://localhost:3101/finance/:0
[ 1745911ms] [ERROR] Failed to load resource: net::ERR_CONNECTION_REFUSED @ http://localhost:3101/finance/:0
[ 1746916ms] [ERROR] Failed to load resource: net::ERR_CONNECTION_REFUSED @ http://localhost:3101/finance/:0
[ 1747921ms] [ERROR] Failed to load resource: net::ERR_CONNECTION_REFUSED @ http://localhost:3101/finance/:0
[ 1748927ms] [ERROR] Failed to load resource: net::ERR_CONNECTION_REFUSED @ http://localhost:3101/finance/:0
[ 1749934ms] [ERROR] Failed to load resource: net::ERR_CONNECTION_REFUSED @ http://localhost:3101/finance/:0
[ 1750942ms] [ERROR] Failed to load resource: net::ERR_CONNECTION_REFUSED @ http://localhost:3101/finance/:0
[ 1751947ms] [ERROR] Failed to load resource: net::ERR_CONNECTION_REFUSED @ http://localhost:3101/finance/:0
[ 1752953ms] [ERROR] Failed to load resource: net::ERR_CONNECTION_REFUSED @ http://localhost:3101/finance/:0
[ 1753959ms] [ERROR] Failed to load resource: net::ERR_CONNECTION_REFUSED @ http://localhost:3101/finance/:0
[ 1754966ms] [ERROR] Failed to load resource: net::ERR_CONNECTION_REFUSED @ http://localhost:3101/finance/:0
[ 1755972ms] [ERROR] Failed to load resource: net::ERR_CONNECTION_REFUSED @ http://localhost:3101/finance/:0
[ 1756978ms] [ERROR] Failed to load resource: net::ERR_CONNECTION_REFUSED @ http://localhost:3101/finance/:0
[ 1757984ms] [ERROR] Failed to load resource: net::ERR_CONNECTION_REFUSED @ http://localhost:3101/finance/:0
[ 1758989ms] [ERROR] Failed to load resource: net::ERR_CONNECTION_REFUSED @ http://localhost:3101/finance/:0
[ 1759994ms] [ERROR] Failed to load resource: net::ERR_CONNECTION_REFUSED @ http://localhost:3101/finance/:0
[ 1761000ms] [ERROR] Failed to load resource: net::ERR_CONNECTION_REFUSED @ http://localhost:3101/finance/:0
[ 1762002ms] [ERROR] Failed to load resource: net::ERR_CONNECTION_REFUSED @ http://localhost:3101/finance/:0
[ 1763006ms] [ERROR] Failed to load resource: net::ERR_CONNECTION_REFUSED @ http://localhost:3101/finance/:0
[ 1764011ms] [ERROR] Failed to load resource: net::ERR_CONNECTION_REFUSED @ http://localhost:3101/finance/:0
[ 1765015ms] [ERROR] Failed to load resource: net::ERR_CONNECTION_REFUSED @ http://localhost:3101/finance/:0
[ 1766018ms] [ERROR] Failed to load resource: net::ERR_CONNECTION_REFUSED @ http://localhost:3101/finance/:0
[ 1767025ms] [ERROR] Failed to load resource: net::ERR_CONNECTION_REFUSED @ http://localhost:3101/finance/:0
[ 1768028ms] [ERROR] Failed to load resource: net::ERR_CONNECTION_REFUSED @ http://localhost:3101/finance/:0
[ 1769034ms] [ERROR] Failed to load resource: net::ERR_CONNECTION_REFUSED @ http://localhost:3101/finance/:0
[ 1770037ms] [ERROR] Failed to load resource: net::ERR_CONNECTION_REFUSED @ http://localhost:3101/finance/:0
[ 1771066ms] [ERROR] Failed to load resource: net::ERR_CONNECTION_REFUSED @ http://localhost:3101/finance/:0
[ 1772076ms] [ERROR] Failed to load resource: net::ERR_CONNECTION_REFUSED @ http://localhost:3101/finance/:0
[ 1773079ms] [ERROR] Failed to load resource: net::ERR_CONNECTION_REFUSED @ http://localhost:3101/finance/:0
[ 1774082ms] [ERROR] Failed to load resource: net::ERR_CONNECTION_REFUSED @ http://localhost:3101/finance/:0
[ 1775089ms] [ERROR] Failed to load resource: net::ERR_CONNECTION_REFUSED @ http://localhost:3101/finance/:0
[ 1776091ms] [ERROR] Failed to load resource: net::ERR_CONNECTION_REFUSED @ http://localhost:3101/finance/:0
[ 1777096ms] [ERROR] Failed to load resource: net::ERR_CONNECTION_REFUSED @ http://localhost:3101/finance/:0
[ 1778099ms] [ERROR] Failed to load resource: net::ERR_CONNECTION_REFUSED @ http://localhost:3101/finance/:0
[ 1779102ms] [ERROR] Failed to load resource: net::ERR_CONNECTION_REFUSED @ http://localhost:3101/finance/:0
[ 1780106ms] [ERROR] Failed to load resource: net::ERR_CONNECTION_REFUSED @ http://localhost:3101/finance/:0
[ 1781109ms] [ERROR] Failed to load resource: net::ERR_CONNECTION_REFUSED @ http://localhost:3101/finance/:0
[ 1782112ms] [ERROR] Failed to load resource: net::ERR_CONNECTION_REFUSED @ http://localhost:3101/finance/:0
[ 1783114ms] [ERROR] Failed to load resource: net::ERR_CONNECTION_REFUSED @ http://localhost:3101/finance/:0
[ 1784120ms] [ERROR] Failed to load resource: net::ERR_CONNECTION_REFUSED @ http://localhost:3101/finance/:0
[ 1785123ms] [ERROR] Failed to load resource: net::ERR_CONNECTION_REFUSED @ http://localhost:3101/finance/:0
[ 1786126ms] [ERROR] Failed to load resource: net::ERR_CONNECTION_REFUSED @ http://localhost:3101/finance/:0
[ 1787130ms] [ERROR] Failed to load resource: net::ERR_CONNECTION_REFUSED @ http://localhost:3101/finance/:0
[ 1788134ms] [ERROR] Failed to load resource: net::ERR_CONNECTION_REFUSED @ http://localhost:3101/finance/:0
[ 1789136ms] [ERROR] Failed to load resource: net::ERR_CONNECTION_REFUSED @ http://localhost:3101/finance/:0
[ 1790139ms] [ERROR] Failed to load resource: net::ERR_CONNECTION_REFUSED @ http://localhost:3101/finance/:0
[ 1791142ms] [ERROR] Failed to load resource: net::ERR_CONNECTION_REFUSED @ http://localhost:3101/finance/:0
[ 1792146ms] [ERROR] Failed to load resource: net::ERR_CONNECTION_REFUSED @ http://localhost:3101/finance/:0
[ 1793150ms] [ERROR] Failed to load resource: net::ERR_CONNECTION_REFUSED @ http://localhost:3101/finance/:0
[ 1794152ms] [ERROR] Failed to load resource: net::ERR_CONNECTION_REFUSED @ http://localhost:3101/finance/:0
[ 1795156ms] [ERROR] Failed to load resource: net::ERR_CONNECTION_REFUSED @ http://localhost:3101/finance/:0
[ 1796161ms] [ERROR] Failed to load resource: net::ERR_CONNECTION_REFUSED @ http://localhost:3101/finance/:0
[ 1797164ms] [ERROR] Failed to load resource: net::ERR_CONNECTION_REFUSED @ http://localhost:3101/finance/:0
[ 1798169ms] [ERROR] Failed to load resource: net::ERR_CONNECTION_REFUSED @ http://localhost:3101/finance/:0
[ 1799173ms] [ERROR] Failed to load resource: net::ERR_CONNECTION_REFUSED @ http://localhost:3101/finance/:0
[ 1800176ms] [ERROR] Failed to load resource: net::ERR_CONNECTION_REFUSED @ http://localhost:3101/finance/:0
[ 1801180ms] [ERROR] Failed to load resource: net::ERR_CONNECTION_REFUSED @ http://localhost:3101/finance/:0
[ 1802186ms] [ERROR] Failed to load resource: net::ERR_CONNECTION_REFUSED @ http://localhost:3101/finance/:0
[ 1803187ms] [ERROR] Failed to load resource: net::ERR_CONNECTION_REFUSED @ http://localhost:3101/finance/:0
[ 1804191ms] [ERROR] Failed to load resource: net::ERR_CONNECTION_REFUSED @ http://localhost:3101/finance/:0
[ 1805197ms] [ERROR] Failed to load resource: net::ERR_CONNECTION_REFUSED @ http://localhost:3101/finance/:0
[ 1806209ms] [ERROR] Failed to load resource: net::ERR_CONNECTION_REFUSED @ http://localhost:3101/finance/:0
[ 1807213ms] [ERROR] Failed to load resource: net::ERR_CONNECTION_REFUSED @ http://localhost:3101/finance/:0
[ 1808219ms] [ERROR] Failed to load resource: net::ERR_CONNECTION_REFUSED @ http://localhost:3101/finance/:0
[ 1809225ms] [ERROR] Failed to load resource: net::ERR_CONNECTION_REFUSED @ http://localhost:3101/finance/:0
[ 1810228ms] [ERROR] Failed to load resource: net::ERR_CONNECTION_REFUSED @ http://localhost:3101/finance/:0
[ 1811239ms] [ERROR] Failed to load resource: net::ERR_CONNECTION_REFUSED @ http://localhost:3101/finance/:0
[ 1812301ms] [ERROR] Failed to load resource: net::ERR_CONNECTION_REFUSED @ http://localhost:3101/finance/:0
[ 1813387ms] [ERROR] Failed to load resource: net::ERR_CONNECTION_REFUSED @ http://localhost:3101/finance/:0
[ 1814396ms] [ERROR] Failed to load resource: net::ERR_CONNECTION_REFUSED @ http://localhost:3101/finance/:0
[ 1815399ms] [ERROR] Failed to load resource: net::ERR_CONNECTION_REFUSED @ http://localhost:3101/finance/:0
[ 1816403ms] [ERROR] Failed to load resource: net::ERR_CONNECTION_REFUSED @ http://localhost:3101/finance/:0
[ 1817416ms] [ERROR] Failed to load resource: net::ERR_CONNECTION_REFUSED @ http://localhost:3101/finance/:0
[ 1818444ms] [ERROR] Failed to load resource: net::ERR_CONNECTION_REFUSED @ http://localhost:3101/finance/:0
[ 1819458ms] [ERROR] Failed to load resource: net::ERR_CONNECTION_REFUSED @ http://localhost:3101/finance/:0
[ 1820462ms] [ERROR] Failed to load resource: net::ERR_CONNECTION_REFUSED @ http://localhost:3101/finance/:0
[ 1821466ms] [ERROR] Failed to load resource: net::ERR_CONNECTION_REFUSED @ http://localhost:3101/finance/:0
[ 1822473ms] [ERROR] Failed to load resource: net::ERR_CONNECTION_REFUSED @ http://localhost:3101/finance/:0
[ 1823477ms] [ERROR] Failed to load resource: net::ERR_CONNECTION_REFUSED @ http://localhost:3101/finance/:0
[ 1824481ms] [ERROR] Failed to load resource: net::ERR_CONNECTION_REFUSED @ http://localhost:3101/finance/:0
[ 1825488ms] [ERROR] Failed to load resource: net::ERR_CONNECTION_REFUSED @ http://localhost:3101/finance/:0
[ 1826515ms] [ERROR] Failed to load resource: net::ERR_CONNECTION_REFUSED @ http://localhost:3101/finance/:0
[ 1827523ms] [ERROR] Failed to load resource: net::ERR_CONNECTION_REFUSED @ http://localhost:3101/finance/:0
[ 1828529ms] [ERROR] Failed to load resource: net::ERR_CONNECTION_REFUSED @ http://localhost:3101/finance/:0
[ 1829532ms] [ERROR] Failed to load resource: net::ERR_CONNECTION_REFUSED @ http://localhost:3101/finance/:0
[ 1830538ms] [ERROR] Failed to load resource: net::ERR_CONNECTION_REFUSED @ http://localhost:3101/finance/:0
[ 1831541ms] [ERROR] Failed to load resource: net::ERR_CONNECTION_REFUSED @ http://localhost:3101/finance/:0
[ 1832544ms] [ERROR] Failed to load resource: net::ERR_CONNECTION_REFUSED @ http://localhost:3101/finance/:0
[ 1833711ms] [ERROR] Failed to load resource: net::ERR_CONNECTION_REFUSED @ http://localhost:3101/finance/:0
[ 1834714ms] [ERROR] Failed to load resource: net::ERR_CONNECTION_REFUSED @ http://localhost:3101/finance/:0
[ 1835733ms] [ERROR] Failed to load resource: net::ERR_CONNECTION_REFUSED @ http://localhost:3101/finance/:0
[ 1836751ms] [ERROR] Failed to load resource: net::ERR_CONNECTION_REFUSED @ http://localhost:3101/finance/:0
[ 1837779ms] [ERROR] Failed to load resource: net::ERR_CONNECTION_REFUSED @ http://localhost:3101/finance/:0
[ 1839000ms] [ERROR] Failed to load resource: net::ERR_CONNECTION_REFUSED @ http://localhost:3101/finance/:0
[ 1840119ms] [ERROR] Failed to load resource: net::ERR_CONNECTION_REFUSED @ http://localhost:3101/finance/:0
[ 1841123ms] [ERROR] Failed to load resource: net::ERR_CONNECTION_REFUSED @ http://localhost:3101/finance/:0
[ 1842127ms] [ERROR] Failed to load resource: net::ERR_CONNECTION_REFUSED @ http://localhost:3101/finance/:0
[ 1843131ms] [ERROR] Failed to load resource: net::ERR_CONNECTION_REFUSED @ http://localhost:3101/finance/:0
[ 1844138ms] [ERROR] Failed to load resource: net::ERR_CONNECTION_REFUSED @ http://localhost:3101/finance/:0
[ 1845247ms] [ERROR] Failed to load resource: net::ERR_CONNECTION_REFUSED @ http://localhost:3101/finance/:0
[ 1846255ms] [ERROR] Failed to load resource: net::ERR_CONNECTION_REFUSED @ http://localhost:3101/finance/:0
[ 1847261ms] [ERROR] Failed to load resource: net::ERR_CONNECTION_REFUSED @ http://localhost:3101/finance/:0
[ 1848299ms] [ERROR] Failed to load resource: net::ERR_CONNECTION_REFUSED @ http://localhost:3101/finance/:0
[ 1849903ms] [ERROR] Failed to load resource: net::ERR_CONNECTION_REFUSED @ http://localhost:3101/finance/:0
[ 1851153ms] [ERROR] Failed to load resource: net::ERR_CONNECTION_REFUSED @ http://localhost:3101/finance/:0
[ 1852198ms] [ERROR] Failed to load resource: net::ERR_CONNECTION_REFUSED @ http://localhost:3101/finance/:0
[ 1853201ms] [ERROR] Failed to load resource: net::ERR_CONNECTION_REFUSED @ http://localhost:3101/finance/:0
[ 1854298ms] [ERROR] Failed to load resource: net::ERR_CONNECTION_REFUSED @ http://localhost:3101/finance/:0
[ 1855377ms] [ERROR] Failed to load resource: net::ERR_CONNECTION_REFUSED @ http://localhost:3101/finance/:0
[ 1856387ms] [ERROR] Failed to load resource: net::ERR_CONNECTION_REFUSED @ http://localhost:3101/finance/:0
[ 1858022ms] [ERROR] Failed to load resource: net::ERR_CONNECTION_REFUSED @ http://localhost:3101/finance/:0
[ 1859029ms] [ERROR] Failed to load resource: net::ERR_CONNECTION_REFUSED @ http://localhost:3101/finance/:0
[ 1860043ms] [ERROR] Failed to load resource: net::ERR_CONNECTION_REFUSED @ http://localhost:3101/finance/:0
[ 1861051ms] [ERROR] Failed to load resource: net::ERR_CONNECTION_REFUSED @ http://localhost:3101/finance/:0
[ 1862054ms] [ERROR] Failed to load resource: net::ERR_CONNECTION_REFUSED @ http://localhost:3101/finance/:0
[ 1863059ms] [ERROR] Failed to load resource: net::ERR_CONNECTION_REFUSED @ http://localhost:3101/finance/:0
[ 1864073ms] [ERROR] Failed to load resource: net::ERR_CONNECTION_REFUSED @ http://localhost:3101/finance/:0
[ 1865081ms] [ERROR] Failed to load resource: net::ERR_CONNECTION_REFUSED @ http://localhost:3101/finance/:0
[ 1866577ms] [ERROR] Failed to load resource: net::ERR_CONNECTION_REFUSED @ http://localhost:3101/finance/:0
[ 1867585ms] [ERROR] Failed to load resource: net::ERR_CONNECTION_REFUSED @ http://localhost:3101/finance/:0
[ 1868589ms] [ERROR] Failed to load resource: net::ERR_CONNECTION_REFUSED @ http://localhost:3101/finance/:0
[ 1869599ms] [ERROR] Failed to load resource: net::ERR_CONNECTION_REFUSED @ http://localhost:3101/finance/:0
[ 1870601ms] [ERROR] Failed to load resource: net::ERR_CONNECTION_REFUSED @ http://localhost:3101/finance/:0
[ 1871605ms] [ERROR] Failed to load resource: net::ERR_CONNECTION_REFUSED @ http://localhost:3101/finance/:0
[ 1872609ms] [ERROR] Failed to load resource: net::ERR_CONNECTION_REFUSED @ http://localhost:3101/finance/:0
[ 1873613ms] [ERROR] Failed to load resource: net::ERR_CONNECTION_REFUSED @ http://localhost:3101/finance/:0
[ 1874618ms] [ERROR] Failed to load resource: net::ERR_CONNECTION_REFUSED @ http://localhost:3101/finance/:0
[ 1875621ms] [ERROR] Failed to load resource: net::ERR_CONNECTION_REFUSED @ http://localhost:3101/finance/:0
[ 1876629ms] [ERROR] Failed to load resource: net::ERR_CONNECTION_REFUSED @ http://localhost:3101/finance/:0
[ 1877633ms] [ERROR] Failed to load resource: net::ERR_CONNECTION_REFUSED @ http://localhost:3101/finance/:0
[ 1878638ms] [ERROR] Failed to load resource: net::ERR_CONNECTION_REFUSED @ http://localhost:3101/finance/:0
[ 1879642ms] [ERROR] Failed to load resource: net::ERR_CONNECTION_REFUSED @ http://localhost:3101/finance/:0
[ 1880645ms] [ERROR] Failed to load resource: net::ERR_CONNECTION_REFUSED @ http://localhost:3101/finance/:0
[ 1881648ms] [ERROR] Failed to load resource: net::ERR_CONNECTION_REFUSED @ http://localhost:3101/finance/:0
[ 1882666ms] [ERROR] Failed to load resource: net::ERR_CONNECTION_REFUSED @ http://localhost:3101/finance/:0
[ 1883673ms] [ERROR] Failed to load resource: net::ERR_CONNECTION_REFUSED @ http://localhost:3101/finance/:0
[ 1884683ms] [ERROR] Failed to load resource: net::ERR_CONNECTION_REFUSED @ http://localhost:3101/finance/:0
[ 1885686ms] [ERROR] Failed to load resource: net::ERR_CONNECTION_REFUSED @ http://localhost:3101/finance/:0
[ 1886690ms] [ERROR] Failed to load resource: net::ERR_CONNECTION_REFUSED @ http://localhost:3101/finance/:0
[ 1887696ms] [ERROR] Failed to load resource: net::ERR_CONNECTION_REFUSED @ http://localhost:3101/finance/:0
[ 1888703ms] [ERROR] Failed to load resource: net::ERR_CONNECTION_REFUSED @ http://localhost:3101/finance/:0
[ 1889706ms] [ERROR] Failed to load resource: net::ERR_CONNECTION_REFUSED @ http://localhost:3101/finance/:0
[ 1890717ms] [ERROR] Failed to load resource: net::ERR_CONNECTION_REFUSED @ http://localhost:3101/finance/:0
[ 1891724ms] [ERROR] Failed to load resource: net::ERR_CONNECTION_REFUSED @ http://localhost:3101/finance/:0
[ 1892730ms] [ERROR] Failed to load resource: net::ERR_CONNECTION_REFUSED @ http://localhost:3101/finance/:0
[ 1893734ms] [ERROR] Failed to load resource: net::ERR_CONNECTION_REFUSED @ http://localhost:3101/finance/:0
[ 1894738ms] [ERROR] Failed to load resource: net::ERR_CONNECTION_REFUSED @ http://localhost:3101/finance/:0
[ 1895741ms] [ERROR] Failed to load resource: net::ERR_CONNECTION_REFUSED @ http://localhost:3101/finance/:0
[ 1896745ms] [ERROR] Failed to load resource: net::ERR_CONNECTION_REFUSED @ http://localhost:3101/finance/:0
[ 1897748ms] [ERROR] Failed to load resource: net::ERR_CONNECTION_REFUSED @ http://localhost:3101/finance/:0
[ 1898752ms] [ERROR] Failed to load resource: net::ERR_CONNECTION_REFUSED @ http://localhost:3101/finance/:0
[ 1899756ms] [ERROR] Failed to load resource: net::ERR_CONNECTION_REFUSED @ http://localhost:3101/finance/:0
[ 1900758ms] [ERROR] Failed to load resource: net::ERR_CONNECTION_REFUSED @ http://localhost:3101/finance/:0
[ 1901762ms] [ERROR] Failed to load resource: net::ERR_CONNECTION_REFUSED @ http://localhost:3101/finance/:0
[ 1902766ms] [ERROR] Failed to load resource: net::ERR_CONNECTION_REFUSED @ http://localhost:3101/finance/:0
[ 1903770ms] [ERROR] Failed to load resource: net::ERR_CONNECTION_REFUSED @ http://localhost:3101/finance/:0
[ 1904773ms] [ERROR] Failed to load resource: net::ERR_CONNECTION_REFUSED @ http://localhost:3101/finance/:0
[ 1905778ms] [ERROR] Failed to load resource: net::ERR_CONNECTION_REFUSED @ http://localhost:3101/finance/:0
[ 1906782ms] [ERROR] Failed to load resource: net::ERR_CONNECTION_REFUSED @ http://localhost:3101/finance/:0
[ 1907787ms] [ERROR] Failed to load resource: net::ERR_CONNECTION_REFUSED @ http://localhost:3101/finance/:0
[ 1908791ms] [ERROR] Failed to load resource: net::ERR_CONNECTION_REFUSED @ http://localhost:3101/finance/:0
[ 1909796ms] [ERROR] Failed to load resource: net::ERR_CONNECTION_REFUSED @ http://localhost:3101/finance/:0
[ 1910805ms] [ERROR] Failed to load resource: net::ERR_CONNECTION_REFUSED @ http://localhost:3101/finance/:0
[ 1911809ms] [ERROR] Failed to load resource: net::ERR_CONNECTION_REFUSED @ http://localhost:3101/finance/:0
[ 1912813ms] [ERROR] Failed to load resource: net::ERR_CONNECTION_REFUSED @ http://localhost:3101/finance/:0
[ 1913817ms] [ERROR] Failed to load resource: net::ERR_CONNECTION_REFUSED @ http://localhost:3101/finance/:0
[ 1914820ms] [ERROR] Failed to load resource: net::ERR_CONNECTION_REFUSED @ http://localhost:3101/finance/:0
[ 1915823ms] [ERROR] Failed to load resource: net::ERR_CONNECTION_REFUSED @ http://localhost:3101/finance/:0
[ 1916828ms] [ERROR] Failed to load resource: net::ERR_CONNECTION_REFUSED @ http://localhost:3101/finance/:0
[ 1917832ms] [ERROR] Failed to load resource: net::ERR_CONNECTION_REFUSED @ http://localhost:3101/finance/:0
[ 1918839ms] [ERROR] Failed to load resource: net::ERR_CONNECTION_REFUSED @ http://localhost:3101/finance/:0
[ 1919842ms] [ERROR] Failed to load resource: net::ERR_CONNECTION_REFUSED @ http://localhost:3101/finance/:0
[ 1920846ms] [ERROR] Failed to load resource: net::ERR_CONNECTION_REFUSED @ http://localhost:3101/finance/:0
[ 1921850ms] [ERROR] Failed to load resource: net::ERR_CONNECTION_REFUSED @ http://localhost:3101/finance/:0
[ 1922855ms] [ERROR] Failed to load resource: net::ERR_CONNECTION_REFUSED @ http://localhost:3101/finance/:0
[ 1923858ms] [ERROR] Failed to load resource: net::ERR_CONNECTION_REFUSED @ http://localhost:3101/finance/:0
[ 1924862ms] [ERROR] Failed to load resource: net::ERR_CONNECTION_REFUSED @ http://localhost:3101/finance/:0
[ 1925868ms] [ERROR] Failed to load resource: net::ERR_CONNECTION_REFUSED @ http://localhost:3101/finance/:0
[ 1926872ms] [ERROR] Failed to load resource: net::ERR_CONNECTION_REFUSED @ http://localhost:3101/finance/:0
[ 1927876ms] [ERROR] Failed to load resource: net::ERR_CONNECTION_REFUSED @ http://localhost:3101/finance/:0
[ 1928880ms] [ERROR] Failed to load resource: net::ERR_CONNECTION_REFUSED @ http://localhost:3101/finance/:0
[ 1929883ms] [ERROR] Failed to load resource: net::ERR_CONNECTION_REFUSED @ http://localhost:3101/finance/:0
[ 1930886ms] [ERROR] Failed to load resource: net::ERR_CONNECTION_REFUSED @ http://localhost:3101/finance/:0
[ 1931891ms] [ERROR] Failed to load resource: net::ERR_CONNECTION_REFUSED @ http://localhost:3101/finance/:0
[ 1932939ms] [ERROR] Failed to load resource: net::ERR_CONNECTION_REFUSED @ http://localhost:3101/finance/:0
[ 1933946ms] [ERROR] Failed to load resource: net::ERR_CONNECTION_REFUSED @ http://localhost:3101/finance/:0
[ 1934949ms] [ERROR] Failed to load resource: net::ERR_CONNECTION_REFUSED @ http://localhost:3101/finance/:0
[ 1935954ms] [ERROR] Failed to load resource: net::ERR_CONNECTION_REFUSED @ http://localhost:3101/finance/:0
[ 1936958ms] [ERROR] Failed to load resource: net::ERR_CONNECTION_REFUSED @ http://localhost:3101/finance/:0
[ 1937963ms] [ERROR] Failed to load resource: net::ERR_CONNECTION_REFUSED @ http://localhost:3101/finance/:0
[ 1938983ms] [ERROR] Failed to load resource: net::ERR_CONNECTION_REFUSED @ http://localhost:3101/finance/:0
[ 1939988ms] [ERROR] Failed to load resource: net::ERR_CONNECTION_REFUSED @ http://localhost:3101/finance/:0
[ 1940995ms] [ERROR] Failed to load resource: net::ERR_CONNECTION_REFUSED @ http://localhost:3101/finance/:0
[ 1941998ms] [ERROR] Failed to load resource: net::ERR_CONNECTION_REFUSED @ http://localhost:3101/finance/:0
[ 1943001ms] [ERROR] Failed to load resource: net::ERR_CONNECTION_REFUSED @ http://localhost:3101/finance/:0
[ 1944004ms] [ERROR] Failed to load resource: net::ERR_CONNECTION_REFUSED @ http://localhost:3101/finance/:0
[ 1945008ms] [ERROR] Failed to load resource: net::ERR_CONNECTION_REFUSED @ http://localhost:3101/finance/:0
[ 1946009ms] [ERROR] Failed to load resource: net::ERR_CONNECTION_REFUSED @ http://localhost:3101/finance/:0
[ 1947012ms] [ERROR] Failed to load resource: net::ERR_CONNECTION_REFUSED @ http://localhost:3101/finance/:0
[ 1948017ms] [ERROR] Failed to load resource: net::ERR_CONNECTION_REFUSED @ http://localhost:3101/finance/:0
[ 1949021ms] [ERROR] Failed to load resource: net::ERR_CONNECTION_REFUSED @ http://localhost:3101/finance/:0
[ 1950026ms] [ERROR] Failed to load resource: net::ERR_CONNECTION_REFUSED @ http://localhost:3101/finance/:0
[ 1951029ms] [ERROR] Failed to load resource: net::ERR_CONNECTION_REFUSED @ http://localhost:3101/finance/:0
[ 1952032ms] [ERROR] Failed to load resource: net::ERR_CONNECTION_REFUSED @ http://localhost:3101/finance/:0
[ 1953036ms] [ERROR] Failed to load resource: net::ERR_CONNECTION_REFUSED @ http://localhost:3101/finance/:0
[ 1954097ms] [ERROR] Failed to load resource: net::ERR_CONNECTION_REFUSED @ http://localhost:3101/finance/:0
[ 1955102ms] [ERROR] Failed to load resource: net::ERR_CONNECTION_REFUSED @ http://localhost:3101/finance/:0
[ 1956106ms] [ERROR] Failed to load resource: net::ERR_CONNECTION_REFUSED @ http://localhost:3101/finance/:0
[ 1957117ms] [ERROR] Failed to load resource: net::ERR_CONNECTION_REFUSED @ http://localhost:3101/finance/:0
[ 1958121ms] [ERROR] Failed to load resource: net::ERR_CONNECTION_REFUSED @ http://localhost:3101/finance/:0
[ 1959125ms] [ERROR] Failed to load resource: net::ERR_CONNECTION_REFUSED @ http://localhost:3101/finance/:0
[ 1960129ms] [ERROR] Failed to load resource: net::ERR_CONNECTION_REFUSED @ http://localhost:3101/finance/:0
[ 1961135ms] [ERROR] Failed to load resource: net::ERR_CONNECTION_REFUSED @ http://localhost:3101/finance/:0
[ 1962160ms] [ERROR] Failed to load resource: net::ERR_CONNECTION_REFUSED @ http://localhost:3101/finance/:0
[ 1963164ms] [ERROR] Failed to load resource: net::ERR_CONNECTION_REFUSED @ http://localhost:3101/finance/:0
[ 1964171ms] [ERROR] Failed to load resource: net::ERR_CONNECTION_REFUSED @ http://localhost:3101/finance/:0
[ 1965176ms] [ERROR] Failed to load resource: net::ERR_CONNECTION_REFUSED @ http://localhost:3101/finance/:0
[ 1966180ms] [ERROR] Failed to load resource: net::ERR_CONNECTION_REFUSED @ http://localhost:3101/finance/:0
[ 1967186ms] [ERROR] Failed to load resource: net::ERR_CONNECTION_REFUSED @ http://localhost:3101/finance/:0
[ 1968189ms] [ERROR] Failed to load resource: net::ERR_CONNECTION_REFUSED @ http://localhost:3101/finance/:0
[ 1969198ms] [ERROR] Failed to load resource: net::ERR_CONNECTION_REFUSED @ http://localhost:3101/finance/:0
[ 1970201ms] [ERROR] Failed to load resource: net::ERR_CONNECTION_REFUSED @ http://localhost:3101/finance/:0
[ 1971215ms] [ERROR] Failed to load resource: net::ERR_CONNECTION_REFUSED @ http://localhost:3101/finance/:0
[ 1972220ms] [ERROR] Failed to load resource: net::ERR_CONNECTION_REFUSED @ http://localhost:3101/finance/:0
[ 1973225ms] [ERROR] Failed to load resource: net::ERR_CONNECTION_REFUSED @ http://localhost:3101/finance/:0
[ 1974228ms] [ERROR] Failed to load resource: net::ERR_CONNECTION_REFUSED @ http://localhost:3101/finance/:0
[ 1975233ms] [ERROR] Failed to load resource: net::ERR_CONNECTION_REFUSED @ http://localhost:3101/finance/:0
[ 1976239ms] [ERROR] Failed to load resource: net::ERR_CONNECTION_REFUSED @ http://localhost:3101/finance/:0
[ 1977245ms] [ERROR] Failed to load resource: net::ERR_CONNECTION_REFUSED @ http://localhost:3101/finance/:0
[ 1978252ms] [ERROR] Failed to load resource: net::ERR_CONNECTION_REFUSED @ http://localhost:3101/finance/:0
[ 1979259ms] [ERROR] Failed to load resource: net::ERR_CONNECTION_REFUSED @ http://localhost:3101/finance/:0
[ 1980266ms] [ERROR] Failed to load resource: net::ERR_CONNECTION_REFUSED @ http://localhost:3101/finance/:0
[ 1981270ms] [ERROR] Failed to load resource: net::ERR_CONNECTION_REFUSED @ http://localhost:3101/finance/:0
[ 1982276ms] [ERROR] Failed to load resource: net::ERR_CONNECTION_REFUSED @ http://localhost:3101/finance/:0
[ 1983279ms] [ERROR] Failed to load resource: net::ERR_CONNECTION_REFUSED @ http://localhost:3101/finance/:0
[ 1984283ms] [ERROR] Failed to load resource: net::ERR_CONNECTION_REFUSED @ http://localhost:3101/finance/:0
[ 1985286ms] [ERROR] Failed to load resource: net::ERR_CONNECTION_REFUSED @ http://localhost:3101/finance/:0
[ 1986291ms] [ERROR] Failed to load resource: net::ERR_CONNECTION_REFUSED @ http://localhost:3101/finance/:0
[ 1987295ms] [ERROR] Failed to load resource: net::ERR_CONNECTION_REFUSED @ http://localhost:3101/finance/:0
[ 1988299ms] [ERROR] Failed to load resource: net::ERR_CONNECTION_REFUSED @ http://localhost:3101/finance/:0
[ 1989306ms] [ERROR] Failed to load resource: net::ERR_CONNECTION_REFUSED @ http://localhost:3101/finance/:0
[ 1990309ms] [ERROR] Failed to load resource: net::ERR_CONNECTION_REFUSED @ http://localhost:3101/finance/:0
[ 1991315ms] [ERROR] Failed to load resource: net::ERR_CONNECTION_REFUSED @ http://localhost:3101/finance/:0
[ 1992320ms] [ERROR] Failed to load resource: net::ERR_CONNECTION_REFUSED @ http://localhost:3101/finance/:0
[ 1993323ms] [ERROR] Failed to load resource: net::ERR_CONNECTION_REFUSED @ http://localhost:3101/finance/:0
[ 1994331ms] [ERROR] Failed to load resource: net::ERR_CONNECTION_REFUSED @ http://localhost:3101/finance/:0
[ 1995338ms] [ERROR] Failed to load resource: net::ERR_CONNECTION_REFUSED @ http://localhost:3101/finance/:0
[ 1996340ms] [ERROR] Failed to load resource: net::ERR_CONNECTION_REFUSED @ http://localhost:3101/finance/:0
[ 1997343ms] [ERROR] Failed to load resource: net::ERR_CONNECTION_REFUSED @ http://localhost:3101/finance/:0
[ 1998347ms] [ERROR] Failed to load resource: net::ERR_CONNECTION_REFUSED @ http://localhost:3101/finance/:0
[ 1999351ms] [ERROR] Failed to load resource: net::ERR_CONNECTION_REFUSED @ http://localhost:3101/finance/:0
[ 2000354ms] [ERROR] Failed to load resource: net::ERR_CONNECTION_REFUSED @ http://localhost:3101/finance/:0
[ 2001358ms] [ERROR] Failed to load resource: net::ERR_CONNECTION_REFUSED @ http://localhost:3101/finance/:0
[ 2002362ms] [ERROR] Failed to load resource: net::ERR_CONNECTION_REFUSED @ http://localhost:3101/finance/:0
[ 2003366ms] [ERROR] Failed to load resource: net::ERR_CONNECTION_REFUSED @ http://localhost:3101/finance/:0
[ 2004377ms] [ERROR] Failed to load resource: net::ERR_CONNECTION_REFUSED @ http://localhost:3101/finance/:0
[ 2005391ms] [ERROR] Failed to load resource: net::ERR_CONNECTION_REFUSED @ http://localhost:3101/finance/:0
[ 2006395ms] [ERROR] Failed to load resource: net::ERR_CONNECTION_REFUSED @ http://localhost:3101/finance/:0
[ 2007398ms] [ERROR] Failed to load resource: net::ERR_CONNECTION_REFUSED @ http://localhost:3101/finance/:0
[ 2008402ms] [ERROR] Failed to load resource: net::ERR_CONNECTION_REFUSED @ http://localhost:3101/finance/:0
[ 2009408ms] [ERROR] Failed to load resource: net::ERR_CONNECTION_REFUSED @ http://localhost:3101/finance/:0
[ 2010411ms] [ERROR] Failed to load resource: net::ERR_CONNECTION_REFUSED @ http://localhost:3101/finance/:0
[ 2011512ms] [ERROR] Failed to load resource: net::ERR_CONNECTION_REFUSED @ http://localhost:3101/finance/:0
[ 2012516ms] [ERROR] Failed to load resource: net::ERR_CONNECTION_REFUSED @ http://localhost:3101/finance/:0
[ 2013521ms] [ERROR] Failed to load resource: net::ERR_CONNECTION_REFUSED @ http://localhost:3101/finance/:0
[ 2014527ms] [ERROR] Failed to load resource: net::ERR_CONNECTION_REFUSED @ http://localhost:3101/finance/:0
[ 2015531ms] [ERROR] Failed to load resource: net::ERR_CONNECTION_REFUSED @ http://localhost:3101/finance/:0
[ 2016536ms] [ERROR] Failed to load resource: net::ERR_CONNECTION_REFUSED @ http://localhost:3101/finance/:0
[ 2017539ms] [ERROR] Failed to load resource: net::ERR_CONNECTION_REFUSED @ http://localhost:3101/finance/:0
[ 2018544ms] [ERROR] Failed to load resource: net::ERR_CONNECTION_REFUSED @ http://localhost:3101/finance/:0
[ 2019547ms] [ERROR] Failed to load resource: net::ERR_CONNECTION_REFUSED @ http://localhost:3101/finance/:0
[ 2020552ms] [ERROR] Failed to load resource: net::ERR_CONNECTION_REFUSED @ http://localhost:3101/finance/:0
[ 2021556ms] [ERROR] Failed to load resource: net::ERR_CONNECTION_REFUSED @ http://localhost:3101/finance/:0
[ 2022559ms] [ERROR] Failed to load resource: net::ERR_CONNECTION_REFUSED @ http://localhost:3101/finance/:0
[ 2023563ms] [ERROR] Failed to load resource: net::ERR_CONNECTION_REFUSED @ http://localhost:3101/finance/:0
[ 2024566ms] [ERROR] Failed to load resource: net::ERR_CONNECTION_REFUSED @ http://localhost:3101/finance/:0
[ 2025573ms] [ERROR] Failed to load resource: net::ERR_CONNECTION_REFUSED @ http://localhost:3101/finance/:0
[ 2026580ms] [ERROR] Failed to load resource: net::ERR_CONNECTION_REFUSED @ http://localhost:3101/finance/:0
[ 2027584ms] [ERROR] Failed to load resource: net::ERR_CONNECTION_REFUSED @ http://localhost:3101/finance/:0
[ 2028597ms] [ERROR] Failed to load resource: net::ERR_CONNECTION_REFUSED @ http://localhost:3101/finance/:0
[ 2029601ms] [ERROR] Failed to load resource: net::ERR_CONNECTION_REFUSED @ http://localhost:3101/finance/:0
[ 2030606ms] [ERROR] Failed to load resource: net::ERR_CONNECTION_REFUSED @ http://localhost:3101/finance/:0
[ 2031613ms] [ERROR] Failed to load resource: net::ERR_CONNECTION_REFUSED @ http://localhost:3101/finance/:0
[ 2032616ms] [ERROR] Failed to load resource: net::ERR_CONNECTION_REFUSED @ http://localhost:3101/finance/:0
[ 2033650ms] [ERROR] Failed to load resource: net::ERR_CONNECTION_REFUSED @ http://localhost:3101/finance/:0
[ 2034715ms] [ERROR] Failed to load resource: net::ERR_CONNECTION_REFUSED @ http://localhost:3101/finance/:0
[ 2035717ms] [ERROR] Failed to load resource: net::ERR_CONNECTION_REFUSED @ http://localhost:3101/finance/:0
[ 2036727ms] [ERROR] Failed to load resource: net::ERR_CONNECTION_REFUSED @ http://localhost:3101/finance/:0
[ 2037732ms] [ERROR] Failed to load resource: net::ERR_CONNECTION_REFUSED @ http://localhost:3101/finance/:0
[ 2038735ms] [ERROR] Failed to load resource: net::ERR_CONNECTION_REFUSED @ http://localhost:3101/finance/:0
[ 2039755ms] [ERROR] Failed to load resource: net::ERR_CONNECTION_REFUSED @ http://localhost:3101/finance/:0
[ 2040760ms] [ERROR] Failed to load resource: net::ERR_CONNECTION_REFUSED @ http://localhost:3101/finance/:0
[ 2041765ms] [ERROR] Failed to load resource: net::ERR_CONNECTION_REFUSED @ http://localhost:3101/finance/:0
[ 2042769ms] [ERROR] Failed to load resource: net::ERR_CONNECTION_REFUSED @ http://localhost:3101/finance/:0
[ 2043772ms] [ERROR] Failed to load resource: net::ERR_CONNECTION_REFUSED @ http://localhost:3101/finance/:0
[ 2044778ms] [ERROR] Failed to load resource: net::ERR_CONNECTION_REFUSED @ http://localhost:3101/finance/:0
[ 2045782ms] [ERROR] Failed to load resource: net::ERR_CONNECTION_REFUSED @ http://localhost:3101/finance/:0
[ 2046787ms] [ERROR] Failed to load resource: net::ERR_CONNECTION_REFUSED @ http://localhost:3101/finance/:0
[ 2047793ms] [ERROR] Failed to load resource: net::ERR_CONNECTION_REFUSED @ http://localhost:3101/finance/:0
[ 2048797ms] [ERROR] Failed to load resource: net::ERR_CONNECTION_REFUSED @ http://localhost:3101/finance/:0
[ 2049800ms] [ERROR] Failed to load resource: net::ERR_CONNECTION_REFUSED @ http://localhost:3101/finance/:0
[ 2050804ms] [ERROR] Failed to load resource: net::ERR_CONNECTION_REFUSED @ http://localhost:3101/finance/:0
[ 2051810ms] [ERROR] Failed to load resource: net::ERR_CONNECTION_REFUSED @ http://localhost:3101/finance/:0
[ 2052814ms] [ERROR] Failed to load resource: net::ERR_CONNECTION_REFUSED @ http://localhost:3101/finance/:0
[ 2053847ms] [ERROR] Failed to load resource: net::ERR_CONNECTION_REFUSED @ http://localhost:3101/finance/:0
[ 2054860ms] [ERROR] Failed to load resource: net::ERR_CONNECTION_REFUSED @ http://localhost:3101/finance/:0
[ 2055863ms] [ERROR] Failed to load resource: net::ERR_CONNECTION_REFUSED @ http://localhost:3101/finance/:0
[ 2056868ms] [ERROR] Failed to load resource: net::ERR_CONNECTION_REFUSED @ http://localhost:3101/finance/:0
[ 2057871ms] [ERROR] Failed to load resource: net::ERR_CONNECTION_REFUSED @ http://localhost:3101/finance/:0
[ 2058875ms] [ERROR] Failed to load resource: net::ERR_CONNECTION_REFUSED @ http://localhost:3101/finance/:0
[ 2059879ms] [ERROR] Failed to load resource: net::ERR_CONNECTION_REFUSED @ http://localhost:3101/finance/:0
[ 2060883ms] [ERROR] Failed to load resource: net::ERR_CONNECTION_REFUSED @ http://localhost:3101/finance/:0
[ 2061888ms] [ERROR] Failed to load resource: net::ERR_CONNECTION_REFUSED @ http://localhost:3101/finance/:0
[ 2062893ms] [ERROR] Failed to load resource: net::ERR_CONNECTION_REFUSED @ http://localhost:3101/finance/:0
[ 2063896ms] [ERROR] Failed to load resource: net::ERR_CONNECTION_REFUSED @ http://localhost:3101/finance/:0
[ 2064899ms] [ERROR] Failed to load resource: net::ERR_CONNECTION_REFUSED @ http://localhost:3101/finance/:0
[ 2065904ms] [ERROR] Failed to load resource: net::ERR_CONNECTION_REFUSED @ http://localhost:3101/finance/:0
[ 2066908ms] [ERROR] Failed to load resource: net::ERR_CONNECTION_REFUSED @ http://localhost:3101/finance/:0
[ 2067911ms] [ERROR] Failed to load resource: net::ERR_CONNECTION_REFUSED @ http://localhost:3101/finance/:0
[ 2068914ms] [ERROR] Failed to load resource: net::ERR_CONNECTION_REFUSED @ http://localhost:3101/finance/:0
[ 2069918ms] [ERROR] Failed to load resource: net::ERR_CONNECTION_REFUSED @ http://localhost:3101/finance/:0
[ 2070924ms] [ERROR] Failed to load resource: net::ERR_CONNECTION_REFUSED @ http://localhost:3101/finance/:0
[ 2071928ms] [ERROR] Failed to load resource: net::ERR_CONNECTION_REFUSED @ http://localhost:3101/finance/:0
[ 2072931ms] [ERROR] Failed to load resource: net::ERR_CONNECTION_REFUSED @ http://localhost:3101/finance/:0
[ 2073938ms] [ERROR] Failed to load resource: net::ERR_CONNECTION_REFUSED @ http://localhost:3101/finance/:0
[ 2074944ms] [ERROR] Failed to load resource: net::ERR_CONNECTION_REFUSED @ http://localhost:3101/finance/:0
[ 2075953ms] [ERROR] Failed to load resource: net::ERR_CONNECTION_REFUSED @ http://localhost:3101/finance/:0
[ 2076958ms] [ERROR] Failed to load resource: net::ERR_CONNECTION_REFUSED @ http://localhost:3101/finance/:0
[ 2077963ms] [ERROR] Failed to load resource: net::ERR_CONNECTION_REFUSED @ http://localhost:3101/finance/:0
[ 2078974ms] [ERROR] Failed to load resource: net::ERR_CONNECTION_REFUSED @ http://localhost:3101/finance/:0
[ 2079979ms] [ERROR] Failed to load resource: net::ERR_CONNECTION_REFUSED @ http://localhost:3101/finance/:0
[ 2080986ms] [ERROR] Failed to load resource: net::ERR_CONNECTION_REFUSED @ http://localhost:3101/finance/:0
[ 2081991ms] [ERROR] Failed to load resource: net::ERR_CONNECTION_REFUSED @ http://localhost:3101/finance/:0
[ 2082995ms] [ERROR] Failed to load resource: net::ERR_CONNECTION_REFUSED @ http://localhost:3101/finance/:0
[ 2083999ms] [ERROR] Failed to load resource: net::ERR_CONNECTION_REFUSED @ http://localhost:3101/finance/:0
[ 2085003ms] [ERROR] Failed to load resource: net::ERR_CONNECTION_REFUSED @ http://localhost:3101/finance/:0
[ 2086007ms] [ERROR] Failed to load resource: net::ERR_CONNECTION_REFUSED @ http://localhost:3101/finance/:0
[ 2087011ms] [ERROR] Failed to load resource: net::ERR_CONNECTION_REFUSED @ http://localhost:3101/finance/:0
[ 2088014ms] [ERROR] Failed to load resource: net::ERR_CONNECTION_REFUSED @ http://localhost:3101/finance/:0
[ 2089019ms] [ERROR] Failed to load resource: net::ERR_CONNECTION_REFUSED @ http://localhost:3101/finance/:0
[ 2090021ms] [ERROR] Failed to load resource: net::ERR_CONNECTION_REFUSED @ http://localhost:3101/finance/:0
[ 2091025ms] [ERROR] Failed to load resource: net::ERR_CONNECTION_REFUSED @ http://localhost:3101/finance/:0
[ 2092030ms] [ERROR] Failed to load resource: net::ERR_CONNECTION_REFUSED @ http://localhost:3101/finance/:0
[ 2093099ms] [ERROR] Failed to load resource: net::ERR_CONNECTION_REFUSED @ http://localhost:3101/finance/:0
[ 2094106ms] [ERROR] Failed to load resource: net::ERR_CONNECTION_REFUSED @ http://localhost:3101/finance/:0
[ 2095113ms] [ERROR] Failed to load resource: net::ERR_CONNECTION_REFUSED @ http://localhost:3101/finance/:0
[ 2096118ms] [ERROR] Failed to load resource: net::ERR_CONNECTION_REFUSED @ http://localhost:3101/finance/:0
[ 2097121ms] [ERROR] Failed to load resource: net::ERR_CONNECTION_REFUSED @ http://localhost:3101/finance/:0
[ 2098125ms] [ERROR] Failed to load resource: net::ERR_CONNECTION_REFUSED @ http://localhost:3101/finance/:0
[ 2099128ms] [ERROR] Failed to load resource: net::ERR_CONNECTION_REFUSED @ http://localhost:3101/finance/:0
[ 2100166ms] [ERROR] Failed to load resource: net::ERR_CONNECTION_REFUSED @ http://localhost:3101/finance/:0
[ 2101182ms] [ERROR] Failed to load resource: net::ERR_CONNECTION_REFUSED @ http://localhost:3101/finance/:0
[ 2102187ms] [ERROR] Failed to load resource: net::ERR_CONNECTION_REFUSED @ http://localhost:3101/finance/:0
[ 2103193ms] [ERROR] Failed to load resource: net::ERR_CONNECTION_REFUSED @ http://localhost:3101/finance/:0
[ 2104198ms] [ERROR] Failed to load resource: net::ERR_CONNECTION_REFUSED @ http://localhost:3101/finance/:0
[ 2105202ms] [ERROR] Failed to load resource: net::ERR_CONNECTION_REFUSED @ http://localhost:3101/finance/:0
[ 2106210ms] [ERROR] Failed to load resource: net::ERR_CONNECTION_REFUSED @ http://localhost:3101/finance/:0
[ 2107214ms] [ERROR] Failed to load resource: net::ERR_CONNECTION_REFUSED @ http://localhost:3101/finance/:0
[ 2108217ms] [ERROR] Failed to load resource: net::ERR_CONNECTION_REFUSED @ http://localhost:3101/finance/:0
[ 2109225ms] [ERROR] Failed to load resource: net::ERR_CONNECTION_REFUSED @ http://localhost:3101/finance/:0
[ 2110230ms] [ERROR] Failed to load resource: net::ERR_CONNECTION_REFUSED @ http://localhost:3101/finance/:0
[ 2111234ms] [ERROR] Failed to load resource: net::ERR_CONNECTION_REFUSED @ http://localhost:3101/finance/:0
[ 2112240ms] [ERROR] Failed to load resource: net::ERR_CONNECTION_REFUSED @ http://localhost:3101/finance/:0
[ 2113243ms] [ERROR] Failed to load resource: net::ERR_CONNECTION_REFUSED @ http://localhost:3101/finance/:0
[ 2114250ms] [ERROR] Failed to load resource: net::ERR_CONNECTION_REFUSED @ http://localhost:3101/finance/:0
[ 2115515ms] [ERROR] Failed to load resource: net::ERR_CONNECTION_REFUSED @ http://localhost:3101/finance/:0
[ 2116518ms] [ERROR] Failed to load resource: net::ERR_CONNECTION_REFUSED @ http://localhost:3101/finance/:0
[ 2117521ms] [ERROR] Failed to load resource: net::ERR_CONNECTION_REFUSED @ http://localhost:3101/finance/:0
[ 2118525ms] [ERROR] Failed to load resource: net::ERR_CONNECTION_REFUSED @ http://localhost:3101/finance/:0
[ 2119532ms] [ERROR] Failed to load resource: net::ERR_CONNECTION_REFUSED @ http://localhost:3101/finance/:0
[ 2120539ms] [ERROR] Failed to load resource: net::ERR_CONNECTION_REFUSED @ http://localhost:3101/finance/:0
[ 2121543ms] [ERROR] Failed to load resource: net::ERR_CONNECTION_REFUSED @ http://localhost:3101/finance/:0
[ 2122546ms] [ERROR] Failed to load resource: net::ERR_CONNECTION_REFUSED @ http://localhost:3101/finance/:0
[ 2123549ms] [ERROR] Failed to load resource: net::ERR_CONNECTION_REFUSED @ http://localhost:3101/finance/:0
[ 2124552ms] [ERROR] Failed to load resource: net::ERR_CONNECTION_REFUSED @ http://localhost:3101/finance/:0
[ 2125556ms] [ERROR] Failed to load resource: net::ERR_CONNECTION_REFUSED @ http://localhost:3101/finance/:0
[ 2126560ms] [ERROR] Failed to load resource: net::ERR_CONNECTION_REFUSED @ http://localhost:3101/finance/:0
[ 2127564ms] [ERROR] Failed to load resource: net::ERR_CONNECTION_REFUSED @ http://localhost:3101/finance/:0
[ 2128568ms] [ERROR] Failed to load resource: net::ERR_CONNECTION_REFUSED @ http://localhost:3101/finance/:0
[ 2129616ms] [ERROR] Failed to load resource: net::ERR_CONNECTION_REFUSED @ http://localhost:3101/finance/:0
[ 2130632ms] [ERROR] Failed to load resource: net::ERR_CONNECTION_REFUSED @ http://localhost:3101/finance/:0
[ 2131635ms] [ERROR] Failed to load resource: net::ERR_CONNECTION_REFUSED @ http://localhost:3101/finance/:0
[ 2132640ms] [ERROR] Failed to load resource: net::ERR_CONNECTION_REFUSED @ http://localhost:3101/finance/:0
[ 2133642ms] [ERROR] Failed to load resource: net::ERR_CONNECTION_REFUSED @ http://localhost:3101/finance/:0
[ 2134685ms] [ERROR] Failed to load resource: net::ERR_CONNECTION_REFUSED @ http://localhost:3101/finance/:0
[ 2135690ms] [ERROR] Failed to load resource: net::ERR_CONNECTION_REFUSED @ http://localhost:3101/finance/:0
[ 2136692ms] [ERROR] Failed to load resource: net::ERR_CONNECTION_REFUSED @ http://localhost:3101/finance/:0
[ 2137695ms] [ERROR] Failed to load resource: net::ERR_CONNECTION_REFUSED @ http://localhost:3101/finance/:0
[ 2138698ms] [ERROR] Failed to load resource: net::ERR_CONNECTION_REFUSED @ http://localhost:3101/finance/:0
[ 2139768ms] [ERROR] Failed to load resource: net::ERR_CONNECTION_REFUSED @ http://localhost:3101/finance/:0
[ 2140771ms] [ERROR] Failed to load resource: net::ERR_CONNECTION_REFUSED @ http://localhost:3101/finance/:0
[ 2142097ms] [ERROR] Failed to load resource: net::ERR_CONNECTION_REFUSED @ http://localhost:3101/finance/:0
[ 2143104ms] [ERROR] Failed to load resource: net::ERR_CONNECTION_REFUSED @ http://localhost:3101/finance/:0
[ 2144107ms] [ERROR] Failed to load resource: net::ERR_CONNECTION_REFUSED @ http://localhost:3101/finance/:0
[ 2145111ms] [ERROR] Failed to load resource: net::ERR_CONNECTION_REFUSED @ http://localhost:3101/finance/:0
[ 2146399ms] [ERROR] Failed to load resource: net::ERR_CONNECTION_REFUSED @ http://localhost:3101/finance/:0
[ 2147413ms] [ERROR] Failed to load resource: net::ERR_CONNECTION_REFUSED @ http://localhost:3101/finance/:0
[ 2148452ms] [ERROR] Failed to load resource: net::ERR_CONNECTION_REFUSED @ http://localhost:3101/finance/:0
[ 2149479ms] [ERROR] Failed to load resource: net::ERR_CONNECTION_REFUSED @ http://localhost:3101/finance/:0
[ 2150482ms] [ERROR] Failed to load resource: net::ERR_CONNECTION_REFUSED @ http://localhost:3101/finance/:0
[ 2151486ms] [ERROR] Failed to load resource: net::ERR_CONNECTION_REFUSED @ http://localhost:3101/finance/:0
[ 2152489ms] [ERROR] Failed to load resource: net::ERR_CONNECTION_REFUSED @ http://localhost:3101/finance/:0
[ 2153494ms] [ERROR] Failed to load resource: net::ERR_CONNECTION_REFUSED @ http://localhost:3101/finance/:0
[ 2154498ms] [ERROR] Failed to load resource: net::ERR_CONNECTION_REFUSED @ http://localhost:3101/finance/:0
[ 2155502ms] [ERROR] Failed to load resource: net::ERR_CONNECTION_REFUSED @ http://localhost:3101/finance/:0
[ 2156650ms] [ERROR] Failed to load resource: net::ERR_CONNECTION_REFUSED @ http://localhost:3101/finance/:0
[ 2157994ms] [ERROR] Failed to load resource: net::ERR_CONNECTION_REFUSED @ http://localhost:3101/finance/:0
[ 2159000ms] [ERROR] Failed to load resource: net::ERR_CONNECTION_REFUSED @ http://localhost:3101/finance/:0
[ 2160010ms] [ERROR] Failed to load resource: net::ERR_CONNECTION_REFUSED @ http://localhost:3101/finance/:0
[ 2161020ms] [ERROR] Failed to load resource: net::ERR_CONNECTION_REFUSED @ http://localhost:3101/finance/:0
[ 2162022ms] [ERROR] Failed to load resource: net::ERR_CONNECTION_REFUSED @ http://localhost:3101/finance/:0
[ 2163171ms] [ERROR] Failed to load resource: net::ERR_CONNECTION_REFUSED @ http://localhost:3101/finance/:0
[ 2164178ms] [ERROR] Failed to load resource: net::ERR_CONNECTION_REFUSED @ http://localhost:3101/finance/:0
[ 2165184ms] [ERROR] Failed to load resource: net::ERR_CONNECTION_REFUSED @ http://localhost:3101/finance/:0
[ 2166194ms] [ERROR] Failed to load resource: net::ERR_CONNECTION_REFUSED @ http://localhost:3101/finance/:0
[ 2167211ms] [ERROR] Failed to load resource: net::ERR_CONNECTION_REFUSED @ http://localhost:3101/finance/:0
[ 2168226ms] [ERROR] Failed to load resource: net::ERR_CONNECTION_REFUSED @ http://localhost:3101/finance/:0
[ 2169280ms] [ERROR] Failed to load resource: net::ERR_CONNECTION_REFUSED @ http://localhost:3101/finance/:0
[ 2170284ms] [ERROR] Failed to load resource: net::ERR_CONNECTION_REFUSED @ http://localhost:3101/finance/:0
[ 2171481ms] [ERROR] Failed to load resource: net::ERR_CONNECTION_REFUSED @ http://localhost:3101/finance/:0
[ 2173225ms] [ERROR] Failed to load resource: net::ERR_CONNECTION_REFUSED @ http://localhost:3101/finance/:0
[ 2174704ms] [ERROR] Failed to load resource: net::ERR_CONNECTION_REFUSED @ http://localhost:3101/finance/:0
[ 2175708ms] [ERROR] Failed to load resource: net::ERR_CONNECTION_REFUSED @ http://localhost:3101/finance/:0
[ 2176711ms] [ERROR] Failed to load resource: net::ERR_CONNECTION_REFUSED @ http://localhost:3101/finance/:0
[ 2177714ms] [ERROR] Failed to load resource: net::ERR_CONNECTION_REFUSED @ http://localhost:3101/finance/:0
[ 2178719ms] [ERROR] Failed to load resource: net::ERR_CONNECTION_REFUSED @ http://localhost:3101/finance/:0
[ 2179727ms] [ERROR] Failed to load resource: net::ERR_CONNECTION_REFUSED @ http://localhost:3101/finance/:0
[ 2180732ms] [ERROR] Failed to load resource: net::ERR_CONNECTION_REFUSED @ http://localhost:3101/finance/:0
[ 2181735ms] [ERROR] Failed to load resource: net::ERR_CONNECTION_REFUSED @ http://localhost:3101/finance/:0
[ 2182740ms] [ERROR] Failed to load resource: net::ERR_CONNECTION_REFUSED @ http://localhost:3101/finance/:0
[ 2183745ms] [ERROR] Failed to load resource: net::ERR_CONNECTION_REFUSED @ http://localhost:3101/finance/:0
[ 2184748ms] [ERROR] Failed to load resource: net::ERR_CONNECTION_REFUSED @ http://localhost:3101/finance/:0
[ 2185751ms] [ERROR] Failed to load resource: net::ERR_CONNECTION_REFUSED @ http://localhost:3101/finance/:0
[ 2186763ms] [ERROR] Failed to load resource: net::ERR_CONNECTION_REFUSED @ http://localhost:3101/finance/:0
[ 2187770ms] [ERROR] Failed to load resource: net::ERR_CONNECTION_REFUSED @ http://localhost:3101/finance/:0
[ 2188782ms] [ERROR] Failed to load resource: net::ERR_CONNECTION_REFUSED @ http://localhost:3101/finance/:0
[ 2189786ms] [ERROR] Failed to load resource: net::ERR_CONNECTION_REFUSED @ http://localhost:3101/finance/:0
[ 2190976ms] [ERROR] Failed to load resource: net::ERR_CONNECTION_REFUSED @ http://localhost:3101/finance/:0
[ 2192436ms] [ERROR] Failed to load resource: net::ERR_CONNECTION_REFUSED @ http://localhost:3101/finance/:0
[ 2194110ms] [ERROR] Failed to load resource: net::ERR_CONNECTION_REFUSED @ http://localhost:3101/finance/:0
[ 2195157ms] [ERROR] Failed to load resource: net::ERR_CONNECTION_REFUSED @ http://localhost:3101/finance/:0
[ 2196214ms] [ERROR] Failed to load resource: net::ERR_CONNECTION_REFUSED @ http://localhost:3101/finance/:0
[ 2197731ms] [ERROR] Failed to load resource: net::ERR_CONNECTION_REFUSED @ http://localhost:3101/finance/:0
[ 2198736ms] [ERROR] Failed to load resource: net::ERR_CONNECTION_REFUSED @ http://localhost:3101/finance/:0
[ 2199768ms] [ERROR] Failed to load resource: net::ERR_CONNECTION_REFUSED @ http://localhost:3101/finance/:0
[ 2200772ms] [ERROR] Failed to load resource: net::ERR_CONNECTION_REFUSED @ http://localhost:3101/finance/:0
[ 2201775ms] [ERROR] Failed to load resource: net::ERR_CONNECTION_REFUSED @ http://localhost:3101/finance/:0
[ 2202779ms] [ERROR] Failed to load resource: net::ERR_CONNECTION_REFUSED @ http://localhost:3101/finance/:0
[ 2203784ms] [ERROR] Failed to load resource: net::ERR_CONNECTION_REFUSED @ http://localhost:3101/finance/:0
[ 2204900ms] [ERROR] Failed to load resource: net::ERR_CONNECTION_REFUSED @ http://localhost:3101/finance/:0
[ 2206342ms] [ERROR] Failed to load resource: net::ERR_CONNECTION_REFUSED @ http://localhost:3101/finance/:0
[ 2207347ms] [ERROR] Failed to load resource: net::ERR_CONNECTION_REFUSED @ http://localhost:3101/finance/:0
[ 2208353ms] [ERROR] Failed to load resource: net::ERR_CONNECTION_REFUSED @ http://localhost:3101/finance/:0
[ 2209480ms] [ERROR] Failed to load resource: net::ERR_CONNECTION_REFUSED @ http://localhost:3101/finance/:0
[ 2210486ms] [ERROR] Failed to load resource: net::ERR_CONNECTION_REFUSED @ http://localhost:3101/finance/:0
[ 2211492ms] [ERROR] Failed to load resource: net::ERR_CONNECTION_REFUSED @ http://localhost:3101/finance/:0
[ 2212496ms] [ERROR] Failed to load resource: net::ERR_CONNECTION_REFUSED @ http://localhost:3101/finance/:0
[ 2213504ms] [ERROR] Failed to load resource: net::ERR_CONNECTION_REFUSED @ http://localhost:3101/finance/:0
[ 2214507ms] [ERROR] Failed to load resource: net::ERR_CONNECTION_REFUSED @ http://localhost:3101/finance/:0
[ 2215508ms] [ERROR] Failed to load resource: net::ERR_CONNECTION_REFUSED @ http://localhost:3101/finance/:0
[ 2216512ms] [ERROR] Failed to load resource: net::ERR_CONNECTION_REFUSED @ http://localhost:3101/finance/:0
[ 2217518ms] [ERROR] Failed to load resource: net::ERR_CONNECTION_REFUSED @ http://localhost:3101/finance/:0
[ 2218528ms] [ERROR] Failed to load resource: net::ERR_CONNECTION_REFUSED @ http://localhost:3101/finance/:0
[ 2219535ms] [ERROR] Failed to load resource: net::ERR_CONNECTION_REFUSED @ http://localhost:3101/finance/:0
[ 2220540ms] [ERROR] Failed to load resource: net::ERR_CONNECTION_REFUSED @ http://localhost:3101/finance/:0
[ 2221545ms] [ERROR] Failed to load resource: net::ERR_CONNECTION_REFUSED @ http://localhost:3101/finance/:0
[ 2222549ms] [ERROR] Failed to load resource: net::ERR_CONNECTION_REFUSED @ http://localhost:3101/finance/:0
[ 2223554ms] [ERROR] Failed to load resource: net::ERR_CONNECTION_REFUSED @ http://localhost:3101/finance/:0
[ 2224557ms] [ERROR] Failed to load resource: net::ERR_CONNECTION_REFUSED @ http://localhost:3101/finance/:0
[ 2225561ms] [ERROR] Failed to load resource: net::ERR_CONNECTION_REFUSED @ http://localhost:3101/finance/:0
[ 2226566ms] [ERROR] Failed to load resource: net::ERR_CONNECTION_REFUSED @ http://localhost:3101/finance/:0
[ 2227569ms] [ERROR] Failed to load resource: net::ERR_CONNECTION_REFUSED @ http://localhost:3101/finance/:0
[ 2228574ms] [ERROR] Failed to load resource: net::ERR_CONNECTION_REFUSED @ http://localhost:3101/finance/:0
[ 2230029ms] [ERROR] Failed to load resource: net::ERR_CONNECTION_REFUSED @ http://localhost:3101/finance/:0
[ 2231033ms] [ERROR] Failed to load resource: net::ERR_CONNECTION_REFUSED @ http://localhost:3101/finance/:0
[ 2232036ms] [ERROR] Failed to load resource: net::ERR_CONNECTION_REFUSED @ http://localhost:3101/finance/:0
[ 2233040ms] [ERROR] Failed to load resource: net::ERR_CONNECTION_REFUSED @ http://localhost:3101/finance/:0
[ 2234071ms] [ERROR] Failed to load resource: net::ERR_CONNECTION_REFUSED @ http://localhost:3101/finance/:0
[ 2235622ms] [ERROR] Failed to load resource: net::ERR_CONNECTION_REFUSED @ http://localhost:3101/finance/:0
[ 2236631ms] [ERROR] Failed to load resource: net::ERR_CONNECTION_REFUSED @ http://localhost:3101/finance/:0
[ 2237635ms] [ERROR] Failed to load resource: net::ERR_CONNECTION_REFUSED @ http://localhost:3101/finance/:0
[ 2238640ms] [ERROR] Failed to load resource: net::ERR_CONNECTION_REFUSED @ http://localhost:3101/finance/:0
[ 2239647ms] [ERROR] Failed to load resource: net::ERR_CONNECTION_REFUSED @ http://localhost:3101/finance/:0
[ 2240652ms] [ERROR] Failed to load resource: net::ERR_CONNECTION_REFUSED @ http://localhost:3101/finance/:0
[ 2241657ms] [ERROR] Failed to load resource: net::ERR_CONNECTION_REFUSED @ http://localhost:3101/finance/:0
[ 2242665ms] [ERROR] Failed to load resource: net::ERR_CONNECTION_REFUSED @ http://localhost:3101/finance/:0
[ 2243816ms] [ERROR] Failed to load resource: net::ERR_CONNECTION_REFUSED @ http://localhost:3101/finance/:0
[ 2244823ms] [ERROR] Failed to load resource: net::ERR_CONNECTION_REFUSED @ http://localhost:3101/finance/:0
[ 2245990ms] [ERROR] Failed to load resource: net::ERR_CONNECTION_REFUSED @ http://localhost:3101/finance/:0
[ 2246994ms] [ERROR] Failed to load resource: net::ERR_CONNECTION_REFUSED @ http://localhost:3101/finance/:0
[ 2248243ms] [ERROR] Failed to load resource: net::ERR_CONNECTION_REFUSED @ http://localhost:3101/finance/:0
[ 2249246ms] [ERROR] Failed to load resource: net::ERR_CONNECTION_REFUSED @ http://localhost:3101/finance/:0
[ 2250248ms] [ERROR] Failed to load resource: net::ERR_CONNECTION_REFUSED @ http://localhost:3101/finance/:0
[ 2251249ms] [ERROR] Failed to load resource: net::ERR_CONNECTION_REFUSED @ http://localhost:3101/finance/:0
[ 2252252ms] [ERROR] Failed to load resource: net::ERR_CONNECTION_REFUSED @ http://localhost:3101/finance/:0
[ 2253255ms] [ERROR] Failed to load resource: net::ERR_CONNECTION_REFUSED @ http://localhost:3101/finance/:0
[ 2254259ms] [ERROR] Failed to load resource: net::ERR_CONNECTION_REFUSED @ http://localhost:3101/finance/:0
[ 2255264ms] [ERROR] Failed to load resource: net::ERR_CONNECTION_REFUSED @ http://localhost:3101/finance/:0
[ 2256268ms] [ERROR] Failed to load resource: net::ERR_CONNECTION_REFUSED @ http://localhost:3101/finance/:0
[ 2257344ms] [ERROR] Failed to load resource: net::ERR_CONNECTION_REFUSED @ http://localhost:3101/finance/:0
[ 2258347ms] [ERROR] Failed to load resource: net::ERR_CONNECTION_REFUSED @ http://localhost:3101/finance/:0
[ 2259357ms] [ERROR] Failed to load resource: net::ERR_CONNECTION_REFUSED @ http://localhost:3101/finance/:0
[ 2260372ms] [ERROR] Failed to load resource: net::ERR_CONNECTION_REFUSED @ http://localhost:3101/finance/:0
[ 2261376ms] [ERROR] Failed to load resource: net::ERR_CONNECTION_REFUSED @ http://localhost:3101/finance/:0
[ 2262380ms] [ERROR] Failed to load resource: net::ERR_CONNECTION_REFUSED @ http://localhost:3101/finance/:0
[ 2263384ms] [ERROR] Failed to load resource: net::ERR_CONNECTION_REFUSED @ http://localhost:3101/finance/:0
[ 2264441ms] [ERROR] Failed to load resource: net::ERR_CONNECTION_REFUSED @ http://localhost:3101/finance/:0
[ 2265448ms] [ERROR] Failed to load resource: net::ERR_CONNECTION_REFUSED @ http://localhost:3101/finance/:0
[ 2266454ms] [ERROR] Failed to load resource: net::ERR_CONNECTION_REFUSED @ http://localhost:3101/finance/:0
[ 2267666ms] [ERROR] Failed to load resource: net::ERR_CONNECTION_REFUSED @ http://localhost:3101/finance/:0
[ 2268669ms] [ERROR] Failed to load resource: net::ERR_CONNECTION_REFUSED @ http://localhost:3101/finance/:0
[ 2269673ms] [ERROR] Failed to load resource: net::ERR_CONNECTION_REFUSED @ http://localhost:3101/finance/:0
[ 2270684ms] [ERROR] Failed to load resource: net::ERR_CONNECTION_REFUSED @ http://localhost:3101/finance/:0
[ 2271693ms] [ERROR] Failed to load resource: net::ERR_CONNECTION_REFUSED @ http://localhost:3101/finance/:0
[ 2272702ms] [ERROR] Failed to load resource: net::ERR_CONNECTION_REFUSED @ http://localhost:3101/finance/:0
[ 2273862ms] [ERROR] Failed to load resource: net::ERR_CONNECTION_REFUSED @ http://localhost:3101/finance/:0
[ 2274864ms] [ERROR] Failed to load resource: net::ERR_CONNECTION_REFUSED @ http://localhost:3101/finance/:0
[ 2275867ms] [ERROR] Failed to load resource: net::ERR_CONNECTION_REFUSED @ http://localhost:3101/finance/:0
[ 2276870ms] [ERROR] Failed to load resource: net::ERR_CONNECTION_REFUSED @ http://localhost:3101/finance/:0
[ 2277881ms] [ERROR] Failed to load resource: net::ERR_CONNECTION_REFUSED @ http://localhost:3101/finance/:0
[ 2279047ms] [ERROR] Failed to load resource: net::ERR_CONNECTION_REFUSED @ http://localhost:3101/finance/:0
[ 2280050ms] [ERROR] Failed to load resource: net::ERR_CONNECTION_REFUSED @ http://localhost:3101/finance/:0
[ 2281054ms] [ERROR] Failed to load resource: net::ERR_CONNECTION_REFUSED @ http://localhost:3101/finance/:0
[ 2282058ms] [ERROR] Failed to load resource: net::ERR_CONNECTION_REFUSED @ http://localhost:3101/finance/:0
[ 2283064ms] [ERROR] Failed to load resource: net::ERR_CONNECTION_REFUSED @ http://localhost:3101/finance/:0
[ 2284068ms] [ERROR] Failed to load resource: net::ERR_CONNECTION_REFUSED @ http://localhost:3101/finance/:0
[ 2285072ms] [ERROR] Failed to load resource: net::ERR_CONNECTION_REFUSED @ http://localhost:3101/finance/:0
[ 2286074ms] [ERROR] Failed to load resource: net::ERR_CONNECTION_REFUSED @ http://localhost:3101/finance/:0
[ 2287080ms] [ERROR] Failed to load resource: net::ERR_CONNECTION_REFUSED @ http://localhost:3101/finance/:0
[ 2288240ms] [ERROR] Failed to load resource: net::ERR_CONNECTION_REFUSED @ http://localhost:3101/finance/:0
[ 2289243ms] [ERROR] Failed to load resource: net::ERR_CONNECTION_REFUSED @ http://localhost:3101/finance/:0
[ 2290247ms] [ERROR] Failed to load resource: net::ERR_CONNECTION_REFUSED @ http://localhost:3101/finance/:0
[ 2291249ms] [ERROR] Failed to load resource: net::ERR_CONNECTION_REFUSED @ http://localhost:3101/finance/:0
[ 2292253ms] [ERROR] Failed to load resource: net::ERR_CONNECTION_REFUSED @ http://localhost:3101/finance/:0
[ 2293258ms] [ERROR] Failed to load resource: net::ERR_CONNECTION_REFUSED @ http://localhost:3101/finance/:0
[ 2294268ms] [ERROR] Failed to load resource: net::ERR_CONNECTION_REFUSED @ http://localhost:3101/finance/:0
[ 2295271ms] [ERROR] Failed to load resource: net::ERR_CONNECTION_REFUSED @ http://localhost:3101/finance/:0
[ 2296275ms] [ERROR] Failed to load resource: net::ERR_CONNECTION_REFUSED @ http://localhost:3101/finance/:0
[ 2297277ms] [ERROR] Failed to load resource: net::ERR_CONNECTION_REFUSED @ http://localhost:3101/finance/:0
[ 2298282ms] [ERROR] Failed to load resource: net::ERR_CONNECTION_REFUSED @ http://localhost:3101/finance/:0
[ 2299299ms] [ERROR] Failed to load resource: net::ERR_CONNECTION_REFUSED @ http://localhost:3101/finance/:0
[ 2300301ms] [ERROR] Failed to load resource: net::ERR_CONNECTION_REFUSED @ http://localhost:3101/finance/:0
[ 2301304ms] [ERROR] Failed to load resource: net::ERR_CONNECTION_REFUSED @ http://localhost:3101/finance/:0
[ 2302315ms] [ERROR] Failed to load resource: net::ERR_CONNECTION_REFUSED @ http://localhost:3101/finance/:0
[ 2303319ms] [ERROR] Failed to load resource: net::ERR_CONNECTION_REFUSED @ http://localhost:3101/finance/:0
[ 2304323ms] [ERROR] Failed to load resource: net::ERR_CONNECTION_REFUSED @ http://localhost:3101/finance/:0
[ 2305326ms] [ERROR] Failed to load resource: net::ERR_CONNECTION_REFUSED @ http://localhost:3101/finance/:0
[ 2306330ms] [ERROR] Failed to load resource: net::ERR_CONNECTION_REFUSED @ http://localhost:3101/finance/:0
[ 2307334ms] [ERROR] Failed to load resource: net::ERR_CONNECTION_REFUSED @ http://localhost:3101/finance/:0
[ 2308341ms] [ERROR] Failed to load resource: net::ERR_CONNECTION_REFUSED @ http://localhost:3101/finance/:0
[ 2309344ms] [ERROR] Failed to load resource: net::ERR_CONNECTION_REFUSED @ http://localhost:3101/finance/:0
[ 2310347ms] [ERROR] Failed to load resource: net::ERR_CONNECTION_REFUSED @ http://localhost:3101/finance/:0
[ 2311350ms] [ERROR] Failed to load resource: net::ERR_CONNECTION_REFUSED @ http://localhost:3101/finance/:0
[ 2312353ms] [ERROR] Failed to load resource: net::ERR_CONNECTION_REFUSED @ http://localhost:3101/finance/:0
[ 2313357ms] [ERROR] Failed to load resource: net::ERR_CONNECTION_REFUSED @ http://localhost:3101/finance/:0
[ 2314362ms] [ERROR] Failed to load resource: net::ERR_CONNECTION_REFUSED @ http://localhost:3101/finance/:0
[ 2315365ms] [ERROR] Failed to load resource: net::ERR_CONNECTION_REFUSED @ http://localhost:3101/finance/:0
[ 2316372ms] [ERROR] Failed to load resource: net::ERR_CONNECTION_REFUSED @ http://localhost:3101/finance/:0
[ 2317375ms] [ERROR] Failed to load resource: net::ERR_CONNECTION_REFUSED @ http://localhost:3101/finance/:0
[ 2318378ms] [ERROR] Failed to load resource: net::ERR_CONNECTION_REFUSED @ http://localhost:3101/finance/:0
[ 2319463ms] [ERROR] Failed to load resource: net::ERR_CONNECTION_REFUSED @ http://localhost:3101/finance/:0
[ 2320466ms] [ERROR] Failed to load resource: net::ERR_CONNECTION_REFUSED @ http://localhost:3101/finance/:0
[ 2321473ms] [ERROR] Failed to load resource: net::ERR_CONNECTION_REFUSED @ http://localhost:3101/finance/:0
[ 2322480ms] [ERROR] Failed to load resource: net::ERR_CONNECTION_REFUSED @ http://localhost:3101/finance/:0
[ 2323483ms] [ERROR] Failed to load resource: net::ERR_CONNECTION_REFUSED @ http://localhost:3101/finance/:0
[ 2324488ms] [ERROR] Failed to load resource: net::ERR_CONNECTION_REFUSED @ http://localhost:3101/finance/:0
[ 2325491ms] [ERROR] Failed to load resource: net::ERR_CONNECTION_REFUSED @ http://localhost:3101/finance/:0
[ 2326607ms] [ERROR] Failed to load resource: net::ERR_CONNECTION_REFUSED @ http://localhost:3101/finance/:0
[ 2327613ms] [ERROR] Failed to load resource: net::ERR_CONNECTION_REFUSED @ http://localhost:3101/finance/:0
[ 2328617ms] [ERROR] Failed to load resource: net::ERR_CONNECTION_REFUSED @ http://localhost:3101/finance/:0
[ 2329620ms] [ERROR] Failed to load resource: net::ERR_CONNECTION_REFUSED @ http://localhost:3101/finance/:0
[ 2330623ms] [ERROR] Failed to load resource: net::ERR_CONNECTION_REFUSED @ http://localhost:3101/finance/:0
[ 2331628ms] [ERROR] Failed to load resource: net::ERR_CONNECTION_REFUSED @ http://localhost:3101/finance/:0
[ 2332632ms] [ERROR] Failed to load resource: net::ERR_CONNECTION_REFUSED @ http://localhost:3101/finance/:0
[ 2333635ms] [ERROR] Failed to load resource: net::ERR_CONNECTION_REFUSED @ http://localhost:3101/finance/:0
[ 2334639ms] [ERROR] Failed to load resource: net::ERR_CONNECTION_REFUSED @ http://localhost:3101/finance/:0
[ 2335645ms] [ERROR] Failed to load resource: net::ERR_CONNECTION_REFUSED @ http://localhost:3101/finance/:0
[ 2336649ms] [ERROR] Failed to load resource: net::ERR_CONNECTION_REFUSED @ http://localhost:3101/finance/:0
[ 2337652ms] [ERROR] Failed to load resource: net::ERR_CONNECTION_REFUSED @ http://localhost:3101/finance/:0
[ 2338655ms] [ERROR] Failed to load resource: net::ERR_CONNECTION_REFUSED @ http://localhost:3101/finance/:0
[ 2339658ms] [ERROR] Failed to load resource: net::ERR_CONNECTION_REFUSED @ http://localhost:3101/finance/:0
[ 2341115ms] [ERROR] Failed to load resource: net::ERR_CONNECTION_REFUSED @ http://localhost:3101/finance/:0
[ 2342119ms] [ERROR] Failed to load resource: net::ERR_CONNECTION_REFUSED @ http://localhost:3101/finance/:0
[ 2343122ms] [ERROR] Failed to load resource: net::ERR_CONNECTION_REFUSED @ http://localhost:3101/finance/:0
[ 2344126ms] [ERROR] Failed to load resource: net::ERR_CONNECTION_REFUSED @ http://localhost:3101/finance/:0
[ 2345130ms] [ERROR] Failed to load resource: net::ERR_CONNECTION_REFUSED @ http://localhost:3101/finance/:0
[ 2346133ms] [ERROR] Failed to load resource: net::ERR_CONNECTION_REFUSED @ http://localhost:3101/finance/:0
[ 2347137ms] [ERROR] Failed to load resource: net::ERR_CONNECTION_REFUSED @ http://localhost:3101/finance/:0
[ 2348141ms] [ERROR] Failed to load resource: net::ERR_CONNECTION_REFUSED @ http://localhost:3101/finance/:0
[ 2349144ms] [ERROR] Failed to load resource: net::ERR_CONNECTION_REFUSED @ http://localhost:3101/finance/:0
[ 2350148ms] [ERROR] Failed to load resource: net::ERR_CONNECTION_REFUSED @ http://localhost:3101/finance/:0
[ 2351152ms] [ERROR] Failed to load resource: net::ERR_CONNECTION_REFUSED @ http://localhost:3101/finance/:0
[ 2352155ms] [ERROR] Failed to load resource: net::ERR_CONNECTION_REFUSED @ http://localhost:3101/finance/:0
[ 2353159ms] [ERROR] Failed to load resource: net::ERR_CONNECTION_REFUSED @ http://localhost:3101/finance/:0
[ 2354162ms] [ERROR] Failed to load resource: net::ERR_CONNECTION_REFUSED @ http://localhost:3101/finance/:0
[ 2355166ms] [ERROR] Failed to load resource: net::ERR_CONNECTION_REFUSED @ http://localhost:3101/finance/:0
[ 2356170ms] [ERROR] Failed to load resource: net::ERR_CONNECTION_REFUSED @ http://localhost:3101/finance/:0
[ 2357172ms] [ERROR] Failed to load resource: net::ERR_CONNECTION_REFUSED @ http://localhost:3101/finance/:0
[ 2358175ms] [ERROR] Failed to load resource: net::ERR_CONNECTION_REFUSED @ http://localhost:3101/finance/:0
[ 2359178ms] [ERROR] Failed to load resource: net::ERR_CONNECTION_REFUSED @ http://localhost:3101/finance/:0
[ 2360180ms] [ERROR] Failed to load resource: net::ERR_CONNECTION_REFUSED @ http://localhost:3101/finance/:0
[ 2361183ms] [ERROR] Failed to load resource: net::ERR_CONNECTION_REFUSED @ http://localhost:3101/finance/:0
[ 2362185ms] [ERROR] Failed to load resource: net::ERR_CONNECTION_REFUSED @ http://localhost:3101/finance/:0
[ 2363188ms] [ERROR] Failed to load resource: net::ERR_CONNECTION_REFUSED @ http://localhost:3101/finance/:0
[ 2364191ms] [ERROR] Failed to load resource: net::ERR_CONNECTION_REFUSED @ http://localhost:3101/finance/:0
[ 2365194ms] [ERROR] Failed to load resource: net::ERR_CONNECTION_REFUSED @ http://localhost:3101/finance/:0
[ 2366196ms] [ERROR] Failed to load resource: net::ERR_CONNECTION_REFUSED @ http://localhost:3101/finance/:0
[ 2367199ms] [ERROR] Failed to load resource: net::ERR_CONNECTION_REFUSED @ http://localhost:3101/finance/:0
[ 2368202ms] [ERROR] Failed to load resource: net::ERR_CONNECTION_REFUSED @ http://localhost:3101/finance/:0
[ 2369204ms] [ERROR] Failed to load resource: net::ERR_CONNECTION_REFUSED @ http://localhost:3101/finance/:0
[ 2370206ms] [ERROR] Failed to load resource: net::ERR_CONNECTION_REFUSED @ http://localhost:3101/finance/:0
[ 2371208ms] [ERROR] Failed to load resource: net::ERR_CONNECTION_REFUSED @ http://localhost:3101/finance/:0
[ 2372211ms] [ERROR] Failed to load resource: net::ERR_CONNECTION_REFUSED @ http://localhost:3101/finance/:0
[ 2373214ms] [ERROR] Failed to load resource: net::ERR_CONNECTION_REFUSED @ http://localhost:3101/finance/:0
[ 2374216ms] [ERROR] Failed to load resource: net::ERR_CONNECTION_REFUSED @ http://localhost:3101/finance/:0
[ 2375218ms] [ERROR] Failed to load resource: net::ERR_CONNECTION_REFUSED @ http://localhost:3101/finance/:0
[ 2376221ms] [ERROR] Failed to load resource: net::ERR_CONNECTION_REFUSED @ http://localhost:3101/finance/:0
[ 2377223ms] [ERROR] Failed to load resource: net::ERR_CONNECTION_REFUSED @ http://localhost:3101/finance/:0
[ 2378226ms] [ERROR] Failed to load resource: net::ERR_CONNECTION_REFUSED @ http://localhost:3101/finance/:0
[ 2379229ms] [ERROR] Failed to load resource: net::ERR_CONNECTION_REFUSED @ http://localhost:3101/finance/:0
[ 2380232ms] [ERROR] Failed to load resource: net::ERR_CONNECTION_REFUSED @ http://localhost:3101/finance/:0
[ 2381234ms] [ERROR] Failed to load resource: net::ERR_CONNECTION_REFUSED @ http://localhost:3101/finance/:0
[ 2382236ms] [ERROR] Failed to load resource: net::ERR_CONNECTION_REFUSED @ http://localhost:3101/finance/:0
[ 2383238ms] [ERROR] Failed to load resource: net::ERR_CONNECTION_REFUSED @ http://localhost:3101/finance/:0
[ 2384240ms] [ERROR] Failed to load resource: net::ERR_CONNECTION_REFUSED @ http://localhost:3101/finance/:0
[ 2385243ms] [ERROR] Failed to load resource: net::ERR_CONNECTION_REFUSED @ http://localhost:3101/finance/:0
[ 2386246ms] [ERROR] Failed to load resource: net::ERR_CONNECTION_REFUSED @ http://localhost:3101/finance/:0
[ 2387247ms] [ERROR] Failed to load resource: net::ERR_CONNECTION_REFUSED @ http://localhost:3101/finance/:0
[ 2388250ms] [ERROR] Failed to load resource: net::ERR_CONNECTION_REFUSED @ http://localhost:3101/finance/:0
[ 2389253ms] [ERROR] Failed to load resource: net::ERR_CONNECTION_REFUSED @ http://localhost:3101/finance/:0
[ 2390256ms] [ERROR] Failed to load resource: net::ERR_CONNECTION_REFUSED @ http://localhost:3101/finance/:0
[ 2391257ms] [ERROR] Failed to load resource: net::ERR_CONNECTION_REFUSED @ http://localhost:3101/finance/:0
[ 2392259ms] [ERROR] Failed to load resource: net::ERR_CONNECTION_REFUSED @ http://localhost:3101/finance/:0
[ 2393261ms] [ERROR] Failed to load resource: net::ERR_CONNECTION_REFUSED @ http://localhost:3101/finance/:0
[ 2394263ms] [ERROR] Failed to load resource: net::ERR_CONNECTION_REFUSED @ http://localhost:3101/finance/:0
[ 2395265ms] [ERROR] Failed to load resource: net::ERR_CONNECTION_REFUSED @ http://localhost:3101/finance/:0
[ 2396268ms] [ERROR] Failed to load resource: net::ERR_CONNECTION_REFUSED @ http://localhost:3101/finance/:0
[ 2397270ms] [ERROR] Failed to load resource: net::ERR_CONNECTION_REFUSED @ http://localhost:3101/finance/:0
[ 2398273ms] [ERROR] Failed to load resource: net::ERR_CONNECTION_REFUSED @ http://localhost:3101/finance/:0
[ 2399274ms] [ERROR] Failed to load resource: net::ERR_CONNECTION_REFUSED @ http://localhost:3101/finance/:0
[ 2400277ms] [ERROR] Failed to load resource: net::ERR_CONNECTION_REFUSED @ http://localhost:3101/finance/:0
[ 2401281ms] [ERROR] Failed to load resource: net::ERR_CONNECTION_REFUSED @ http://localhost:3101/finance/:0
[ 2402283ms] [ERROR] Failed to load resource: net::ERR_CONNECTION_REFUSED @ http://localhost:3101/finance/:0
[ 2403285ms] [ERROR] Failed to load resource: net::ERR_CONNECTION_REFUSED @ http://localhost:3101/finance/:0
[ 2404288ms] [ERROR] Failed to load resource: net::ERR_CONNECTION_REFUSED @ http://localhost:3101/finance/:0
[ 2405290ms] [ERROR] Failed to load resource: net::ERR_CONNECTION_REFUSED @ http://localhost:3101/finance/:0
[ 2406293ms] [ERROR] Failed to load resource: net::ERR_CONNECTION_REFUSED @ http://localhost:3101/finance/:0
[ 2407294ms] [ERROR] Failed to load resource: net::ERR_CONNECTION_REFUSED @ http://localhost:3101/finance/:0
[ 2408297ms] [ERROR] Failed to load resource: net::ERR_CONNECTION_REFUSED @ http://localhost:3101/finance/:0
[ 2409299ms] [ERROR] Failed to load resource: net::ERR_CONNECTION_REFUSED @ http://localhost:3101/finance/:0
[ 2410302ms] [ERROR] Failed to load resource: net::ERR_CONNECTION_REFUSED @ http://localhost:3101/finance/:0
[ 2411304ms] [ERROR] Failed to load resource: net::ERR_CONNECTION_REFUSED @ http://localhost:3101/finance/:0
[ 2412306ms] [ERROR] Failed to load resource: net::ERR_CONNECTION_REFUSED @ http://localhost:3101/finance/:0
[ 2413309ms] [ERROR] Failed to load resource: net::ERR_CONNECTION_REFUSED @ http://localhost:3101/finance/:0
[ 2414311ms] [ERROR] Failed to load resource: net::ERR_CONNECTION_REFUSED @ http://localhost:3101/finance/:0
[ 2415314ms] [ERROR] Failed to load resource: net::ERR_CONNECTION_REFUSED @ http://localhost:3101/finance/:0
[ 2416316ms] [ERROR] Failed to load resource: net::ERR_CONNECTION_REFUSED @ http://localhost:3101/finance/:0
[ 2417319ms] [ERROR] Failed to load resource: net::ERR_CONNECTION_REFUSED @ http://localhost:3101/finance/:0
[ 2418322ms] [ERROR] Failed to load resource: net::ERR_CONNECTION_REFUSED @ http://localhost:3101/finance/:0
[ 2419325ms] [ERROR] Failed to load resource: net::ERR_CONNECTION_REFUSED @ http://localhost:3101/finance/:0
[ 2420326ms] [ERROR] Failed to load resource: net::ERR_CONNECTION_REFUSED @ http://localhost:3101/finance/:0
[ 2421329ms] [ERROR] Failed to load resource: net::ERR_CONNECTION_REFUSED @ http://localhost:3101/finance/:0
[ 2422330ms] [ERROR] Failed to load resource: net::ERR_CONNECTION_REFUSED @ http://localhost:3101/finance/:0
[ 2423333ms] [ERROR] Failed to load resource: net::ERR_CONNECTION_REFUSED @ http://localhost:3101/finance/:0
[ 2424336ms] [ERROR] Failed to load resource: net::ERR_CONNECTION_REFUSED @ http://localhost:3101/finance/:0
[ 2425339ms] [ERROR] Failed to load resource: net::ERR_CONNECTION_REFUSED @ http://localhost:3101/finance/:0
[ 2426342ms] [ERROR] Failed to load resource: net::ERR_CONNECTION_REFUSED @ http://localhost:3101/finance/:0
[ 2427344ms] [ERROR] Failed to load resource: net::ERR_CONNECTION_REFUSED @ http://localhost:3101/finance/:0
[ 2428347ms] [ERROR] Failed to load resource: net::ERR_CONNECTION_REFUSED @ http://localhost:3101/finance/:0
[ 2429350ms] [ERROR] Failed to load resource: net::ERR_CONNECTION_REFUSED @ http://localhost:3101/finance/:0
[ 2430352ms] [ERROR] Failed to load resource: net::ERR_CONNECTION_REFUSED @ http://localhost:3101/finance/:0
[ 2431355ms] [ERROR] Failed to load resource: net::ERR_CONNECTION_REFUSED @ http://localhost:3101/finance/:0
[ 2432357ms] [ERROR] Failed to load resource: net::ERR_CONNECTION_REFUSED @ http://localhost:3101/finance/:0
[ 2433360ms] [ERROR] Failed to load resource: net::ERR_CONNECTION_REFUSED @ http://localhost:3101/finance/:0
[ 2434361ms] [ERROR] Failed to load resource: net::ERR_CONNECTION_REFUSED @ http://localhost:3101/finance/:0
[ 2435364ms] [ERROR] Failed to load resource: net::ERR_CONNECTION_REFUSED @ http://localhost:3101/finance/:0
[ 2436367ms] [ERROR] Failed to load resource: net::ERR_CONNECTION_REFUSED @ http://localhost:3101/finance/:0
[ 2437369ms] [ERROR] Failed to load resource: net::ERR_CONNECTION_REFUSED @ http://localhost:3101/finance/:0
[ 2438372ms] [ERROR] Failed to load resource: net::ERR_CONNECTION_REFUSED @ http://localhost:3101/finance/:0
[ 2439374ms] [ERROR] Failed to load resource: net::ERR_CONNECTION_REFUSED @ http://localhost:3101/finance/:0
[ 2440377ms] [ERROR] Failed to load resource: net::ERR_CONNECTION_REFUSED @ http://localhost:3101/finance/:0
[ 2441380ms] [ERROR] Failed to load resource: net::ERR_CONNECTION_REFUSED @ http://localhost:3101/finance/:0
[ 2442383ms] [ERROR] Failed to load resource: net::ERR_CONNECTION_REFUSED @ http://localhost:3101/finance/:0
[ 2443385ms] [ERROR] Failed to load resource: net::ERR_CONNECTION_REFUSED @ http://localhost:3101/finance/:0
[ 2444387ms] [ERROR] Failed to load resource: net::ERR_CONNECTION_REFUSED @ http://localhost:3101/finance/:0
[ 2445390ms] [ERROR] Failed to load resource: net::ERR_CONNECTION_REFUSED @ http://localhost:3101/finance/:0
[ 2446392ms] [ERROR] Failed to load resource: net::ERR_CONNECTION_REFUSED @ http://localhost:3101/finance/:0
[ 2447394ms] [ERROR] Failed to load resource: net::ERR_CONNECTION_REFUSED @ http://localhost:3101/finance/:0
[ 2448397ms] [ERROR] Failed to load resource: net::ERR_CONNECTION_REFUSED @ http://localhost:3101/finance/:0
[ 2449399ms] [ERROR] Failed to load resource: net::ERR_CONNECTION_REFUSED @ http://localhost:3101/finance/:0
[ 2450402ms] [ERROR] Failed to load resource: net::ERR_CONNECTION_REFUSED @ http://localhost:3101/finance/:0
[ 2451405ms] [ERROR] Failed to load resource: net::ERR_CONNECTION_REFUSED @ http://localhost:3101/finance/:0
[ 2452407ms] [ERROR] Failed to load resource: net::ERR_CONNECTION_REFUSED @ http://localhost:3101/finance/:0
[ 2453409ms] [ERROR] Failed to load resource: net::ERR_CONNECTION_REFUSED @ http://localhost:3101/finance/:0
[ 2454412ms] [ERROR] Failed to load resource: net::ERR_CONNECTION_REFUSED @ http://localhost:3101/finance/:0
[ 2455415ms] [ERROR] Failed to load resource: net::ERR_CONNECTION_REFUSED @ http://localhost:3101/finance/:0
[ 2456418ms] [ERROR] Failed to load resource: net::ERR_CONNECTION_REFUSED @ http://localhost:3101/finance/:0
[ 2457421ms] [ERROR] Failed to load resource: net::ERR_CONNECTION_REFUSED @ http://localhost:3101/finance/:0
[ 2458424ms] [ERROR] Failed to load resource: net::ERR_CONNECTION_REFUSED @ http://localhost:3101/finance/:0
[ 2459425ms] [ERROR] Failed to load resource: net::ERR_CONNECTION_REFUSED @ http://localhost:3101/finance/:0
[ 2460428ms] [ERROR] Failed to load resource: net::ERR_CONNECTION_REFUSED @ http://localhost:3101/finance/:0
[ 2461431ms] [ERROR] Failed to load resource: net::ERR_CONNECTION_REFUSED @ http://localhost:3101/finance/:0
[ 2462434ms] [ERROR] Failed to load resource: net::ERR_CONNECTION_REFUSED @ http://localhost:3101/finance/:0
[ 2463436ms] [ERROR] Failed to load resource: net::ERR_CONNECTION_REFUSED @ http://localhost:3101/finance/:0
[ 2464438ms] [ERROR] Failed to load resource: net::ERR_CONNECTION_REFUSED @ http://localhost:3101/finance/:0
[ 2465441ms] [ERROR] Failed to load resource: net::ERR_CONNECTION_REFUSED @ http://localhost:3101/finance/:0
[ 2466444ms] [ERROR] Failed to load resource: net::ERR_CONNECTION_REFUSED @ http://localhost:3101/finance/:0
[ 2467447ms] [ERROR] Failed to load resource: net::ERR_CONNECTION_REFUSED @ http://localhost:3101/finance/:0
[ 2468448ms] [ERROR] Failed to load resource: net::ERR_CONNECTION_REFUSED @ http://localhost:3101/finance/:0
[ 2469451ms] [ERROR] Failed to load resource: net::ERR_CONNECTION_REFUSED @ http://localhost:3101/finance/:0
[ 2470453ms] [ERROR] Failed to load resource: net::ERR_CONNECTION_REFUSED @ http://localhost:3101/finance/:0
[ 2471456ms] [ERROR] Failed to load resource: net::ERR_CONNECTION_REFUSED @ http://localhost:3101/finance/:0
[ 2472459ms] [ERROR] Failed to load resource: net::ERR_CONNECTION_REFUSED @ http://localhost:3101/finance/:0
[ 2473462ms] [ERROR] Failed to load resource: net::ERR_CONNECTION_REFUSED @ http://localhost:3101/finance/:0
[ 2474465ms] [ERROR] Failed to load resource: net::ERR_CONNECTION_REFUSED @ http://localhost:3101/finance/:0
[ 2475467ms] [ERROR] Failed to load resource: net::ERR_CONNECTION_REFUSED @ http://localhost:3101/finance/:0
[ 2476470ms] [ERROR] Failed to load resource: net::ERR_CONNECTION_REFUSED @ http://localhost:3101/finance/:0
[ 2477472ms] [ERROR] Failed to load resource: net::ERR_CONNECTION_REFUSED @ http://localhost:3101/finance/:0
[ 2478475ms] [ERROR] Failed to load resource: net::ERR_CONNECTION_REFUSED @ http://localhost:3101/finance/:0
[ 2479477ms] [ERROR] Failed to load resource: net::ERR_CONNECTION_REFUSED @ http://localhost:3101/finance/:0
[ 2480479ms] [ERROR] Failed to load resource: net::ERR_CONNECTION_REFUSED @ http://localhost:3101/finance/:0
[ 2481497ms] [ERROR] Failed to load resource: net::ERR_CONNECTION_REFUSED @ http://localhost:3101/finance/:0
[ 2482499ms] [ERROR] Failed to load resource: net::ERR_CONNECTION_REFUSED @ http://localhost:3101/finance/:0
[ 2483501ms] [ERROR] Failed to load resource: net::ERR_CONNECTION_REFUSED @ http://localhost:3101/finance/:0
[ 2484503ms] [ERROR] Failed to load resource: net::ERR_CONNECTION_REFUSED @ http://localhost:3101/finance/:0
[ 2485505ms] [ERROR] Failed to load resource: net::ERR_CONNECTION_REFUSED @ http://localhost:3101/finance/:0
[ 2486508ms] [ERROR] Failed to load resource: net::ERR_CONNECTION_REFUSED @ http://localhost:3101/finance/:0
[ 2487510ms] [ERROR] Failed to load resource: net::ERR_CONNECTION_REFUSED @ http://localhost:3101/finance/:0
[ 2488512ms] [ERROR] Failed to load resource: net::ERR_CONNECTION_REFUSED @ http://localhost:3101/finance/:0
[ 2489515ms] [ERROR] Failed to load resource: net::ERR_CONNECTION_REFUSED @ http://localhost:3101/finance/:0
[ 2490517ms] [ERROR] Failed to load resource: net::ERR_CONNECTION_REFUSED @ http://localhost:3101/finance/:0
[ 2491519ms] [ERROR] Failed to load resource: net::ERR_CONNECTION_REFUSED @ http://localhost:3101/finance/:0
[ 2492521ms] [ERROR] Failed to load resource: net::ERR_CONNECTION_REFUSED @ http://localhost:3101/finance/:0
[ 2493523ms] [ERROR] Failed to load resource: net::ERR_CONNECTION_REFUSED @ http://localhost:3101/finance/:0
[ 2494526ms] [ERROR] Failed to load resource: net::ERR_CONNECTION_REFUSED @ http://localhost:3101/finance/:0
[ 2495528ms] [ERROR] Failed to load resource: net::ERR_CONNECTION_REFUSED @ http://localhost:3101/finance/:0
[ 2496530ms] [ERROR] Failed to load resource: net::ERR_CONNECTION_REFUSED @ http://localhost:3101/finance/:0
[ 2497533ms] [ERROR] Failed to load resource: net::ERR_CONNECTION_REFUSED @ http://localhost:3101/finance/:0
[ 2498535ms] [ERROR] Failed to load resource: net::ERR_CONNECTION_REFUSED @ http://localhost:3101/finance/:0
[ 2499536ms] [ERROR] Failed to load resource: net::ERR_CONNECTION_REFUSED @ http://localhost:3101/finance/:0
[ 2500539ms] [ERROR] Failed to load resource: net::ERR_CONNECTION_REFUSED @ http://localhost:3101/finance/:0
[ 2501542ms] [ERROR] Failed to load resource: net::ERR_CONNECTION_REFUSED @ http://localhost:3101/finance/:0
[ 2502545ms] [ERROR] Failed to load resource: net::ERR_CONNECTION_REFUSED @ http://localhost:3101/finance/:0
[ 2503548ms] [ERROR] Failed to load resource: net::ERR_CONNECTION_REFUSED @ http://localhost:3101/finance/:0
[ 2504550ms] [ERROR] Failed to load resource: net::ERR_CONNECTION_REFUSED @ http://localhost:3101/finance/:0
[ 2505553ms] [ERROR] Failed to load resource: net::ERR_CONNECTION_REFUSED @ http://localhost:3101/finance/:0
[ 2506556ms] [ERROR] Failed to load resource: net::ERR_CONNECTION_REFUSED @ http://localhost:3101/finance/:0
[ 2507558ms] [ERROR] Failed to load resource: net::ERR_CONNECTION_REFUSED @ http://localhost:3101/finance/:0
[ 2508560ms] [ERROR] Failed to load resource: net::ERR_CONNECTION_REFUSED @ http://localhost:3101/finance/:0
[ 2509563ms] [ERROR] Failed to load resource: net::ERR_CONNECTION_REFUSED @ http://localhost:3101/finance/:0
[ 2510566ms] [ERROR] Failed to load resource: net::ERR_CONNECTION_REFUSED @ http://localhost:3101/finance/:0
[ 2511568ms] [ERROR] Failed to load resource: net::ERR_CONNECTION_REFUSED @ http://localhost:3101/finance/:0
[ 2512570ms] [ERROR] Failed to load resource: net::ERR_CONNECTION_REFUSED @ http://localhost:3101/finance/:0
[ 2513573ms] [ERROR] Failed to load resource: net::ERR_CONNECTION_REFUSED @ http://localhost:3101/finance/:0
[ 2514575ms] [ERROR] Failed to load resource: net::ERR_CONNECTION_REFUSED @ http://localhost:3101/finance/:0
[ 2515577ms] [ERROR] Failed to load resource: net::ERR_CONNECTION_REFUSED @ http://localhost:3101/finance/:0
[ 2516580ms] [ERROR] Failed to load resource: net::ERR_CONNECTION_REFUSED @ http://localhost:3101/finance/:0
[ 2517582ms] [ERROR] Failed to load resource: net::ERR_CONNECTION_REFUSED @ http://localhost:3101/finance/:0
[ 2518584ms] [ERROR] Failed to load resource: net::ERR_CONNECTION_REFUSED @ http://localhost:3101/finance/:0
[ 2519587ms] [ERROR] Failed to load resource: net::ERR_CONNECTION_REFUSED @ http://localhost:3101/finance/:0
[ 2520589ms] [ERROR] Failed to load resource: net::ERR_CONNECTION_REFUSED @ http://localhost:3101/finance/:0
[ 2521591ms] [ERROR] Failed to load resource: net::ERR_CONNECTION_REFUSED @ http://localhost:3101/finance/:0
[ 2522592ms] [ERROR] Failed to load resource: net::ERR_CONNECTION_REFUSED @ http://localhost:3101/finance/:0
[ 2523594ms] [ERROR] Failed to load resource: net::ERR_CONNECTION_REFUSED @ http://localhost:3101/finance/:0
[ 2524595ms] [ERROR] Failed to load resource: net::ERR_CONNECTION_REFUSED @ http://localhost:3101/finance/:0
[ 2525597ms] [ERROR] Failed to load resource: net::ERR_CONNECTION_REFUSED @ http://localhost:3101/finance/:0
[ 2526600ms] [ERROR] Failed to load resource: net::ERR_CONNECTION_REFUSED @ http://localhost:3101/finance/:0
[ 2527602ms] [ERROR] Failed to load resource: net::ERR_CONNECTION_REFUSED @ http://localhost:3101/finance/:0
[ 2528604ms] [ERROR] Failed to load resource: net::ERR_CONNECTION_REFUSED @ http://localhost:3101/finance/:0
[ 2529606ms] [ERROR] Failed to load resource: net::ERR_CONNECTION_REFUSED @ http://localhost:3101/finance/:0
[ 2530608ms] [ERROR] Failed to load resource: net::ERR_CONNECTION_REFUSED @ http://localhost:3101/finance/:0
[ 2531610ms] [ERROR] Failed to load resource: net::ERR_CONNECTION_REFUSED @ http://localhost:3101/finance/:0
[ 2532612ms] [ERROR] Failed to load resource: net::ERR_CONNECTION_REFUSED @ http://localhost:3101/finance/:0
[ 2533615ms] [ERROR] Failed to load resource: net::ERR_CONNECTION_REFUSED @ http://localhost:3101/finance/:0
[ 2534617ms] [ERROR] Failed to load resource: net::ERR_CONNECTION_REFUSED @ http://localhost:3101/finance/:0
[ 2535621ms] [ERROR] Failed to load resource: net::ERR_CONNECTION_REFUSED @ http://localhost:3101/finance/:0
[ 2536624ms] [ERROR] Failed to load resource: net::ERR_CONNECTION_REFUSED @ http://localhost:3101/finance/:0
[ 2537627ms] [ERROR] Failed to load resource: net::ERR_CONNECTION_REFUSED @ http://localhost:3101/finance/:0
[ 2538629ms] [ERROR] Failed to load resource: net::ERR_CONNECTION_REFUSED @ http://localhost:3101/finance/:0
[ 2539648ms] [ERROR] Failed to load resource: net::ERR_CONNECTION_REFUSED @ http://localhost:3101/finance/:0
[ 2540651ms] [ERROR] Failed to load resource: net::ERR_CONNECTION_REFUSED @ http://localhost:3101/finance/:0
[ 2541659ms] [ERROR] Failed to load resource: net::ERR_CONNECTION_REFUSED @ http://localhost:3101/finance/:0
[ 2542662ms] [ERROR] Failed to load resource: net::ERR_CONNECTION_REFUSED @ http://localhost:3101/finance/:0
[ 2543800ms] [ERROR] Failed to load resource: net::ERR_CONNECTION_REFUSED @ http://localhost:3101/finance/:0
[ 2545075ms] [ERROR] Failed to load resource: net::ERR_CONNECTION_REFUSED @ http://localhost:3101/finance/:0
[ 2546081ms] [ERROR] Failed to load resource: net::ERR_CONNECTION_REFUSED @ http://localhost:3101/finance/:0
[ 2547086ms] [ERROR] Failed to load resource: net::ERR_CONNECTION_REFUSED @ http://localhost:3101/finance/:0
[ 2548116ms] [ERROR] Failed to load resource: net::ERR_CONNECTION_REFUSED @ http://localhost:3101/finance/:0
[ 2549377ms] [ERROR] Failed to load resource: net::ERR_CONNECTION_REFUSED @ http://localhost:3101/finance/:0
[ 2550411ms] [ERROR] Failed to load resource: net::ERR_CONNECTION_REFUSED @ http://localhost:3101/finance/:0
[ 2551441ms] [ERROR] Failed to load resource: net::ERR_CONNECTION_REFUSED @ http://localhost:3101/finance/:0
[ 2552444ms] [ERROR] Failed to load resource: net::ERR_CONNECTION_REFUSED @ http://localhost:3101/finance/:0
[ 2553449ms] [ERROR] Failed to load resource: net::ERR_CONNECTION_REFUSED @ http://localhost:3101/finance/:0
[ 2554452ms] [ERROR] Failed to load resource: net::ERR_CONNECTION_REFUSED @ http://localhost:3101/finance/:0
[ 2555457ms] [ERROR] Failed to load resource: net::ERR_CONNECTION_REFUSED @ http://localhost:3101/finance/:0
[ 2556489ms] [ERROR] Failed to load resource: net::ERR_CONNECTION_REFUSED @ http://localhost:3101/finance/:0
[ 2557561ms] [ERROR] Failed to load resource: net::ERR_CONNECTION_REFUSED @ http://localhost:3101/finance/:0
[ 2558567ms] [ERROR] Failed to load resource: net::ERR_CONNECTION_REFUSED @ http://localhost:3101/finance/:0
[ 2559570ms] [ERROR] Failed to load resource: net::ERR_CONNECTION_REFUSED @ http://localhost:3101/finance/:0
[ 2560574ms] [ERROR] Failed to load resource: net::ERR_CONNECTION_REFUSED @ http://localhost:3101/finance/:0
[ 2561577ms] [ERROR] Failed to load resource: net::ERR_CONNECTION_REFUSED @ http://localhost:3101/finance/:0
[ 2562582ms] [ERROR] Failed to load resource: net::ERR_CONNECTION_REFUSED @ http://localhost:3101/finance/:0
[ 2563629ms] [ERROR] Failed to load resource: net::ERR_CONNECTION_REFUSED @ http://localhost:3101/finance/:0
[ 2564721ms] [ERROR] Failed to load resource: net::ERR_CONNECTION_REFUSED @ http://localhost:3101/finance/:0
[ 2565727ms] [ERROR] Failed to load resource: net::ERR_CONNECTION_REFUSED @ http://localhost:3101/finance/:0
[ 2566732ms] [ERROR] Failed to load resource: net::ERR_CONNECTION_REFUSED @ http://localhost:3101/finance/:0
[ 2567738ms] [ERROR] Failed to load resource: net::ERR_CONNECTION_REFUSED @ http://localhost:3101/finance/:0
[ 2568741ms] [ERROR] Failed to load resource: net::ERR_CONNECTION_REFUSED @ http://localhost:3101/finance/:0
[ 2569745ms] [ERROR] Failed to load resource: net::ERR_CONNECTION_REFUSED @ http://localhost:3101/finance/:0
[ 2570749ms] [ERROR] Failed to load resource: net::ERR_CONNECTION_REFUSED @ http://localhost:3101/finance/:0
[ 2571753ms] [ERROR] Failed to load resource: net::ERR_CONNECTION_REFUSED @ http://localhost:3101/finance/:0
[ 2572831ms] [ERROR] Failed to load resource: net::ERR_CONNECTION_REFUSED @ http://localhost:3101/finance/:0
[ 2573834ms] [ERROR] Failed to load resource: net::ERR_CONNECTION_REFUSED @ http://localhost:3101/finance/:0
[ 2574839ms] [ERROR] Failed to load resource: net::ERR_CONNECTION_REFUSED @ http://localhost:3101/finance/:0
[ 2575915ms] [ERROR] Failed to load resource: net::ERR_CONNECTION_REFUSED @ http://localhost:3101/finance/:0
[ 2577251ms] [ERROR] Failed to load resource: net::ERR_CONNECTION_REFUSED @ http://localhost:3101/finance/:0
[ 2578254ms] [ERROR] Failed to load resource: net::ERR_CONNECTION_REFUSED @ http://localhost:3101/finance/:0
[ 2579257ms] [ERROR] Failed to load resource: net::ERR_CONNECTION_REFUSED @ http://localhost:3101/finance/:0
[ 2580260ms] [ERROR] Failed to load resource: net::ERR_CONNECTION_REFUSED @ http://localhost:3101/finance/:0
[ 2581262ms] [ERROR] Failed to load resource: net::ERR_CONNECTION_REFUSED @ http://localhost:3101/finance/:0
[ 2582265ms] [ERROR] Failed to load resource: net::ERR_CONNECTION_REFUSED @ http://localhost:3101/finance/:0
[ 2583267ms] [ERROR] Failed to load resource: net::ERR_CONNECTION_REFUSED @ http://localhost:3101/finance/:0
[ 2584272ms] [ERROR] Failed to load resource: net::ERR_CONNECTION_REFUSED @ http://localhost:3101/finance/:0
[ 2585274ms] [ERROR] Failed to load resource: net::ERR_CONNECTION_REFUSED @ http://localhost:3101/finance/:0
[ 2586276ms] [ERROR] Failed to load resource: net::ERR_CONNECTION_REFUSED @ http://localhost:3101/finance/:0
[ 2587278ms] [ERROR] Failed to load resource: net::ERR_CONNECTION_REFUSED @ http://localhost:3101/finance/:0
[ 2588281ms] [ERROR] Failed to load resource: net::ERR_CONNECTION_REFUSED @ http://localhost:3101/finance/:0
[ 2589283ms] [ERROR] Failed to load resource: net::ERR_CONNECTION_REFUSED @ http://localhost:3101/finance/:0
[ 2590286ms] [ERROR] Failed to load resource: net::ERR_CONNECTION_REFUSED @ http://localhost:3101/finance/:0
[ 2591288ms] [ERROR] Failed to load resource: net::ERR_CONNECTION_REFUSED @ http://localhost:3101/finance/:0
[ 2592290ms] [ERROR] Failed to load resource: net::ERR_CONNECTION_REFUSED @ http://localhost:3101/finance/:0
[ 2593293ms] [ERROR] Failed to load resource: net::ERR_CONNECTION_REFUSED @ http://localhost:3101/finance/:0
[ 2594295ms] [ERROR] Failed to load resource: net::ERR_CONNECTION_REFUSED @ http://localhost:3101/finance/:0
[ 2595298ms] [ERROR] Failed to load resource: net::ERR_CONNECTION_REFUSED @ http://localhost:3101/finance/:0
[ 2596301ms] [ERROR] Failed to load resource: net::ERR_CONNECTION_REFUSED @ http://localhost:3101/finance/:0
[ 2597304ms] [ERROR] Failed to load resource: net::ERR_CONNECTION_REFUSED @ http://localhost:3101/finance/:0
[ 2598306ms] [ERROR] Failed to load resource: net::ERR_CONNECTION_REFUSED @ http://localhost:3101/finance/:0
[ 2599308ms] [ERROR] Failed to load resource: net::ERR_CONNECTION_REFUSED @ http://localhost:3101/finance/:0
[ 2600310ms] [ERROR] Failed to load resource: net::ERR_CONNECTION_REFUSED @ http://localhost:3101/finance/:0
[ 2601312ms] [ERROR] Failed to load resource: net::ERR_CONNECTION_REFUSED @ http://localhost:3101/finance/:0
[ 2602314ms] [ERROR] Failed to load resource: net::ERR_CONNECTION_REFUSED @ http://localhost:3101/finance/:0
[ 2603317ms] [ERROR] Failed to load resource: net::ERR_CONNECTION_REFUSED @ http://localhost:3101/finance/:0
[ 2604319ms] [ERROR] Failed to load resource: net::ERR_CONNECTION_REFUSED @ http://localhost:3101/finance/:0
[ 2605321ms] [ERROR] Failed to load resource: net::ERR_CONNECTION_REFUSED @ http://localhost:3101/finance/:0
[ 2606323ms] [ERROR] Failed to load resource: net::ERR_CONNECTION_REFUSED @ http://localhost:3101/finance/:0
[ 2607326ms] [ERROR] Failed to load resource: net::ERR_CONNECTION_REFUSED @ http://localhost:3101/finance/:0
[ 2608328ms] [ERROR] Failed to load resource: net::ERR_CONNECTION_REFUSED @ http://localhost:3101/finance/:0
[ 2609331ms] [ERROR] Failed to load resource: net::ERR_CONNECTION_REFUSED @ http://localhost:3101/finance/:0
[ 2610333ms] [ERROR] Failed to load resource: net::ERR_CONNECTION_REFUSED @ http://localhost:3101/finance/:0
[ 2611336ms] [ERROR] Failed to load resource: net::ERR_CONNECTION_REFUSED @ http://localhost:3101/finance/:0
[ 2612339ms] [ERROR] Failed to load resource: net::ERR_CONNECTION_REFUSED @ http://localhost:3101/finance/:0
[ 2613341ms] [ERROR] Failed to load resource: net::ERR_CONNECTION_REFUSED @ http://localhost:3101/finance/:0
[ 2614343ms] [ERROR] Failed to load resource: net::ERR_CONNECTION_REFUSED @ http://localhost:3101/finance/:0
[ 2615346ms] [ERROR] Failed to load resource: net::ERR_CONNECTION_REFUSED @ http://localhost:3101/finance/:0
[ 2616347ms] [ERROR] Failed to load resource: net::ERR_CONNECTION_REFUSED @ http://localhost:3101/finance/:0
[ 2617349ms] [ERROR] Failed to load resource: net::ERR_CONNECTION_REFUSED @ http://localhost:3101/finance/:0
[ 2618351ms] [ERROR] Failed to load resource: net::ERR_CONNECTION_REFUSED @ http://localhost:3101/finance/:0
[ 2619354ms] [ERROR] Failed to load resource: net::ERR_CONNECTION_REFUSED @ http://localhost:3101/finance/:0
[ 2620356ms] [ERROR] Failed to load resource: net::ERR_CONNECTION_REFUSED @ http://localhost:3101/finance/:0
[ 2621358ms] [ERROR] Failed to load resource: net::ERR_CONNECTION_REFUSED @ http://localhost:3101/finance/:0
[ 2622360ms] [ERROR] Failed to load resource: net::ERR_CONNECTION_REFUSED @ http://localhost:3101/finance/:0
[ 2623362ms] [ERROR] Failed to load resource: net::ERR_CONNECTION_REFUSED @ http://localhost:3101/finance/:0
[ 2624364ms] [ERROR] Failed to load resource: net::ERR_CONNECTION_REFUSED @ http://localhost:3101/finance/:0
[ 2625366ms] [ERROR] Failed to load resource: net::ERR_CONNECTION_REFUSED @ http://localhost:3101/finance/:0
[ 2626368ms] [ERROR] Failed to load resource: net::ERR_CONNECTION_REFUSED @ http://localhost:3101/finance/:0
[ 2627369ms] [ERROR] Failed to load resource: net::ERR_CONNECTION_REFUSED @ http://localhost:3101/finance/:0
[ 2628370ms] [ERROR] Failed to load resource: net::ERR_CONNECTION_REFUSED @ http://localhost:3101/finance/:0
[ 2629371ms] [ERROR] Failed to load resource: net::ERR_CONNECTION_REFUSED @ http://localhost:3101/finance/:0
[ 2630372ms] [ERROR] Failed to load resource: net::ERR_CONNECTION_REFUSED @ http://localhost:3101/finance/:0
[ 2631376ms] [ERROR] Failed to load resource: net::ERR_CONNECTION_REFUSED @ http://localhost:3101/finance/:0
[ 2632377ms] [ERROR] Failed to load resource: net::ERR_CONNECTION_REFUSED @ http://localhost:3101/finance/:0
[ 2633380ms] [ERROR] Failed to load resource: net::ERR_CONNECTION_REFUSED @ http://localhost:3101/finance/:0
[ 2634383ms] [ERROR] Failed to load resource: net::ERR_CONNECTION_REFUSED @ http://localhost:3101/finance/:0
[ 2635385ms] [ERROR] Failed to load resource: net::ERR_CONNECTION_REFUSED @ http://localhost:3101/finance/:0
[ 2636387ms] [ERROR] Failed to load resource: net::ERR_CONNECTION_REFUSED @ http://localhost:3101/finance/:0
[ 2637390ms] [ERROR] Failed to load resource: net::ERR_CONNECTION_REFUSED @ http://localhost:3101/finance/:0
[ 2638393ms] [ERROR] Failed to load resource: net::ERR_CONNECTION_REFUSED @ http://localhost:3101/finance/:0
[ 2639395ms] [ERROR] Failed to load resource: net::ERR_CONNECTION_REFUSED @ http://localhost:3101/finance/:0
[ 2640397ms] [ERROR] Failed to load resource: net::ERR_CONNECTION_REFUSED @ http://localhost:3101/finance/:0
[ 2641400ms] [ERROR] Failed to load resource: net::ERR_CONNECTION_REFUSED @ http://localhost:3101/finance/:0
[ 2642403ms] [ERROR] Failed to load resource: net::ERR_CONNECTION_REFUSED @ http://localhost:3101/finance/:0
[ 2643405ms] [ERROR] Failed to load resource: net::ERR_CONNECTION_REFUSED @ http://localhost:3101/finance/:0
[ 2644407ms] [ERROR] Failed to load resource: net::ERR_CONNECTION_REFUSED @ http://localhost:3101/finance/:0
[ 2645409ms] [ERROR] Failed to load resource: net::ERR_CONNECTION_REFUSED @ http://localhost:3101/finance/:0
[ 2646412ms] [ERROR] Failed to load resource: net::ERR_CONNECTION_REFUSED @ http://localhost:3101/finance/:0
[ 2647414ms] [ERROR] Failed to load resource: net::ERR_CONNECTION_REFUSED @ http://localhost:3101/finance/:0
[ 2648416ms] [ERROR] Failed to load resource: net::ERR_CONNECTION_REFUSED @ http://localhost:3101/finance/:0
[ 2649418ms] [ERROR] Failed to load resource: net::ERR_CONNECTION_REFUSED @ http://localhost:3101/finance/:0
[ 2650421ms] [ERROR] Failed to load resource: net::ERR_CONNECTION_REFUSED @ http://localhost:3101/finance/:0
[ 2651423ms] [ERROR] Failed to load resource: net::ERR_CONNECTION_REFUSED @ http://localhost:3101/finance/:0
[ 2652426ms] [ERROR] Failed to load resource: net::ERR_CONNECTION_REFUSED @ http://localhost:3101/finance/:0
[ 2653428ms] [ERROR] Failed to load resource: net::ERR_CONNECTION_REFUSED @ http://localhost:3101/finance/:0
[ 2654432ms] [ERROR] Failed to load resource: net::ERR_CONNECTION_REFUSED @ http://localhost:3101/finance/:0
[ 2655435ms] [ERROR] Failed to load resource: net::ERR_CONNECTION_REFUSED @ http://localhost:3101/finance/:0
[ 2656436ms] [ERROR] Failed to load resource: net::ERR_CONNECTION_REFUSED @ http://localhost:3101/finance/:0
[ 2657439ms] [ERROR] Failed to load resource: net::ERR_CONNECTION_REFUSED @ http://localhost:3101/finance/:0
[ 2658441ms] [ERROR] Failed to load resource: net::ERR_CONNECTION_REFUSED @ http://localhost:3101/finance/:0
[ 2659443ms] [ERROR] Failed to load resource: net::ERR_CONNECTION_REFUSED @ http://localhost:3101/finance/:0
[ 2660446ms] [ERROR] Failed to load resource: net::ERR_CONNECTION_REFUSED @ http://localhost:3101/finance/:0
[ 2661448ms] [ERROR] Failed to load resource: net::ERR_CONNECTION_REFUSED @ http://localhost:3101/finance/:0
[ 2662450ms] [ERROR] Failed to load resource: net::ERR_CONNECTION_REFUSED @ http://localhost:3101/finance/:0
[ 2663452ms] [ERROR] Failed to load resource: net::ERR_CONNECTION_REFUSED @ http://localhost:3101/finance/:0
[ 2664455ms] [ERROR] Failed to load resource: net::ERR_CONNECTION_REFUSED @ http://localhost:3101/finance/:0
[ 2665457ms] [ERROR] Failed to load resource: net::ERR_CONNECTION_REFUSED @ http://localhost:3101/finance/:0
[ 2666459ms] [ERROR] Failed to load resource: net::ERR_CONNECTION_REFUSED @ http://localhost:3101/finance/:0
[ 2667462ms] [ERROR] Failed to load resource: net::ERR_CONNECTION_REFUSED @ http://localhost:3101/finance/:0
[ 2668464ms] [ERROR] Failed to load resource: net::ERR_CONNECTION_REFUSED @ http://localhost:3101/finance/:0
[ 2669468ms] [ERROR] Failed to load resource: net::ERR_CONNECTION_REFUSED @ http://localhost:3101/finance/:0
[ 2670470ms] [ERROR] Failed to load resource: net::ERR_CONNECTION_REFUSED @ http://localhost:3101/finance/:0
[ 2671472ms] [ERROR] Failed to load resource: net::ERR_CONNECTION_REFUSED @ http://localhost:3101/finance/:0
[ 2672475ms] [ERROR] Failed to load resource: net::ERR_CONNECTION_REFUSED @ http://localhost:3101/finance/:0
[ 2673477ms] [ERROR] Failed to load resource: net::ERR_CONNECTION_REFUSED @ http://localhost:3101/finance/:0
[ 2674480ms] [ERROR] Failed to load resource: net::ERR_CONNECTION_REFUSED @ http://localhost:3101/finance/:0
[ 2675482ms] [ERROR] Failed to load resource: net::ERR_CONNECTION_REFUSED @ http://localhost:3101/finance/:0
[ 2676484ms] [ERROR] Failed to load resource: net::ERR_CONNECTION_REFUSED @ http://localhost:3101/finance/:0
[ 2677486ms] [ERROR] Failed to load resource: net::ERR_CONNECTION_REFUSED @ http://localhost:3101/finance/:0
[ 2678489ms] [ERROR] Failed to load resource: net::ERR_CONNECTION_REFUSED @ http://localhost:3101/finance/:0
[ 2679491ms] [ERROR] Failed to load resource: net::ERR_CONNECTION_REFUSED @ http://localhost:3101/finance/:0
[ 2680493ms] [ERROR] Failed to load resource: net::ERR_CONNECTION_REFUSED @ http://localhost:3101/finance/:0
[ 2681495ms] [ERROR] Failed to load resource: net::ERR_CONNECTION_REFUSED @ http://localhost:3101/finance/:0
[ 2682498ms] [ERROR] Failed to load resource: net::ERR_CONNECTION_REFUSED @ http://localhost:3101/finance/:0
[ 2683501ms] [ERROR] Failed to load resource: net::ERR_CONNECTION_REFUSED @ http://localhost:3101/finance/:0
[ 2684504ms] [ERROR] Failed to load resource: net::ERR_CONNECTION_REFUSED @ http://localhost:3101/finance/:0
[ 2685508ms] [ERROR] Failed to load resource: net::ERR_CONNECTION_REFUSED @ http://localhost:3101/finance/:0
[ 2686510ms] [ERROR] Failed to load resource: net::ERR_CONNECTION_REFUSED @ http://localhost:3101/finance/:0
[ 2687512ms] [ERROR] Failed to load resource: net::ERR_CONNECTION_REFUSED @ http://localhost:3101/finance/:0
[ 2688515ms] [ERROR] Failed to load resource: net::ERR_CONNECTION_REFUSED @ http://localhost:3101/finance/:0
[ 2689518ms] [ERROR] Failed to load resource: net::ERR_CONNECTION_REFUSED @ http://localhost:3101/finance/:0
[ 2690520ms] [ERROR] Failed to load resource: net::ERR_CONNECTION_REFUSED @ http://localhost:3101/finance/:0
[ 2691522ms] [ERROR] Failed to load resource: net::ERR_CONNECTION_REFUSED @ http://localhost:3101/finance/:0
[ 2692525ms] [ERROR] Failed to load resource: net::ERR_CONNECTION_REFUSED @ http://localhost:3101/finance/:0
[ 2693527ms] [ERROR] Failed to load resource: net::ERR_CONNECTION_REFUSED @ http://localhost:3101/finance/:0
[ 2694530ms] [ERROR] Failed to load resource: net::ERR_CONNECTION_REFUSED @ http://localhost:3101/finance/:0
[ 2695532ms] [ERROR] Failed to load resource: net::ERR_CONNECTION_REFUSED @ http://localhost:3101/finance/:0
[ 2696539ms] [ERROR] Failed to load resource: net::ERR_CONNECTION_REFUSED @ http://localhost:3101/finance/:0
[ 2697542ms] [ERROR] Failed to load resource: net::ERR_CONNECTION_REFUSED @ http://localhost:3101/finance/:0
[ 2698545ms] [ERROR] Failed to load resource: net::ERR_CONNECTION_REFUSED @ http://localhost:3101/finance/:0
[ 2699548ms] [ERROR] Failed to load resource: net::ERR_CONNECTION_REFUSED @ http://localhost:3101/finance/:0
[ 2700550ms] [ERROR] Failed to load resource: net::ERR_CONNECTION_REFUSED @ http://localhost:3101/finance/:0
[ 2701553ms] [ERROR] Failed to load resource: net::ERR_CONNECTION_REFUSED @ http://localhost:3101/finance/:0
[ 2702555ms] [ERROR] Failed to load resource: net::ERR_CONNECTION_REFUSED @ http://localhost:3101/finance/:0
[ 2703558ms] [ERROR] Failed to load resource: net::ERR_CONNECTION_REFUSED @ http://localhost:3101/finance/:0
[ 2704560ms] [ERROR] Failed to load resource: net::ERR_CONNECTION_REFUSED @ http://localhost:3101/finance/:0
[ 2705563ms] [ERROR] Failed to load resource: net::ERR_CONNECTION_REFUSED @ http://localhost:3101/finance/:0
[ 2706567ms] [ERROR] Failed to load resource: net::ERR_CONNECTION_REFUSED @ http://localhost:3101/finance/:0
[ 2707570ms] [ERROR] Failed to load resource: net::ERR_CONNECTION_REFUSED @ http://localhost:3101/finance/:0
[ 2708573ms] [ERROR] Failed to load resource: net::ERR_CONNECTION_REFUSED @ http://localhost:3101/finance/:0
[ 2709577ms] [ERROR] Failed to load resource: net::ERR_CONNECTION_REFUSED @ http://localhost:3101/finance/:0
[ 2710581ms] [ERROR] Failed to load resource: net::ERR_CONNECTION_REFUSED @ http://localhost:3101/finance/:0
[ 2711585ms] [ERROR] Failed to load resource: net::ERR_CONNECTION_REFUSED @ http://localhost:3101/finance/:0
[ 2712588ms] [ERROR] Failed to load resource: net::ERR_CONNECTION_REFUSED @ http://localhost:3101/finance/:0
[ 2713592ms] [ERROR] Failed to load resource: net::ERR_CONNECTION_REFUSED @ http://localhost:3101/finance/:0
[ 2714595ms] [ERROR] Failed to load resource: net::ERR_CONNECTION_REFUSED @ http://localhost:3101/finance/:0
[ 2715599ms] [ERROR] Failed to load resource: net::ERR_CONNECTION_REFUSED @ http://localhost:3101/finance/:0
[ 2716602ms] [ERROR] Failed to load resource: net::ERR_CONNECTION_REFUSED @ http://localhost:3101/finance/:0
[ 2717606ms] [ERROR] Failed to load resource: net::ERR_CONNECTION_REFUSED @ http://localhost:3101/finance/:0
[ 2718612ms] [ERROR] Failed to load resource: net::ERR_CONNECTION_REFUSED @ http://localhost:3101/finance/:0
[ 2719618ms] [ERROR] Failed to load resource: net::ERR_CONNECTION_REFUSED @ http://localhost:3101/finance/:0
[ 2720621ms] [ERROR] Failed to load resource: net::ERR_CONNECTION_REFUSED @ http://localhost:3101/finance/:0
[ 2721626ms] [ERROR] Failed to load resource: net::ERR_CONNECTION_REFUSED @ http://localhost:3101/finance/:0
[ 2722630ms] [ERROR] Failed to load resource: net::ERR_CONNECTION_REFUSED @ http://localhost:3101/finance/:0
[ 2723634ms] [ERROR] Failed to load resource: net::ERR_CONNECTION_REFUSED @ http://localhost:3101/finance/:0
[ 2724637ms] [ERROR] Failed to load resource: net::ERR_CONNECTION_REFUSED @ http://localhost:3101/finance/:0
[ 2725640ms] [ERROR] Failed to load resource: net::ERR_CONNECTION_REFUSED @ http://localhost:3101/finance/:0
[ 2726646ms] [ERROR] Failed to load resource: net::ERR_CONNECTION_REFUSED @ http://localhost:3101/finance/:0
[ 2727651ms] [ERROR] Failed to load resource: net::ERR_CONNECTION_REFUSED @ http://localhost:3101/finance/:0
[ 2728655ms] [ERROR] Failed to load resource: net::ERR_CONNECTION_REFUSED @ http://localhost:3101/finance/:0
[ 2729658ms] [ERROR] Failed to load resource: net::ERR_CONNECTION_REFUSED @ http://localhost:3101/finance/:0
[ 2730662ms] [ERROR] Failed to load resource: net::ERR_CONNECTION_REFUSED @ http://localhost:3101/finance/:0
[ 2731666ms] [ERROR] Failed to load resource: net::ERR_CONNECTION_REFUSED @ http://localhost:3101/finance/:0
[ 2732670ms] [ERROR] Failed to load resource: net::ERR_CONNECTION_REFUSED @ http://localhost:3101/finance/:0
[ 2733685ms] [ERROR] Failed to load resource: net::ERR_CONNECTION_REFUSED @ http://localhost:3101/finance/:0
[ 2734698ms] [ERROR] Failed to load resource: net::ERR_CONNECTION_REFUSED @ http://localhost:3101/finance/:0
[ 2735702ms] [ERROR] Failed to load resource: net::ERR_CONNECTION_REFUSED @ http://localhost:3101/finance/:0
[ 2736706ms] [ERROR] Failed to load resource: net::ERR_CONNECTION_REFUSED @ http://localhost:3101/finance/:0
[ 2737709ms] [ERROR] Failed to load resource: net::ERR_CONNECTION_REFUSED @ http://localhost:3101/finance/:0
[ 2738712ms] [ERROR] Failed to load resource: net::ERR_CONNECTION_REFUSED @ http://localhost:3101/finance/:0
[ 2739716ms] [ERROR] Failed to load resource: net::ERR_CONNECTION_REFUSED @ http://localhost:3101/finance/:0
[ 2740720ms] [ERROR] Failed to load resource: net::ERR_CONNECTION_REFUSED @ http://localhost:3101/finance/:0
[ 2741726ms] [ERROR] Failed to load resource: net::ERR_CONNECTION_REFUSED @ http://localhost:3101/finance/:0
[ 2742730ms] [ERROR] Failed to load resource: net::ERR_CONNECTION_REFUSED @ http://localhost:3101/finance/:0
[ 2743734ms] [ERROR] Failed to load resource: net::ERR_CONNECTION_REFUSED @ http://localhost:3101/finance/:0
[ 2744738ms] [ERROR] Failed to load resource: net::ERR_CONNECTION_REFUSED @ http://localhost:3101/finance/:0
[ 2745741ms] [ERROR] Failed to load resource: net::ERR_CONNECTION_REFUSED @ http://localhost:3101/finance/:0
[ 2746744ms] [ERROR] Failed to load resource: net::ERR_CONNECTION_REFUSED @ http://localhost:3101/finance/:0
[ 2747748ms] [ERROR] Failed to load resource: net::ERR_CONNECTION_REFUSED @ http://localhost:3101/finance/:0
[ 2748751ms] [ERROR] Failed to load resource: net::ERR_CONNECTION_REFUSED @ http://localhost:3101/finance/:0
[ 2749755ms] [ERROR] Failed to load resource: net::ERR_CONNECTION_REFUSED @ http://localhost:3101/finance/:0
[ 2750759ms] [ERROR] Failed to load resource: net::ERR_CONNECTION_REFUSED @ http://localhost:3101/finance/:0
[ 2751763ms] [ERROR] Failed to load resource: net::ERR_CONNECTION_REFUSED @ http://localhost:3101/finance/:0
[ 2752767ms] [ERROR] Failed to load resource: net::ERR_CONNECTION_REFUSED @ http://localhost:3101/finance/:0
[ 2753772ms] [ERROR] Failed to load resource: net::ERR_CONNECTION_REFUSED @ http://localhost:3101/finance/:0
[ 2754776ms] [ERROR] Failed to load resource: net::ERR_CONNECTION_REFUSED @ http://localhost:3101/finance/:0
[ 2755780ms] [ERROR] Failed to load resource: net::ERR_CONNECTION_REFUSED @ http://localhost:3101/finance/:0
[ 2756785ms] [ERROR] Failed to load resource: net::ERR_CONNECTION_REFUSED @ http://localhost:3101/finance/:0
[ 2757790ms] [ERROR] Failed to load resource: net::ERR_CONNECTION_REFUSED @ http://localhost:3101/finance/:0
[ 2758796ms] [ERROR] Failed to load resource: net::ERR_CONNECTION_REFUSED @ http://localhost:3101/finance/:0
[ 2759801ms] [ERROR] Failed to load resource: net::ERR_CONNECTION_REFUSED @ http://localhost:3101/finance/:0
[ 2760805ms] [ERROR] Failed to load resource: net::ERR_CONNECTION_REFUSED @ http://localhost:3101/finance/:0
[ 2761809ms] [ERROR] Failed to load resource: net::ERR_CONNECTION_REFUSED @ http://localhost:3101/finance/:0
[ 2762812ms] [ERROR] Failed to load resource: net::ERR_CONNECTION_REFUSED @ http://localhost:3101/finance/:0
[ 2763817ms] [ERROR] Failed to load resource: net::ERR_CONNECTION_REFUSED @ http://localhost:3101/finance/:0
[ 2764824ms] [ERROR] Failed to load resource: net::ERR_CONNECTION_REFUSED @ http://localhost:3101/finance/:0
[ 2765829ms] [ERROR] Failed to load resource: net::ERR_CONNECTION_REFUSED @ http://localhost:3101/finance/:0
[ 2766832ms] [ERROR] Failed to load resource: net::ERR_CONNECTION_REFUSED @ http://localhost:3101/finance/:0
[ 2767837ms] [ERROR] Failed to load resource: net::ERR_CONNECTION_REFUSED @ http://localhost:3101/finance/:0
[ 2768840ms] [ERROR] Failed to load resource: net::ERR_CONNECTION_REFUSED @ http://localhost:3101/finance/:0
[ 2769848ms] [ERROR] Failed to load resource: net::ERR_CONNECTION_REFUSED @ http://localhost:3101/finance/:0
[ 2770852ms] [ERROR] Failed to load resource: net::ERR_CONNECTION_REFUSED @ http://localhost:3101/finance/:0
[ 2771856ms] [ERROR] Failed to load resource: net::ERR_CONNECTION_REFUSED @ http://localhost:3101/finance/:0
[ 2772860ms] [ERROR] Failed to load resource: net::ERR_CONNECTION_REFUSED @ http://localhost:3101/finance/:0
[ 2773867ms] [ERROR] Failed to load resource: net::ERR_CONNECTION_REFUSED @ http://localhost:3101/finance/:0
[ 2774871ms] [ERROR] Failed to load resource: net::ERR_CONNECTION_REFUSED @ http://localhost:3101/finance/:0
[ 2775876ms] [ERROR] Failed to load resource: net::ERR_CONNECTION_REFUSED @ http://localhost:3101/finance/:0
[ 2776880ms] [ERROR] Failed to load resource: net::ERR_CONNECTION_REFUSED @ http://localhost:3101/finance/:0
[ 2777884ms] [ERROR] Failed to load resource: net::ERR_CONNECTION_REFUSED @ http://localhost:3101/finance/:0
[ 2778887ms] [ERROR] Failed to load resource: net::ERR_CONNECTION_REFUSED @ http://localhost:3101/finance/:0
[ 2780577ms] [ERROR] Failed to load resource: net::ERR_CONNECTION_REFUSED @ http://localhost:3101/finance/:0
[ 2781580ms] [ERROR] Failed to load resource: net::ERR_CONNECTION_REFUSED @ http://localhost:3101/finance/:0
[ 2782583ms] [ERROR] Failed to load resource: net::ERR_CONNECTION_REFUSED @ http://localhost:3101/finance/:0
[ 2783585ms] [ERROR] Failed to load resource: net::ERR_CONNECTION_REFUSED @ http://localhost:3101/finance/:0
[ 2784588ms] [ERROR] Failed to load resource: net::ERR_CONNECTION_REFUSED @ http://localhost:3101/finance/:0
[ 2785592ms] [ERROR] Failed to load resource: net::ERR_CONNECTION_REFUSED @ http://localhost:3101/finance/:0
[ 2786628ms] [ERROR] Failed to load resource: net::ERR_CONNECTION_REFUSED @ http://localhost:3101/finance/:0
[ 2787643ms] [ERROR] Failed to load resource: net::ERR_CONNECTION_REFUSED @ http://localhost:3101/finance/:0
[ 2788646ms] [ERROR] Failed to load resource: net::ERR_CONNECTION_REFUSED @ http://localhost:3101/finance/:0
[ 2789649ms] [ERROR] Failed to load resource: net::ERR_CONNECTION_REFUSED @ http://localhost:3101/finance/:0
[ 2790652ms] [ERROR] Failed to load resource: net::ERR_CONNECTION_REFUSED @ http://localhost:3101/finance/:0
[ 2791928ms] [ERROR] Failed to load resource: net::ERR_CONNECTION_REFUSED @ http://localhost:3101/finance/:0
[ 2792931ms] [ERROR] Failed to load resource: net::ERR_CONNECTION_REFUSED @ http://localhost:3101/finance/:0
[ 2794025ms] [ERROR] Failed to load resource: net::ERR_CONNECTION_REFUSED @ http://localhost:3101/finance/:0
[ 2795026ms] [ERROR] Failed to load resource: net::ERR_CONNECTION_REFUSED @ http://localhost:3101/finance/:0
[ 2796029ms] [ERROR] Failed to load resource: net::ERR_CONNECTION_REFUSED @ http://localhost:3101/finance/:0
[ 2797033ms] [ERROR] Failed to load resource: net::ERR_CONNECTION_REFUSED @ http://localhost:3101/finance/:0
[ 2798039ms] [ERROR] Failed to load resource: net::ERR_CONNECTION_REFUSED @ http://localhost:3101/finance/:0
[ 2799043ms] [ERROR] Failed to load resource: net::ERR_CONNECTION_REFUSED @ http://localhost:3101/finance/:0
[ 2800046ms] [ERROR] Failed to load resource: net::ERR_CONNECTION_REFUSED @ http://localhost:3101/finance/:0
[ 2801057ms] [ERROR] Failed to load resource: net::ERR_CONNECTION_REFUSED @ http://localhost:3101/finance/:0
[ 2802059ms] [ERROR] Failed to load resource: net::ERR_CONNECTION_REFUSED @ http://localhost:3101/finance/:0
[ 2803062ms] [ERROR] Failed to load resource: net::ERR_CONNECTION_REFUSED @ http://localhost:3101/finance/:0
[ 2804065ms] [ERROR] Failed to load resource: net::ERR_CONNECTION_REFUSED @ http://localhost:3101/finance/:0
[ 2805069ms] [ERROR] Failed to load resource: net::ERR_CONNECTION_REFUSED @ http://localhost:3101/finance/:0
[ 2806072ms] [ERROR] Failed to load resource: net::ERR_CONNECTION_REFUSED @ http://localhost:3101/finance/:0
[ 2807075ms] [ERROR] Failed to load resource: net::ERR_CONNECTION_REFUSED @ http://localhost:3101/finance/:0
[ 2808079ms] [ERROR] Failed to load resource: net::ERR_CONNECTION_REFUSED @ http://localhost:3101/finance/:0
[ 2809084ms] [ERROR] Failed to load resource: net::ERR_CONNECTION_REFUSED @ http://localhost:3101/finance/:0
[ 2810088ms] [ERROR] Failed to load resource: net::ERR_CONNECTION_REFUSED @ http://localhost:3101/finance/:0
[ 2811094ms] [ERROR] Failed to load resource: net::ERR_CONNECTION_REFUSED @ http://localhost:3101/finance/:0
[ 2812098ms] [ERROR] Failed to load resource: net::ERR_CONNECTION_REFUSED @ http://localhost:3101/finance/:0
[ 2813102ms] [ERROR] Failed to load resource: net::ERR_CONNECTION_REFUSED @ http://localhost:3101/finance/:0
[ 2814105ms] [ERROR] Failed to load resource: net::ERR_CONNECTION_REFUSED @ http://localhost:3101/finance/:0
[ 2815110ms] [ERROR] Failed to load resource: net::ERR_CONNECTION_REFUSED @ http://localhost:3101/finance/:0
[ 2816113ms] [ERROR] Failed to load resource: net::ERR_CONNECTION_REFUSED @ http://localhost:3101/finance/:0
[ 2817118ms] [ERROR] Failed to load resource: net::ERR_CONNECTION_REFUSED @ http://localhost:3101/finance/:0
[ 2818122ms] [ERROR] Failed to load resource: net::ERR_CONNECTION_REFUSED @ http://localhost:3101/finance/:0
[ 2819128ms] [ERROR] Failed to load resource: net::ERR_CONNECTION_REFUSED @ http://localhost:3101/finance/:0
[ 2820130ms] [ERROR] Failed to load resource: net::ERR_CONNECTION_REFUSED @ http://localhost:3101/finance/:0
[ 2821134ms] [ERROR] Failed to load resource: net::ERR_CONNECTION_REFUSED @ http://localhost:3101/finance/:0
[ 2822136ms] [ERROR] Failed to load resource: net::ERR_CONNECTION_REFUSED @ http://localhost:3101/finance/:0
[ 2823139ms] [ERROR] Failed to load resource: net::ERR_CONNECTION_REFUSED @ http://localhost:3101/finance/:0
[ 2824141ms] [ERROR] Failed to load resource: net::ERR_CONNECTION_REFUSED @ http://localhost:3101/finance/:0
[ 2825143ms] [ERROR] Failed to load resource: net::ERR_CONNECTION_REFUSED @ http://localhost:3101/finance/:0
[ 2826145ms] [ERROR] Failed to load resource: net::ERR_CONNECTION_REFUSED @ http://localhost:3101/finance/:0
[ 2827147ms] [ERROR] Failed to load resource: net::ERR_CONNECTION_REFUSED @ http://localhost:3101/finance/:0
[ 2828149ms] [ERROR] Failed to load resource: net::ERR_CONNECTION_REFUSED @ http://localhost:3101/finance/:0
[ 2829151ms] [ERROR] Failed to load resource: net::ERR_CONNECTION_REFUSED @ http://localhost:3101/finance/:0
[ 2830154ms] [ERROR] Failed to load resource: net::ERR_CONNECTION_REFUSED @ http://localhost:3101/finance/:0
[ 2831156ms] [ERROR] Failed to load resource: net::ERR_CONNECTION_REFUSED @ http://localhost:3101/finance/:0
[ 2832158ms] [ERROR] Failed to load resource: net::ERR_CONNECTION_REFUSED @ http://localhost:3101/finance/:0
[ 2833160ms] [ERROR] Failed to load resource: net::ERR_CONNECTION_REFUSED @ http://localhost:3101/finance/:0
[ 2834162ms] [ERROR] Failed to load resource: net::ERR_CONNECTION_REFUSED @ http://localhost:3101/finance/:0
[ 2835164ms] [ERROR] Failed to load resource: net::ERR_CONNECTION_REFUSED @ http://localhost:3101/finance/:0
[ 2836167ms] [ERROR] Failed to load resource: net::ERR_CONNECTION_REFUSED @ http://localhost:3101/finance/:0
[ 2837171ms] [ERROR] Failed to load resource: net::ERR_CONNECTION_REFUSED @ http://localhost:3101/finance/:0
[ 2838177ms] [ERROR] Failed to load resource: net::ERR_CONNECTION_REFUSED @ http://localhost:3101/finance/:0
[ 2839184ms] [ERROR] Failed to load resource: net::ERR_CONNECTION_REFUSED @ http://localhost:3101/finance/:0
[ 2840187ms] [ERROR] Failed to load resource: net::ERR_CONNECTION_REFUSED @ http://localhost:3101/finance/:0
[ 2841193ms] [ERROR] Failed to load resource: net::ERR_CONNECTION_REFUSED @ http://localhost:3101/finance/:0
[ 2842198ms] [ERROR] Failed to load resource: net::ERR_CONNECTION_REFUSED @ http://localhost:3101/finance/:0
[ 2843203ms] [ERROR] Failed to load resource: net::ERR_CONNECTION_REFUSED @ http://localhost:3101/finance/:0
[ 2844208ms] [ERROR] Failed to load resource: net::ERR_CONNECTION_REFUSED @ http://localhost:3101/finance/:0
[ 2845214ms] [ERROR] Failed to load resource: net::ERR_CONNECTION_REFUSED @ http://localhost:3101/finance/:0
[ 2846219ms] [ERROR] Failed to load resource: net::ERR_CONNECTION_REFUSED @ http://localhost:3101/finance/:0
[ 2847222ms] [ERROR] Failed to load resource: net::ERR_CONNECTION_REFUSED @ http://localhost:3101/finance/:0
[ 2848230ms] [ERROR] Failed to load resource: net::ERR_CONNECTION_REFUSED @ http://localhost:3101/finance/:0
[ 2849234ms] [ERROR] Failed to load resource: net::ERR_CONNECTION_REFUSED @ http://localhost:3101/finance/:0
[ 2850238ms] [ERROR] Failed to load resource: net::ERR_CONNECTION_REFUSED @ http://localhost:3101/finance/:0
[ 2851244ms] [ERROR] Failed to load resource: net::ERR_CONNECTION_REFUSED @ http://localhost:3101/finance/:0
[ 2852249ms] [ERROR] Failed to load resource: net::ERR_CONNECTION_REFUSED @ http://localhost:3101/finance/:0
[ 2853255ms] [ERROR] Failed to load resource: net::ERR_CONNECTION_REFUSED @ http://localhost:3101/finance/:0
[ 2854257ms] [ERROR] Failed to load resource: net::ERR_CONNECTION_REFUSED @ http://localhost:3101/finance/:0
[ 2855260ms] [ERROR] Failed to load resource: net::ERR_CONNECTION_REFUSED @ http://localhost:3101/finance/:0
[ 2856262ms] [ERROR] Failed to load resource: net::ERR_CONNECTION_REFUSED @ http://localhost:3101/finance/:0
[ 2857264ms] [ERROR] Failed to load resource: net::ERR_CONNECTION_REFUSED @ http://localhost:3101/finance/:0
[ 2858267ms] [ERROR] Failed to load resource: net::ERR_CONNECTION_REFUSED @ http://localhost:3101/finance/:0
[ 2859272ms] [ERROR] Failed to load resource: net::ERR_CONNECTION_REFUSED @ http://localhost:3101/finance/:0
[ 2860280ms] [ERROR] Failed to load resource: net::ERR_CONNECTION_REFUSED @ http://localhost:3101/finance/:0
[ 2861286ms] [ERROR] Failed to load resource: net::ERR_CONNECTION_REFUSED @ http://localhost:3101/finance/:0
[ 2862291ms] [ERROR] Failed to load resource: net::ERR_CONNECTION_REFUSED @ http://localhost:3101/finance/:0
[ 2863296ms] [ERROR] Failed to load resource: net::ERR_CONNECTION_REFUSED @ http://localhost:3101/finance/:0
[ 2864301ms] [ERROR] Failed to load resource: net::ERR_CONNECTION_REFUSED @ http://localhost:3101/finance/:0
[ 2865306ms] [ERROR] Failed to load resource: net::ERR_CONNECTION_REFUSED @ http://localhost:3101/finance/:0
[ 2866312ms] [ERROR] Failed to load resource: net::ERR_CONNECTION_REFUSED @ http://localhost:3101/finance/:0
[ 2867317ms] [ERROR] Failed to load resource: net::ERR_CONNECTION_REFUSED @ http://localhost:3101/finance/:0
[ 2868322ms] [ERROR] Failed to load resource: net::ERR_CONNECTION_REFUSED @ http://localhost:3101/finance/:0
[ 2869328ms] [ERROR] Failed to load resource: net::ERR_CONNECTION_REFUSED @ http://localhost:3101/finance/:0
[ 2870333ms] [ERROR] Failed to load resource: net::ERR_CONNECTION_REFUSED @ http://localhost:3101/finance/:0
[ 2871339ms] [ERROR] Failed to load resource: net::ERR_CONNECTION_REFUSED @ http://localhost:3101/finance/:0
[ 2872347ms] [ERROR] Failed to load resource: net::ERR_CONNECTION_REFUSED @ http://localhost:3101/finance/:0
[ 2873353ms] [ERROR] Failed to load resource: net::ERR_CONNECTION_REFUSED @ http://localhost:3101/finance/:0
[ 2874359ms] [ERROR] Failed to load resource: net::ERR_CONNECTION_REFUSED @ http://localhost:3101/finance/:0
[ 2875362ms] [ERROR] Failed to load resource: net::ERR_CONNECTION_REFUSED @ http://localhost:3101/finance/:0
[ 2876364ms] [ERROR] Failed to load resource: net::ERR_CONNECTION_REFUSED @ http://localhost:3101/finance/:0
[ 2877367ms] [ERROR] Failed to load resource: net::ERR_CONNECTION_REFUSED @ http://localhost:3101/finance/:0
[ 2878370ms] [ERROR] Failed to load resource: net::ERR_CONNECTION_REFUSED @ http://localhost:3101/finance/:0
[ 2879372ms] [ERROR] Failed to load resource: net::ERR_CONNECTION_REFUSED @ http://localhost:3101/finance/:0
[ 2880374ms] [ERROR] Failed to load resource: net::ERR_CONNECTION_REFUSED @ http://localhost:3101/finance/:0
[ 2881379ms] [ERROR] Failed to load resource: net::ERR_CONNECTION_REFUSED @ http://localhost:3101/finance/:0
[ 2882382ms] [ERROR] Failed to load resource: net::ERR_CONNECTION_REFUSED @ http://localhost:3101/finance/:0
[ 2883384ms] [ERROR] Failed to load resource: net::ERR_CONNECTION_REFUSED @ http://localhost:3101/finance/:0
[ 2884387ms] [ERROR] Failed to load resource: net::ERR_CONNECTION_REFUSED @ http://localhost:3101/finance/:0
[ 2885391ms] [ERROR] Failed to load resource: net::ERR_CONNECTION_REFUSED @ http://localhost:3101/finance/:0
[ 2886393ms] [ERROR] Failed to load resource: net::ERR_CONNECTION_REFUSED @ http://localhost:3101/finance/:0
[ 2887396ms] [ERROR] Failed to load resource: net::ERR_CONNECTION_REFUSED @ http://localhost:3101/finance/:0
[ 2888399ms] [ERROR] Failed to load resource: net::ERR_CONNECTION_REFUSED @ http://localhost:3101/finance/:0
[ 2889403ms] [ERROR] Failed to load resource: net::ERR_CONNECTION_REFUSED @ http://localhost:3101/finance/:0
[ 2890409ms] [ERROR] Failed to load resource: net::ERR_CONNECTION_REFUSED @ http://localhost:3101/finance/:0
[ 2891414ms] [ERROR] Failed to load resource: net::ERR_CONNECTION_REFUSED @ http://localhost:3101/finance/:0
[ 2892421ms] [ERROR] Failed to load resource: net::ERR_CONNECTION_REFUSED @ http://localhost:3101/finance/:0
[ 2893426ms] [ERROR] Failed to load resource: net::ERR_CONNECTION_REFUSED @ http://localhost:3101/finance/:0
[ 2894431ms] [ERROR] Failed to load resource: net::ERR_CONNECTION_REFUSED @ http://localhost:3101/finance/:0
[ 2895438ms] [ERROR] Failed to load resource: net::ERR_CONNECTION_REFUSED @ http://localhost:3101/finance/:0
[ 2896442ms] [ERROR] Failed to load resource: net::ERR_CONNECTION_REFUSED @ http://localhost:3101/finance/:0
[ 2897448ms] [ERROR] Failed to load resource: net::ERR_CONNECTION_REFUSED @ http://localhost:3101/finance/:0
[ 2898453ms] [ERROR] Failed to load resource: net::ERR_CONNECTION_REFUSED @ http://localhost:3101/finance/:0
[ 2899456ms] [ERROR] Failed to load resource: net::ERR_CONNECTION_REFUSED @ http://localhost:3101/finance/:0
[ 2900459ms] [ERROR] Failed to load resource: net::ERR_CONNECTION_REFUSED @ http://localhost:3101/finance/:0
[ 2901464ms] [ERROR] Failed to load resource: net::ERR_CONNECTION_REFUSED @ http://localhost:3101/finance/:0
[ 2902467ms] [ERROR] Failed to load resource: net::ERR_CONNECTION_REFUSED @ http://localhost:3101/finance/:0
[ 2903470ms] [ERROR] Failed to load resource: net::ERR_CONNECTION_REFUSED @ http://localhost:3101/finance/:0
[ 2904474ms] [ERROR] Failed to load resource: net::ERR_CONNECTION_REFUSED @ http://localhost:3101/finance/:0
[ 2905482ms] [ERROR] Failed to load resource: net::ERR_CONNECTION_REFUSED @ http://localhost:3101/finance/:0
[ 2906486ms] [ERROR] Failed to load resource: net::ERR_CONNECTION_REFUSED @ http://localhost:3101/finance/:0
[ 2907490ms] [ERROR] Failed to load resource: net::ERR_CONNECTION_REFUSED @ http://localhost:3101/finance/:0
[ 2908495ms] [ERROR] Failed to load resource: net::ERR_CONNECTION_REFUSED @ http://localhost:3101/finance/:0
[ 2909500ms] [ERROR] Failed to load resource: net::ERR_CONNECTION_REFUSED @ http://localhost:3101/finance/:0
[ 2910506ms] [ERROR] Failed to load resource: net::ERR_CONNECTION_REFUSED @ http://localhost:3101/finance/:0
[ 2911518ms] [ERROR] Failed to load resource: net::ERR_CONNECTION_REFUSED @ http://localhost:3101/finance/:0
[ 2912522ms] [ERROR] Failed to load resource: net::ERR_CONNECTION_REFUSED @ http://localhost:3101/finance/:0
[ 2913693ms] [ERROR] Failed to load resource: net::ERR_CONNECTION_REFUSED @ http://localhost:3101/finance/:0
[ 2914751ms] [ERROR] Failed to load resource: net::ERR_CONNECTION_REFUSED @ http://localhost:3101/finance/:0
[ 2915754ms] [ERROR] Failed to load resource: net::ERR_CONNECTION_REFUSED @ http://localhost:3101/finance/:0
[ 2916758ms] [ERROR] Failed to load resource: net::ERR_CONNECTION_REFUSED @ http://localhost:3101/finance/:0
[ 2917764ms] [ERROR] Failed to load resource: net::ERR_CONNECTION_REFUSED @ http://localhost:3101/finance/:0
[ 2918772ms] [ERROR] Failed to load resource: net::ERR_CONNECTION_REFUSED @ http://localhost:3101/finance/:0
[ 2919776ms] [ERROR] Failed to load resource: net::ERR_CONNECTION_REFUSED @ http://localhost:3101/finance/:0
[ 2920779ms] [ERROR] Failed to load resource: net::ERR_CONNECTION_REFUSED @ http://localhost:3101/finance/:0
[ 2921788ms] [ERROR] Failed to load resource: net::ERR_CONNECTION_REFUSED @ http://localhost:3101/finance/:0
[ 2922791ms] [ERROR] Failed to load resource: net::ERR_CONNECTION_REFUSED @ http://localhost:3101/finance/:0
[ 2923795ms] [ERROR] Failed to load resource: net::ERR_CONNECTION_REFUSED @ http://localhost:3101/finance/:0
[ 2924798ms] [ERROR] Failed to load resource: net::ERR_CONNECTION_REFUSED @ http://localhost:3101/finance/:0
[ 2925800ms] [ERROR] Failed to load resource: net::ERR_CONNECTION_REFUSED @ http://localhost:3101/finance/:0
[ 2926803ms] [ERROR] Failed to load resource: net::ERR_CONNECTION_REFUSED @ http://localhost:3101/finance/:0
[ 2927806ms] [ERROR] Failed to load resource: net::ERR_CONNECTION_REFUSED @ http://localhost:3101/finance/:0
[ 2928810ms] [ERROR] Failed to load resource: net::ERR_CONNECTION_REFUSED @ http://localhost:3101/finance/:0
[ 2929814ms] [ERROR] Failed to load resource: net::ERR_CONNECTION_REFUSED @ http://localhost:3101/finance/:0
[ 2930819ms] [ERROR] Failed to load resource: net::ERR_CONNECTION_REFUSED @ http://localhost:3101/finance/:0
[ 2931825ms] [ERROR] Failed to load resource: net::ERR_CONNECTION_REFUSED @ http://localhost:3101/finance/:0
[ 2932837ms] [ERROR] Failed to load resource: net::ERR_CONNECTION_REFUSED @ http://localhost:3101/finance/:0
[ 2933841ms] [ERROR] Failed to load resource: net::ERR_CONNECTION_REFUSED @ http://localhost:3101/finance/:0
[ 2934846ms] [ERROR] Failed to load resource: net::ERR_CONNECTION_REFUSED @ http://localhost:3101/finance/:0
[ 2935851ms] [ERROR] Failed to load resource: net::ERR_CONNECTION_REFUSED @ http://localhost:3101/finance/:0
[ 2936854ms] [ERROR] Failed to load resource: net::ERR_CONNECTION_REFUSED @ http://localhost:3101/finance/:0
[ 2937857ms] [ERROR] Failed to load resource: net::ERR_CONNECTION_REFUSED @ http://localhost:3101/finance/:0
[ 2938862ms] [ERROR] Failed to load resource: net::ERR_CONNECTION_REFUSED @ http://localhost:3101/finance/:0
[ 2939905ms] [ERROR] Failed to load resource: net::ERR_CONNECTION_REFUSED @ http://localhost:3101/finance/:0
[ 2940907ms] [ERROR] Failed to load resource: net::ERR_CONNECTION_REFUSED @ http://localhost:3101/finance/:0
[ 2941968ms] [ERROR] Failed to load resource: net::ERR_CONNECTION_REFUSED @ http://localhost:3101/finance/:0
[ 2942971ms] [ERROR] Failed to load resource: net::ERR_CONNECTION_REFUSED @ http://localhost:3101/finance/:0
[ 2943975ms] [ERROR] Failed to load resource: net::ERR_CONNECTION_REFUSED @ http://localhost:3101/finance/:0
[ 2944981ms] [ERROR] Failed to load resource: net::ERR_CONNECTION_REFUSED @ http://localhost:3101/finance/:0
[ 2945986ms] [ERROR] Failed to load resource: net::ERR_CONNECTION_REFUSED @ http://localhost:3101/finance/:0
[ 2947358ms] [ERROR] Failed to load resource: net::ERR_CONNECTION_REFUSED @ http://localhost:3101/finance/:0
[ 2948362ms] [ERROR] Failed to load resource: net::ERR_CONNECTION_REFUSED @ http://localhost:3101/finance/:0
[ 2949369ms] [ERROR] Failed to load resource: net::ERR_CONNECTION_REFUSED @ http://localhost:3101/finance/:0
[ 2950372ms] [ERROR] Failed to load resource: net::ERR_CONNECTION_REFUSED @ http://localhost:3101/finance/:0
[ 2951376ms] [ERROR] Failed to load resource: net::ERR_CONNECTION_REFUSED @ http://localhost:3101/finance/:0
[ 2952381ms] [ERROR] Failed to load resource: net::ERR_CONNECTION_REFUSED @ http://localhost:3101/finance/:0
[ 2953384ms] [ERROR] Failed to load resource: net::ERR_CONNECTION_REFUSED @ http://localhost:3101/finance/:0
[ 2954388ms] [ERROR] Failed to load resource: net::ERR_CONNECTION_REFUSED @ http://localhost:3101/finance/:0
[ 2955391ms] [ERROR] Failed to load resource: net::ERR_CONNECTION_REFUSED @ http://localhost:3101/finance/:0
[ 2956395ms] [ERROR] Failed to load resource: net::ERR_CONNECTION_REFUSED @ http://localhost:3101/finance/:0
[ 2957399ms] [ERROR] Failed to load resource: net::ERR_CONNECTION_REFUSED @ http://localhost:3101/finance/:0
[ 2958402ms] [ERROR] Failed to load resource: net::ERR_CONNECTION_REFUSED @ http://localhost:3101/finance/:0
[ 2959405ms] [ERROR] Failed to load resource: net::ERR_CONNECTION_REFUSED @ http://localhost:3101/finance/:0
[ 2960410ms] [ERROR] Failed to load resource: net::ERR_CONNECTION_REFUSED @ http://localhost:3101/finance/:0
[ 2961413ms] [ERROR] Failed to load resource: net::ERR_CONNECTION_REFUSED @ http://localhost:3101/finance/:0
[ 2962419ms] [ERROR] Failed to load resource: net::ERR_CONNECTION_REFUSED @ http://localhost:3101/finance/:0
[ 2963422ms] [ERROR] Failed to load resource: net::ERR_CONNECTION_REFUSED @ http://localhost:3101/finance/:0
[ 2964426ms] [ERROR] Failed to load resource: net::ERR_CONNECTION_REFUSED @ http://localhost:3101/finance/:0
[ 2965430ms] [ERROR] Failed to load resource: net::ERR_CONNECTION_REFUSED @ http://localhost:3101/finance/:0
[ 2966435ms] [ERROR] Failed to load resource: net::ERR_CONNECTION_REFUSED @ http://localhost:3101/finance/:0
[ 2967441ms] [ERROR] Failed to load resource: net::ERR_CONNECTION_REFUSED @ http://localhost:3101/finance/:0
[ 2968444ms] [ERROR] Failed to load resource: net::ERR_CONNECTION_REFUSED @ http://localhost:3101/finance/:0
[ 2969448ms] [ERROR] Failed to load resource: net::ERR_CONNECTION_REFUSED @ http://localhost:3101/finance/:0
[ 2970452ms] [ERROR] Failed to load resource: net::ERR_CONNECTION_REFUSED @ http://localhost:3101/finance/:0
[ 2971457ms] [ERROR] Failed to load resource: net::ERR_CONNECTION_REFUSED @ http://localhost:3101/finance/:0
[ 2972461ms] [ERROR] Failed to load resource: net::ERR_CONNECTION_REFUSED @ http://localhost:3101/finance/:0
[ 2973465ms] [ERROR] Failed to load resource: net::ERR_CONNECTION_REFUSED @ http://localhost:3101/finance/:0
[ 2974469ms] [ERROR] Failed to load resource: net::ERR_CONNECTION_REFUSED @ http://localhost:3101/finance/:0
[ 2975472ms] [ERROR] Failed to load resource: net::ERR_CONNECTION_REFUSED @ http://localhost:3101/finance/:0
[ 2976508ms] [ERROR] Failed to load resource: net::ERR_CONNECTION_REFUSED @ http://localhost:3101/finance/:0
[ 2977511ms] [ERROR] Failed to load resource: net::ERR_CONNECTION_REFUSED @ http://localhost:3101/finance/:0
[ 2978523ms] [ERROR] Failed to load resource: net::ERR_CONNECTION_REFUSED @ http://localhost:3101/finance/:0
[ 2979527ms] [ERROR] Failed to load resource: net::ERR_CONNECTION_REFUSED @ http://localhost:3101/finance/:0
[ 2980708ms] [ERROR] Failed to load resource: net::ERR_CONNECTION_REFUSED @ http://localhost:3101/finance/:0
[ 2981712ms] [ERROR] Failed to load resource: net::ERR_CONNECTION_REFUSED @ http://localhost:3101/finance/:0
[ 2982714ms] [ERROR] Failed to load resource: net::ERR_CONNECTION_REFUSED @ http://localhost:3101/finance/:0
[ 2983718ms] [ERROR] Failed to load resource: net::ERR_CONNECTION_REFUSED @ http://localhost:3101/finance/:0
[ 2984777ms] [ERROR] Failed to load resource: net::ERR_CONNECTION_REFUSED @ http://localhost:3101/finance/:0
[ 2985791ms] [ERROR] Failed to load resource: net::ERR_CONNECTION_REFUSED @ http://localhost:3101/finance/:0
[ 2986795ms] [ERROR] Failed to load resource: net::ERR_CONNECTION_REFUSED @ http://localhost:3101/finance/:0
[ 2987798ms] [ERROR] Failed to load resource: net::ERR_CONNECTION_REFUSED @ http://localhost:3101/finance/:0
[ 2988802ms] [ERROR] Failed to load resource: net::ERR_CONNECTION_REFUSED @ http://localhost:3101/finance/:0
[ 2989805ms] [ERROR] Failed to load resource: net::ERR_CONNECTION_REFUSED @ http://localhost:3101/finance/:0
[ 2990808ms] [ERROR] Failed to load resource: net::ERR_CONNECTION_REFUSED @ http://localhost:3101/finance/:0
[ 2991813ms] [ERROR] Failed to load resource: net::ERR_CONNECTION_REFUSED @ http://localhost:3101/finance/:0
[ 2992818ms] [ERROR] Failed to load resource: net::ERR_CONNECTION_REFUSED @ http://localhost:3101/finance/:0
[ 2993822ms] [ERROR] Failed to load resource: net::ERR_CONNECTION_REFUSED @ http://localhost:3101/finance/:0
[ 2994826ms] [ERROR] Failed to load resource: net::ERR_CONNECTION_REFUSED @ http://localhost:3101/finance/:0
[ 2995829ms] [ERROR] Failed to load resource: net::ERR_CONNECTION_REFUSED @ http://localhost:3101/finance/:0
[ 2996846ms] [ERROR] Failed to load resource: net::ERR_CONNECTION_REFUSED @ http://localhost:3101/finance/:0
[ 2997856ms] [ERROR] Failed to load resource: net::ERR_CONNECTION_REFUSED @ http://localhost:3101/finance/:0
[ 2998867ms] [ERROR] Failed to load resource: net::ERR_CONNECTION_REFUSED @ http://localhost:3101/finance/:0
[ 2999873ms] [ERROR] Failed to load resource: net::ERR_CONNECTION_REFUSED @ http://localhost:3101/finance/:0
[ 3000882ms] [ERROR] Failed to load resource: net::ERR_CONNECTION_REFUSED @ http://localhost:3101/finance/:0
[ 3001893ms] [ERROR] Failed to load resource: net::ERR_CONNECTION_REFUSED @ http://localhost:3101/finance/:0
[ 3002898ms] [ERROR] Failed to load resource: net::ERR_CONNECTION_REFUSED @ http://localhost:3101/finance/:0
[ 3003908ms] [ERROR] Failed to load resource: net::ERR_CONNECTION_REFUSED @ http://localhost:3101/finance/:0
[ 3004913ms] [ERROR] Failed to load resource: net::ERR_CONNECTION_REFUSED @ http://localhost:3101/finance/:0
[ 3005922ms] [ERROR] Failed to load resource: net::ERR_CONNECTION_REFUSED @ http://localhost:3101/finance/:0
[ 3006925ms] [ERROR] Failed to load resource: net::ERR_CONNECTION_REFUSED @ http://localhost:3101/finance/:0
[ 3007932ms] [ERROR] Failed to load resource: net::ERR_CONNECTION_REFUSED @ http://localhost:3101/finance/:0
[ 3008940ms] [ERROR] Failed to load resource: net::ERR_CONNECTION_REFUSED @ http://localhost:3101/finance/:0
[ 3009948ms] [ERROR] Failed to load resource: net::ERR_CONNECTION_REFUSED @ http://localhost:3101/finance/:0
[ 3011321ms] [ERROR] Failed to load resource: net::ERR_CONNECTION_REFUSED @ http://localhost:3101/finance/:0
[ 3012492ms] [ERROR] Failed to load resource: net::ERR_CONNECTION_REFUSED @ http://localhost:3101/finance/:0
[ 3013498ms] [ERROR] Failed to load resource: net::ERR_CONNECTION_REFUSED @ http://localhost:3101/finance/:0
[ 3014502ms] [ERROR] Failed to load resource: net::ERR_CONNECTION_REFUSED @ http://localhost:3101/finance/:0
[ 3015620ms] [ERROR] Failed to load resource: net::ERR_CONNECTION_REFUSED @ http://localhost:3101/finance/:0
[ 3016623ms] [ERROR] Failed to load resource: net::ERR_CONNECTION_REFUSED @ http://localhost:3101/finance/:0
[ 3017627ms] [ERROR] Failed to load resource: net::ERR_CONNECTION_REFUSED @ http://localhost:3101/finance/:0
[ 3018638ms] [ERROR] Failed to load resource: net::ERR_CONNECTION_REFUSED @ http://localhost:3101/finance/:0
[ 3019642ms] [ERROR] Failed to load resource: net::ERR_CONNECTION_REFUSED @ http://localhost:3101/finance/:0
[ 3020646ms] [ERROR] Failed to load resource: net::ERR_CONNECTION_REFUSED @ http://localhost:3101/finance/:0
[ 3021654ms] [ERROR] Failed to load resource: net::ERR_CONNECTION_REFUSED @ http://localhost:3101/finance/:0
[ 3022662ms] [ERROR] Failed to load resource: net::ERR_CONNECTION_REFUSED @ http://localhost:3101/finance/:0
[ 3023678ms] [ERROR] Failed to load resource: net::ERR_CONNECTION_REFUSED @ http://localhost:3101/finance/:0
[ 3024967ms] [ERROR] Failed to load resource: net::ERR_CONNECTION_REFUSED @ http://localhost:3101/finance/:0
[ 3025972ms] [ERROR] Failed to load resource: net::ERR_CONNECTION_REFUSED @ http://localhost:3101/finance/:0
[ 3026979ms] [ERROR] Failed to load resource: net::ERR_CONNECTION_REFUSED @ http://localhost:3101/finance/:0
[ 3027989ms] [ERROR] Failed to load resource: net::ERR_CONNECTION_REFUSED @ http://localhost:3101/finance/:0
[ 3028995ms] [ERROR] Failed to load resource: net::ERR_CONNECTION_REFUSED @ http://localhost:3101/finance/:0
[ 3030000ms] [ERROR] Failed to load resource: net::ERR_CONNECTION_REFUSED @ http://localhost:3101/finance/:0
[ 3031004ms] [ERROR] Failed to load resource: net::ERR_CONNECTION_REFUSED @ http://localhost:3101/finance/:0
[ 3032008ms] [ERROR] Failed to load resource: net::ERR_CONNECTION_REFUSED @ http://localhost:3101/finance/:0
[ 3033013ms] [ERROR] Failed to load resource: net::ERR_CONNECTION_REFUSED @ http://localhost:3101/finance/:0
[ 3034018ms] [ERROR] Failed to load resource: net::ERR_CONNECTION_REFUSED @ http://localhost:3101/finance/:0
[ 3035022ms] [ERROR] Failed to load resource: net::ERR_CONNECTION_REFUSED @ http://localhost:3101/finance/:0
[ 3036024ms] [ERROR] Failed to load resource: net::ERR_CONNECTION_REFUSED @ http://localhost:3101/finance/:0
[ 3037031ms] [ERROR] Failed to load resource: net::ERR_CONNECTION_REFUSED @ http://localhost:3101/finance/:0
[ 3038035ms] [ERROR] Failed to load resource: net::ERR_CONNECTION_REFUSED @ http://localhost:3101/finance/:0
[ 3039039ms] [ERROR] Failed to load resource: net::ERR_CONNECTION_REFUSED @ http://localhost:3101/finance/:0
[ 3040045ms] [ERROR] Failed to load resource: net::ERR_CONNECTION_REFUSED @ http://localhost:3101/finance/:0
[ 3041049ms] [ERROR] Failed to load resource: net::ERR_CONNECTION_REFUSED @ http://localhost:3101/finance/:0
[ 3042052ms] [ERROR] Failed to load resource: net::ERR_CONNECTION_REFUSED @ http://localhost:3101/finance/:0
[ 3043063ms] [ERROR] Failed to load resource: net::ERR_CONNECTION_REFUSED @ http://localhost:3101/finance/:0
[ 3044204ms] [ERROR] Failed to load resource: net::ERR_CONNECTION_REFUSED @ http://localhost:3101/finance/:0
[ 3045208ms] [ERROR] Failed to load resource: net::ERR_CONNECTION_REFUSED @ http://localhost:3101/finance/:0
[ 3046213ms] [ERROR] Failed to load resource: net::ERR_CONNECTION_REFUSED @ http://localhost:3101/finance/:0
[ 3047219ms] [ERROR] Failed to load resource: net::ERR_CONNECTION_REFUSED @ http://localhost:3101/finance/:0
[ 3048221ms] [ERROR] Failed to load resource: net::ERR_CONNECTION_REFUSED @ http://localhost:3101/finance/:0
[ 3049225ms] [ERROR] Failed to load resource: net::ERR_CONNECTION_REFUSED @ http://localhost:3101/finance/:0
[ 3050338ms] [ERROR] Failed to load resource: net::ERR_CONNECTION_REFUSED @ http://localhost:3101/finance/:0
[ 3051371ms] [ERROR] Failed to load resource: net::ERR_CONNECTION_REFUSED @ http://localhost:3101/finance/:0
[ 3052381ms] [ERROR] Failed to load resource: net::ERR_CONNECTION_REFUSED @ http://localhost:3101/finance/:0
[ 3053385ms] [ERROR] Failed to load resource: net::ERR_CONNECTION_REFUSED @ http://localhost:3101/finance/:0
[ 3054387ms] [ERROR] Failed to load resource: net::ERR_CONNECTION_REFUSED @ http://localhost:3101/finance/:0
[ 3055412ms] [ERROR] Failed to load resource: net::ERR_CONNECTION_REFUSED @ http://localhost:3101/finance/:0
[ 3056532ms] [ERROR] Failed to load resource: net::ERR_CONNECTION_REFUSED @ http://localhost:3101/finance/:0
[ 3057536ms] [ERROR] Failed to load resource: net::ERR_CONNECTION_REFUSED @ http://localhost:3101/finance/:0
[ 3058640ms] [ERROR] Failed to load resource: net::ERR_CONNECTION_REFUSED @ http://localhost:3101/finance/:0
[ 3059643ms] [ERROR] Failed to load resource: net::ERR_CONNECTION_REFUSED @ http://localhost:3101/finance/:0
[ 3060668ms] [ERROR] Failed to load resource: net::ERR_CONNECTION_REFUSED @ http://localhost:3101/finance/:0
[ 3061674ms] [ERROR] Failed to load resource: net::ERR_CONNECTION_REFUSED @ http://localhost:3101/finance/:0
[ 3062677ms] [ERROR] Failed to load resource: net::ERR_CONNECTION_REFUSED @ http://localhost:3101/finance/:0
[ 3063690ms] [ERROR] Failed to load resource: net::ERR_CONNECTION_REFUSED @ http://localhost:3101/finance/:0
[ 3064871ms] [ERROR] Failed to load resource: net::ERR_CONNECTION_REFUSED @ http://localhost:3101/finance/:0
[ 3065890ms] [ERROR] Failed to load resource: net::ERR_CONNECTION_REFUSED @ http://localhost:3101/finance/:0
[ 3066908ms] [ERROR] Failed to load resource: net::ERR_CONNECTION_REFUSED @ http://localhost:3101/finance/:0
[ 3067916ms] [ERROR] Failed to load resource: net::ERR_CONNECTION_REFUSED @ http://localhost:3101/finance/:0
[ 3068923ms] [ERROR] Failed to load resource: net::ERR_CONNECTION_REFUSED @ http://localhost:3101/finance/:0
[ 3069931ms] [ERROR] Failed to load resource: net::ERR_CONNECTION_REFUSED @ http://localhost:3101/finance/:0
[ 3070935ms] [ERROR] Failed to load resource: net::ERR_CONNECTION_REFUSED @ http://localhost:3101/finance/:0
[ 3071945ms] [ERROR] Failed to load resource: net::ERR_CONNECTION_REFUSED @ http://localhost:3101/finance/:0
[ 3072947ms] [ERROR] Failed to load resource: net::ERR_CONNECTION_REFUSED @ http://localhost:3101/finance/:0
[ 3073984ms] [ERROR] Failed to load resource: net::ERR_CONNECTION_REFUSED @ http://localhost:3101/finance/:0
[ 3075076ms] [ERROR] Failed to load resource: net::ERR_CONNECTION_REFUSED @ http://localhost:3101/finance/:0
[ 3076111ms] [ERROR] Failed to load resource: net::ERR_CONNECTION_REFUSED @ http://localhost:3101/finance/:0
[ 3077207ms] [ERROR] Failed to load resource: net::ERR_CONNECTION_REFUSED @ http://localhost:3101/finance/:0
[ 3078214ms] [ERROR] Failed to load resource: net::ERR_CONNECTION_REFUSED @ http://localhost:3101/finance/:0
[ 3079247ms] [ERROR] Failed to load resource: net::ERR_CONNECTION_REFUSED @ http://localhost:3101/finance/:0
[ 3080251ms] [ERROR] Failed to load resource: net::ERR_CONNECTION_REFUSED @ http://localhost:3101/finance/:0
[ 3081258ms] [ERROR] Failed to load resource: net::ERR_CONNECTION_REFUSED @ http://localhost:3101/finance/:0
[ 3082261ms] [ERROR] Failed to load resource: net::ERR_CONNECTION_REFUSED @ http://localhost:3101/finance/:0
[ 3083375ms] [ERROR] Failed to load resource: net::ERR_CONNECTION_REFUSED @ http://localhost:3101/finance/:0
[ 3084379ms] [ERROR] Failed to load resource: net::ERR_CONNECTION_REFUSED @ http://localhost:3101/finance/:0
[ 3085393ms] [ERROR] Failed to load resource: net::ERR_CONNECTION_REFUSED @ http://localhost:3101/finance/:0
[ 3086396ms] [ERROR] Failed to load resource: net::ERR_CONNECTION_REFUSED @ http://localhost:3101/finance/:0
[ 3087400ms] [ERROR] Failed to load resource: net::ERR_CONNECTION_REFUSED @ http://localhost:3101/finance/:0
[ 3088403ms] [ERROR] Failed to load resource: net::ERR_CONNECTION_REFUSED @ http://localhost:3101/finance/:0
[ 3089406ms] [ERROR] Failed to load resource: net::ERR_CONNECTION_REFUSED @ http://localhost:3101/finance/:0
[ 3090621ms] [ERROR] Failed to load resource: net::ERR_CONNECTION_REFUSED @ http://localhost:3101/finance/:0
[ 3091624ms] [ERROR] Failed to load resource: net::ERR_CONNECTION_REFUSED @ http://localhost:3101/finance/:0
[ 3092627ms] [ERROR] Failed to load resource: net::ERR_CONNECTION_REFUSED @ http://localhost:3101/finance/:0
[ 3093629ms] [ERROR] Failed to load resource: net::ERR_CONNECTION_REFUSED @ http://localhost:3101/finance/:0
[ 3094632ms] [ERROR] Failed to load resource: net::ERR_CONNECTION_REFUSED @ http://localhost:3101/finance/:0
[ 3095635ms] [ERROR] Failed to load resource: net::ERR_CONNECTION_REFUSED @ http://localhost:3101/finance/:0
[ 3096636ms] [ERROR] Failed to load resource: net::ERR_CONNECTION_REFUSED @ http://localhost:3101/finance/:0
[ 3097665ms] [ERROR] Failed to load resource: net::ERR_CONNECTION_REFUSED @ http://localhost:3101/finance/:0
[ 3098982ms] [ERROR] Failed to load resource: net::ERR_CONNECTION_REFUSED @ http://localhost:3101/finance/:0
[ 3099984ms] [ERROR] Failed to load resource: net::ERR_CONNECTION_REFUSED @ http://localhost:3101/finance/:0
[ 3100991ms] [ERROR] Failed to load resource: net::ERR_CONNECTION_REFUSED @ http://localhost:3101/finance/:0
[ 3102029ms] [ERROR] Failed to load resource: net::ERR_CONNECTION_REFUSED @ http://localhost:3101/finance/:0
[ 3103137ms] [ERROR] Failed to load resource: net::ERR_CONNECTION_REFUSED @ http://localhost:3101/finance/:0
[ 3104139ms] [ERROR] Failed to load resource: net::ERR_CONNECTION_REFUSED @ http://localhost:3101/finance/:0
[ 3105152ms] [ERROR] Failed to load resource: net::ERR_CONNECTION_REFUSED @ http://localhost:3101/finance/:0
[ 3106155ms] [ERROR] Failed to load resource: net::ERR_CONNECTION_REFUSED @ http://localhost:3101/finance/:0
[ 3107408ms] [ERROR] Failed to load resource: net::ERR_CONNECTION_REFUSED @ http://localhost:3101/finance/:0
[ 3108413ms] [ERROR] Failed to load resource: net::ERR_CONNECTION_REFUSED @ http://localhost:3101/finance/:0
[ 3109416ms] [ERROR] Failed to load resource: net::ERR_CONNECTION_REFUSED @ http://localhost:3101/finance/:0
[ 3110422ms] [ERROR] Failed to load resource: net::ERR_CONNECTION_REFUSED @ http://localhost:3101/finance/:0
[ 3111426ms] [ERROR] Failed to load resource: net::ERR_CONNECTION_REFUSED @ http://localhost:3101/finance/:0
[ 3112429ms] [ERROR] Failed to load resource: net::ERR_CONNECTION_REFUSED @ http://localhost:3101/finance/:0
[ 3113439ms] [ERROR] Failed to load resource: net::ERR_CONNECTION_REFUSED @ http://localhost:3101/finance/:0
[ 3114442ms] [ERROR] Failed to load resource: net::ERR_CONNECTION_REFUSED @ http://localhost:3101/finance/:0
[ 3115452ms] [ERROR] Failed to load resource: net::ERR_CONNECTION_REFUSED @ http://localhost:3101/finance/:0
[ 3116456ms] [ERROR] Failed to load resource: net::ERR_CONNECTION_REFUSED @ http://localhost:3101/finance/:0
[ 3117459ms] [ERROR] Failed to load resource: net::ERR_CONNECTION_REFUSED @ http://localhost:3101/finance/:0
[ 3118462ms] [ERROR] Failed to load resource: net::ERR_CONNECTION_REFUSED @ http://localhost:3101/finance/:0
[ 3119466ms] [ERROR] Failed to load resource: net::ERR_CONNECTION_REFUSED @ http://localhost:3101/finance/:0
[ 3120468ms] [ERROR] Failed to load resource: net::ERR_CONNECTION_REFUSED @ http://localhost:3101/finance/:0
[ 3121470ms] [ERROR] Failed to load resource: net::ERR_CONNECTION_REFUSED @ http://localhost:3101/finance/:0
[ 3122473ms] [ERROR] Failed to load resource: net::ERR_CONNECTION_REFUSED @ http://localhost:3101/finance/:0
[ 3123475ms] [ERROR] Failed to load resource: net::ERR_CONNECTION_REFUSED @ http://localhost:3101/finance/:0
[ 3124478ms] [ERROR] Failed to load resource: net::ERR_CONNECTION_REFUSED @ http://localhost:3101/finance/:0
[ 3125480ms] [ERROR] Failed to load resource: net::ERR_CONNECTION_REFUSED @ http://localhost:3101/finance/:0
[ 3126483ms] [ERROR] Failed to load resource: net::ERR_CONNECTION_REFUSED @ http://localhost:3101/finance/:0
[ 3127486ms] [ERROR] Failed to load resource: net::ERR_CONNECTION_REFUSED @ http://localhost:3101/finance/:0
[ 3128489ms] [ERROR] Failed to load resource: net::ERR_CONNECTION_REFUSED @ http://localhost:3101/finance/:0
[ 3129491ms] [ERROR] Failed to load resource: net::ERR_CONNECTION_REFUSED @ http://localhost:3101/finance/:0
[ 3130495ms] [ERROR] Failed to load resource: net::ERR_CONNECTION_REFUSED @ http://localhost:3101/finance/:0
[ 3131498ms] [ERROR] Failed to load resource: net::ERR_CONNECTION_REFUSED @ http://localhost:3101/finance/:0
[ 3132501ms] [ERROR] Failed to load resource: net::ERR_CONNECTION_REFUSED @ http://localhost:3101/finance/:0
[ 3133502ms] [ERROR] Failed to load resource: net::ERR_CONNECTION_REFUSED @ http://localhost:3101/finance/:0
[ 3134505ms] [ERROR] Failed to load resource: net::ERR_CONNECTION_REFUSED @ http://localhost:3101/finance/:0
[ 3135507ms] [ERROR] Failed to load resource: net::ERR_CONNECTION_REFUSED @ http://localhost:3101/finance/:0
[ 3136521ms] [ERROR] Failed to load resource: net::ERR_CONNECTION_REFUSED @ http://localhost:3101/finance/:0
[ 3137524ms] [ERROR] Failed to load resource: net::ERR_CONNECTION_REFUSED @ http://localhost:3101/finance/:0
[ 3138527ms] [ERROR] Failed to load resource: net::ERR_CONNECTION_REFUSED @ http://localhost:3101/finance/:0
[ 3139530ms] [ERROR] Failed to load resource: net::ERR_CONNECTION_REFUSED @ http://localhost:3101/finance/:0
[ 3140533ms] [ERROR] Failed to load resource: net::ERR_CONNECTION_REFUSED @ http://localhost:3101/finance/:0
[ 3141535ms] [ERROR] Failed to load resource: net::ERR_CONNECTION_REFUSED @ http://localhost:3101/finance/:0
[ 3142538ms] [ERROR] Failed to load resource: net::ERR_CONNECTION_REFUSED @ http://localhost:3101/finance/:0
[ 3143541ms] [ERROR] Failed to load resource: net::ERR_CONNECTION_REFUSED @ http://localhost:3101/finance/:0
[ 3144545ms] [ERROR] Failed to load resource: net::ERR_CONNECTION_REFUSED @ http://localhost:3101/finance/:0
[ 3145548ms] [ERROR] Failed to load resource: net::ERR_CONNECTION_REFUSED @ http://localhost:3101/finance/:0
[ 3146551ms] [ERROR] Failed to load resource: net::ERR_CONNECTION_REFUSED @ http://localhost:3101/finance/:0
[ 3147553ms] [ERROR] Failed to load resource: net::ERR_CONNECTION_REFUSED @ http://localhost:3101/finance/:0
[ 3148556ms] [ERROR] Failed to load resource: net::ERR_CONNECTION_REFUSED @ http://localhost:3101/finance/:0
[ 3149559ms] [ERROR] Failed to load resource: net::ERR_CONNECTION_REFUSED @ http://localhost:3101/finance/:0
[ 3150563ms] [ERROR] Failed to load resource: net::ERR_CONNECTION_REFUSED @ http://localhost:3101/finance/:0
[ 3151566ms] [ERROR] Failed to load resource: net::ERR_CONNECTION_REFUSED @ http://localhost:3101/finance/:0
[ 3152569ms] [ERROR] Failed to load resource: net::ERR_CONNECTION_REFUSED @ http://localhost:3101/finance/:0
[ 3153572ms] [ERROR] Failed to load resource: net::ERR_CONNECTION_REFUSED @ http://localhost:3101/finance/:0
[ 3154575ms] [ERROR] Failed to load resource: net::ERR_CONNECTION_REFUSED @ http://localhost:3101/finance/:0
[ 3155577ms] [ERROR] Failed to load resource: net::ERR_CONNECTION_REFUSED @ http://localhost:3101/finance/:0
[ 3156580ms] [ERROR] Failed to load resource: net::ERR_CONNECTION_REFUSED @ http://localhost:3101/finance/:0
[ 3157583ms] [ERROR] Failed to load resource: net::ERR_CONNECTION_REFUSED @ http://localhost:3101/finance/:0
[ 3158586ms] [ERROR] Failed to load resource: net::ERR_CONNECTION_REFUSED @ http://localhost:3101/finance/:0
[ 3159589ms] [ERROR] Failed to load resource: net::ERR_CONNECTION_REFUSED @ http://localhost:3101/finance/:0
[ 3160590ms] [ERROR] Failed to load resource: net::ERR_CONNECTION_REFUSED @ http://localhost:3101/finance/:0
[ 3161593ms] [ERROR] Failed to load resource: net::ERR_CONNECTION_REFUSED @ http://localhost:3101/finance/:0
[ 3162595ms] [ERROR] Failed to load resource: net::ERR_CONNECTION_REFUSED @ http://localhost:3101/finance/:0
[ 3163599ms] [ERROR] Failed to load resource: net::ERR_CONNECTION_REFUSED @ http://localhost:3101/finance/:0
[ 3164602ms] [ERROR] Failed to load resource: net::ERR_CONNECTION_REFUSED @ http://localhost:3101/finance/:0
[ 3165605ms] [ERROR] Failed to load resource: net::ERR_CONNECTION_REFUSED @ http://localhost:3101/finance/:0
[ 3166608ms] [ERROR] Failed to load resource: net::ERR_CONNECTION_REFUSED @ http://localhost:3101/finance/:0
[ 3167612ms] [ERROR] Failed to load resource: net::ERR_CONNECTION_REFUSED @ http://localhost:3101/finance/:0
[ 3168615ms] [ERROR] Failed to load resource: net::ERR_CONNECTION_REFUSED @ http://localhost:3101/finance/:0
[ 3169617ms] [ERROR] Failed to load resource: net::ERR_CONNECTION_REFUSED @ http://localhost:3101/finance/:0
[ 3170620ms] [ERROR] Failed to load resource: net::ERR_CONNECTION_REFUSED @ http://localhost:3101/finance/:0
[ 3171623ms] [ERROR] Failed to load resource: net::ERR_CONNECTION_REFUSED @ http://localhost:3101/finance/:0
[ 3172626ms] [ERROR] Failed to load resource: net::ERR_CONNECTION_REFUSED @ http://localhost:3101/finance/:0
[ 3173628ms] [ERROR] Failed to load resource: net::ERR_CONNECTION_REFUSED @ http://localhost:3101/finance/:0
[ 3174630ms] [ERROR] Failed to load resource: net::ERR_CONNECTION_REFUSED @ http://localhost:3101/finance/:0
[ 3175632ms] [ERROR] Failed to load resource: net::ERR_CONNECTION_REFUSED @ http://localhost:3101/finance/:0
[ 3176638ms] [ERROR] Failed to load resource: net::ERR_CONNECTION_REFUSED @ http://localhost:3101/finance/:0
[ 3177641ms] [ERROR] Failed to load resource: net::ERR_CONNECTION_REFUSED @ http://localhost:3101/finance/:0
[ 3178643ms] [ERROR] Failed to load resource: net::ERR_CONNECTION_REFUSED @ http://localhost:3101/finance/:0
[ 3179645ms] [ERROR] Failed to load resource: net::ERR_CONNECTION_REFUSED @ http://localhost:3101/finance/:0
[ 3180648ms] [ERROR] Failed to load resource: net::ERR_CONNECTION_REFUSED @ http://localhost:3101/finance/:0
[ 3181650ms] [ERROR] Failed to load resource: net::ERR_CONNECTION_REFUSED @ http://localhost:3101/finance/:0
[ 3182653ms] [ERROR] Failed to load resource: net::ERR_CONNECTION_REFUSED @ http://localhost:3101/finance/:0
[ 3183663ms] [ERROR] Failed to load resource: net::ERR_CONNECTION_REFUSED @ http://localhost:3101/finance/:0
[ 3184665ms] [ERROR] Failed to load resource: net::ERR_CONNECTION_REFUSED @ http://localhost:3101/finance/:0
[ 3185668ms] [ERROR] Failed to load resource: net::ERR_CONNECTION_REFUSED @ http://localhost:3101/finance/:0
[ 3186672ms] [ERROR] Failed to load resource: net::ERR_CONNECTION_REFUSED @ http://localhost:3101/finance/:0
[ 3187675ms] [ERROR] Failed to load resource: net::ERR_CONNECTION_REFUSED @ http://localhost:3101/finance/:0
[ 3188678ms] [ERROR] Failed to load resource: net::ERR_CONNECTION_REFUSED @ http://localhost:3101/finance/:0
[ 3189681ms] [ERROR] Failed to load resource: net::ERR_CONNECTION_REFUSED @ http://localhost:3101/finance/:0
[ 3190686ms] [ERROR] Failed to load resource: net::ERR_CONNECTION_REFUSED @ http://localhost:3101/finance/:0
[ 3191689ms] [ERROR] Failed to load resource: net::ERR_CONNECTION_REFUSED @ http://localhost:3101/finance/:0
[ 3192692ms] [ERROR] Failed to load resource: net::ERR_CONNECTION_REFUSED @ http://localhost:3101/finance/:0
[ 3193694ms] [ERROR] Failed to load resource: net::ERR_CONNECTION_REFUSED @ http://localhost:3101/finance/:0
[ 3194697ms] [ERROR] Failed to load resource: net::ERR_CONNECTION_REFUSED @ http://localhost:3101/finance/:0
[ 3195817ms] [ERROR] Failed to load resource: net::ERR_CONNECTION_REFUSED @ http://localhost:3101/finance/:0
[ 3196819ms] [ERROR] Failed to load resource: net::ERR_CONNECTION_REFUSED @ http://localhost:3101/finance/:0
[ 3197823ms] [ERROR] Failed to load resource: net::ERR_CONNECTION_REFUSED @ http://localhost:3101/finance/:0
[ 3198826ms] [ERROR] Failed to load resource: net::ERR_CONNECTION_REFUSED @ http://localhost:3101/finance/:0
[ 3199827ms] [ERROR] Failed to load resource: net::ERR_CONNECTION_REFUSED @ http://localhost:3101/finance/:0
[ 3200830ms] [ERROR] Failed to load resource: net::ERR_CONNECTION_REFUSED @ http://localhost:3101/finance/:0
[ 3201833ms] [ERROR] Failed to load resource: net::ERR_CONNECTION_REFUSED @ http://localhost:3101/finance/:0
[ 3202835ms] [ERROR] Failed to load resource: net::ERR_CONNECTION_REFUSED @ http://localhost:3101/finance/:0
[ 3203838ms] [ERROR] Failed to load resource: net::ERR_CONNECTION_REFUSED @ http://localhost:3101/finance/:0
[ 3204841ms] [ERROR] Failed to load resource: net::ERR_CONNECTION_REFUSED @ http://localhost:3101/finance/:0
[ 3205844ms] [ERROR] Failed to load resource: net::ERR_CONNECTION_REFUSED @ http://localhost:3101/finance/:0
[ 3206847ms] [ERROR] Failed to load resource: net::ERR_CONNECTION_REFUSED @ http://localhost:3101/finance/:0
[ 3207849ms] [ERROR] Failed to load resource: net::ERR_CONNECTION_REFUSED @ http://localhost:3101/finance/:0
[ 3208851ms] [ERROR] Failed to load resource: net::ERR_CONNECTION_REFUSED @ http://localhost:3101/finance/:0
[ 3209854ms] [ERROR] Failed to load resource: net::ERR_CONNECTION_REFUSED @ http://localhost:3101/finance/:0
[ 3210857ms] [ERROR] Failed to load resource: net::ERR_CONNECTION_REFUSED @ http://localhost:3101/finance/:0
[ 3211859ms] [ERROR] Failed to load resource: net::ERR_CONNECTION_REFUSED @ http://localhost:3101/finance/:0
[ 3212862ms] [ERROR] Failed to load resource: net::ERR_CONNECTION_REFUSED @ http://localhost:3101/finance/:0
[ 3213865ms] [ERROR] Failed to load resource: net::ERR_CONNECTION_REFUSED @ http://localhost:3101/finance/:0
[ 3214868ms] [ERROR] Failed to load resource: net::ERR_CONNECTION_REFUSED @ http://localhost:3101/finance/:0
[ 3215871ms] [ERROR] Failed to load resource: net::ERR_CONNECTION_REFUSED @ http://localhost:3101/finance/:0
[ 3216873ms] [ERROR] Failed to load resource: net::ERR_CONNECTION_REFUSED @ http://localhost:3101/finance/:0
[ 3217875ms] [ERROR] Failed to load resource: net::ERR_CONNECTION_REFUSED @ http://localhost:3101/finance/:0
[ 3218878ms] [ERROR] Failed to load resource: net::ERR_CONNECTION_REFUSED @ http://localhost:3101/finance/:0
[ 3219880ms] [ERROR] Failed to load resource: net::ERR_CONNECTION_REFUSED @ http://localhost:3101/finance/:0
[ 3220883ms] [ERROR] Failed to load resource: net::ERR_CONNECTION_REFUSED @ http://localhost:3101/finance/:0
[ 3221886ms] [ERROR] Failed to load resource: net::ERR_CONNECTION_REFUSED @ http://localhost:3101/finance/:0
[ 3222889ms] [ERROR] Failed to load resource: net::ERR_CONNECTION_REFUSED @ http://localhost:3101/finance/:0
[ 3223895ms] [ERROR] Failed to load resource: net::ERR_CONNECTION_REFUSED @ http://localhost:3101/finance/:0
[ 3224916ms] [ERROR] Failed to load resource: net::ERR_CONNECTION_REFUSED @ http://localhost:3101/finance/:0
[ 3225924ms] [ERROR] Failed to load resource: net::ERR_CONNECTION_REFUSED @ http://localhost:3101/finance/:0
[ 3226928ms] [ERROR] Failed to load resource: net::ERR_CONNECTION_REFUSED @ http://localhost:3101/finance/:0
[ 3227930ms] [ERROR] Failed to load resource: net::ERR_CONNECTION_REFUSED @ http://localhost:3101/finance/:0
[ 3228934ms] [ERROR] Failed to load resource: net::ERR_CONNECTION_REFUSED @ http://localhost:3101/finance/:0
[ 3229956ms] [ERROR] Failed to load resource: net::ERR_CONNECTION_REFUSED @ http://localhost:3101/finance/:0
[ 3230959ms] [ERROR] Failed to load resource: net::ERR_CONNECTION_REFUSED @ http://localhost:3101/finance/:0
[ 3231981ms] [ERROR] Failed to load resource: net::ERR_CONNECTION_REFUSED @ http://localhost:3101/finance/:0
[ 3232987ms] [ERROR] Failed to load resource: net::ERR_CONNECTION_REFUSED @ http://localhost:3101/finance/:0
[ 3234011ms] [ERROR] Failed to load resource: net::ERR_CONNECTION_REFUSED @ http://localhost:3101/finance/:0
[ 3235056ms] [ERROR] Failed to load resource: net::ERR_CONNECTION_REFUSED @ http://localhost:3101/finance/:0
[ 3236059ms] [ERROR] Failed to load resource: net::ERR_CONNECTION_REFUSED @ http://localhost:3101/finance/:0
[ 3237081ms] [ERROR] Failed to load resource: net::ERR_CONNECTION_REFUSED @ http://localhost:3101/finance/:0
[ 3238133ms] [ERROR] Failed to load resource: net::ERR_CONNECTION_REFUSED @ http://localhost:3101/finance/:0
[ 3239145ms] [ERROR] Failed to load resource: net::ERR_CONNECTION_REFUSED @ http://localhost:3101/finance/:0
[ 3240194ms] [ERROR] Failed to load resource: net::ERR_CONNECTION_REFUSED @ http://localhost:3101/finance/:0
[ 3241245ms] [ERROR] Failed to load resource: net::ERR_CONNECTION_REFUSED @ http://localhost:3101/finance/:0
[ 3242296ms] [ERROR] Failed to load resource: net::ERR_CONNECTION_REFUSED @ http://localhost:3101/finance/:0
[ 3243340ms] [ERROR] Failed to load resource: net::ERR_CONNECTION_REFUSED @ http://localhost:3101/finance/:0
[ 3244584ms] [ERROR] Failed to load resource: net::ERR_CONNECTION_REFUSED @ http://localhost:3101/finance/:0
[ 3245645ms] [ERROR] Failed to load resource: net::ERR_CONNECTION_REFUSED @ http://localhost:3101/finance/:0
[ 3246973ms] [ERROR] Failed to load resource: net::ERR_CONNECTION_REFUSED @ http://localhost:3101/finance/:0
[ 3248236ms] [ERROR] Failed to load resource: net::ERR_CONNECTION_REFUSED @ http://localhost:3101/finance/:0
[ 3249310ms] [ERROR] Failed to load resource: net::ERR_CONNECTION_REFUSED @ http://localhost:3101/finance/:0
[ 3250663ms] [ERROR] Failed to load resource: net::ERR_CONNECTION_REFUSED @ http://localhost:3101/finance/:0
[ 3251705ms] [ERROR] Failed to load resource: net::ERR_CONNECTION_REFUSED @ http://localhost:3101/finance/:0
[ 3253485ms] [ERROR] Failed to load resource: net::ERR_CONNECTION_REFUSED @ http://localhost:3101/finance/:0
[ 3254970ms] [ERROR] Failed to load resource: net::ERR_CONNECTION_REFUSED @ http://localhost:3101/finance/:0
[ 3256372ms] [ERROR] Failed to load resource: net::ERR_CONNECTION_REFUSED @ http://localhost:3101/finance/:0
[ 3257544ms] [ERROR] Failed to load resource: net::ERR_CONNECTION_REFUSED @ http://localhost:3101/finance/:0
[ 3259825ms] [ERROR] Failed to load resource: net::ERR_CONNECTION_REFUSED @ http://localhost:3101/finance/:0
[ 3260844ms] [ERROR] Failed to load resource: net::ERR_CONNECTION_REFUSED @ http://localhost:3101/finance/:0
[ 3262190ms] [ERROR] Failed to load resource: net::ERR_CONNECTION_REFUSED @ http://localhost:3101/finance/:0
[ 3263555ms] [ERROR] Failed to load resource: net::ERR_CONNECTION_REFUSED @ http://localhost:3101/finance/:0
[ 3264565ms] [ERROR] Failed to load resource: net::ERR_CONNECTION_REFUSED @ http://localhost:3101/finance/:0
[ 3265605ms] [ERROR] Failed to load resource: net::ERR_CONNECTION_REFUSED @ http://localhost:3101/finance/:0
[ 3266615ms] [ERROR] Failed to load resource: net::ERR_CONNECTION_REFUSED @ http://localhost:3101/finance/:0
[ 3268596ms] [ERROR] Failed to load resource: net::ERR_CONNECTION_REFUSED @ http://localhost:3101/finance/:0
[ 3281213ms] [ERROR] Failed to load resource: net::ERR_CONNECTION_REFUSED @ http://localhost:3101/finance/:0
[ 3282217ms] [ERROR] Failed to load resource: net::ERR_CONNECTION_REFUSED @ http://localhost:3101/finance/:0
[ 3283227ms] [ERROR] Failed to load resource: net::ERR_CONNECTION_REFUSED @ http://localhost:3101/finance/:0
[ 3284522ms] [ERROR] Failed to load resource: net::ERR_CONNECTION_REFUSED @ http://localhost:3101/finance/:0
[ 3285588ms] [ERROR] Failed to load resource: net::ERR_CONNECTION_REFUSED @ http://localhost:3101/finance/:0
[ 3286728ms] [ERROR] Failed to load resource: net::ERR_CONNECTION_REFUSED @ http://localhost:3101/finance/:0
[ 3287762ms] [ERROR] Failed to load resource: net::ERR_CONNECTION_REFUSED @ http://localhost:3101/finance/:0
[ 3288841ms] [ERROR] Failed to load resource: net::ERR_CONNECTION_REFUSED @ http://localhost:3101/finance/:0
[ 3289849ms] [ERROR] Failed to load resource: net::ERR_CONNECTION_REFUSED @ http://localhost:3101/finance/:0
[ 3291339ms] [ERROR] Failed to load resource: net::ERR_CONNECTION_REFUSED @ http://localhost:3101/finance/:0
[ 3292864ms] [ERROR] Failed to load resource: net::ERR_CONNECTION_REFUSED @ http://localhost:3101/finance/:0
[ 3295215ms] [ERROR] Failed to load resource: net::ERR_CONNECTION_REFUSED @ http://localhost:3101/finance/:0
[ 3296524ms] [ERROR] Failed to load resource: net::ERR_CONNECTION_REFUSED @ http://localhost:3101/finance/:0
[ 3299415ms] [ERROR] Failed to load resource: net::ERR_CONNECTION_REFUSED @ http://localhost:3101/finance/:0
[ 3300622ms] [ERROR] Failed to load resource: net::ERR_CONNECTION_REFUSED @ http://localhost:3101/finance/:0
[ 3303028ms] [ERROR] Failed to load resource: net::ERR_CONNECTION_REFUSED @ http://localhost:3101/finance/:0
[ 3304811ms] [ERROR] Failed to load resource: net::ERR_CONNECTION_REFUSED @ http://localhost:3101/finance/:0
[ 3307072ms] [ERROR] Failed to load resource: net::ERR_CONNECTION_REFUSED @ http://localhost:3101/finance/:0
[ 3309003ms] [ERROR] Failed to load resource: net::ERR_CONNECTION_REFUSED @ http://localhost:3101/finance/:0
[ 3313451ms] [ERROR] Failed to load resource: net::ERR_CONNECTION_REFUSED @ http://localhost:3101/finance/:0
[ 3315590ms] [ERROR] Failed to load resource: net::ERR_CONNECTION_REFUSED @ http://localhost:3101/finance/:0
[ 3317979ms] [ERROR] Failed to load resource: net::ERR_CONNECTION_REFUSED @ http://localhost:3101/finance/:0
[ 3319584ms] [ERROR] Failed to load resource: net::ERR_CONNECTION_REFUSED @ http://localhost:3101/finance/:0
[ 3320914ms] [ERROR] Failed to load resource: net::ERR_CONNECTION_REFUSED @ http://localhost:3101/finance/:0
[ 3322256ms] [ERROR] Failed to load resource: net::ERR_CONNECTION_REFUSED @ http://localhost:3101/finance/:0
[ 3324221ms] [ERROR] Failed to load resource: net::ERR_CONNECTION_REFUSED @ http://localhost:3101/finance/:0
[ 3329839ms] [ERROR] Failed to load resource: net::ERR_CONNECTION_REFUSED @ http://localhost:3101/finance/:0
[ 3331555ms] [ERROR] Failed to load resource: net::ERR_CONNECTION_REFUSED @ http://localhost:3101/finance/:0
[ 3332559ms] [ERROR] Failed to load resource: net::ERR_CONNECTION_REFUSED @ http://localhost:3101/finance/:0
[ 3334375ms] [ERROR] Failed to load resource: net::ERR_CONNECTION_REFUSED @ http://localhost:3101/finance/:0
[ 3335379ms] [ERROR] Failed to load resource: net::ERR_CONNECTION_REFUSED @ http://localhost:3101/finance/:0
[ 3336383ms] [ERROR] Failed to load resource: net::ERR_CONNECTION_REFUSED @ http://localhost:3101/finance/:0
[ 3337385ms] [ERROR] Failed to load resource: net::ERR_CONNECTION_REFUSED @ http://localhost:3101/finance/:0
[ 3338388ms] [ERROR] Failed to load resource: net::ERR_CONNECTION_REFUSED @ http://localhost:3101/finance/:0
[ 3339392ms] [ERROR] Failed to load resource: net::ERR_CONNECTION_REFUSED @ http://localhost:3101/finance/:0
[ 3340396ms] [ERROR] Failed to load resource: net::ERR_CONNECTION_REFUSED @ http://localhost:3101/finance/:0
[ 3341398ms] [ERROR] Failed to load resource: net::ERR_CONNECTION_REFUSED @ http://localhost:3101/finance/:0
[ 3342401ms] [ERROR] Failed to load resource: net::ERR_CONNECTION_REFUSED @ http://localhost:3101/finance/:0
[ 3343405ms] [ERROR] Failed to load resource: net::ERR_CONNECTION_REFUSED @ http://localhost:3101/finance/:0
[ 3344409ms] [ERROR] Failed to load resource: net::ERR_CONNECTION_REFUSED @ http://localhost:3101/finance/:0
[ 3345412ms] [ERROR] Failed to load resource: net::ERR_CONNECTION_REFUSED @ http://localhost:3101/finance/:0
[ 3346416ms] [ERROR] Failed to load resource: net::ERR_CONNECTION_REFUSED @ http://localhost:3101/finance/:0
[ 3347419ms] [ERROR] Failed to load resource: net::ERR_CONNECTION_REFUSED @ http://localhost:3101/finance/:0
[ 3348421ms] [ERROR] Failed to load resource: net::ERR_CONNECTION_REFUSED @ http://localhost:3101/finance/:0
[ 3349436ms] [ERROR] Failed to load resource: net::ERR_CONNECTION_REFUSED @ http://localhost:3101/finance/:0
[ 3350468ms] [ERROR] Failed to load resource: net::ERR_CONNECTION_REFUSED @ http://localhost:3101/finance/:0
[ 3351477ms] [ERROR] Failed to load resource: net::ERR_CONNECTION_REFUSED @ http://localhost:3101/finance/:0
[ 3352480ms] [ERROR] Failed to load resource: net::ERR_CONNECTION_REFUSED @ http://localhost:3101/finance/:0
[ 3353484ms] [ERROR] Failed to load resource: net::ERR_CONNECTION_REFUSED @ http://localhost:3101/finance/:0
[ 3354490ms] [ERROR] Failed to load resource: net::ERR_CONNECTION_REFUSED @ http://localhost:3101/finance/:0
[ 3355498ms] [ERROR] Failed to load resource: net::ERR_CONNECTION_REFUSED @ http://localhost:3101/finance/:0
[ 3356501ms] [ERROR] Failed to load resource: net::ERR_CONNECTION_REFUSED @ http://localhost:3101/finance/:0
[ 3357505ms] [ERROR] Failed to load resource: net::ERR_CONNECTION_REFUSED @ http://localhost:3101/finance/:0
[ 3358508ms] [ERROR] Failed to load resource: net::ERR_CONNECTION_REFUSED @ http://localhost:3101/finance/:0
[ 3359512ms] [ERROR] Failed to load resource: net::ERR_CONNECTION_REFUSED @ http://localhost:3101/finance/:0
[ 3360516ms] [ERROR] Failed to load resource: net::ERR_CONNECTION_REFUSED @ http://localhost:3101/finance/:0
[ 3361520ms] [ERROR] Failed to load resource: net::ERR_CONNECTION_REFUSED @ http://localhost:3101/finance/:0
[ 3362524ms] [ERROR] Failed to load resource: net::ERR_CONNECTION_REFUSED @ http://localhost:3101/finance/:0
[ 3363529ms] [ERROR] Failed to load resource: net::ERR_CONNECTION_REFUSED @ http://localhost:3101/finance/:0
[ 3364532ms] [ERROR] Failed to load resource: net::ERR_CONNECTION_REFUSED @ http://localhost:3101/finance/:0
[ 3365538ms] [ERROR] Failed to load resource: net::ERR_CONNECTION_REFUSED @ http://localhost:3101/finance/:0
[ 3366544ms] [ERROR] Failed to load resource: net::ERR_CONNECTION_REFUSED @ http://localhost:3101/finance/:0
[ 3367548ms] [ERROR] Failed to load resource: net::ERR_CONNECTION_REFUSED @ http://localhost:3101/finance/:0
[ 3368553ms] [ERROR] Failed to load resource: net::ERR_CONNECTION_REFUSED @ http://localhost:3101/finance/:0
[ 3369557ms] [ERROR] Failed to load resource: net::ERR_CONNECTION_REFUSED @ http://localhost:3101/finance/:0
[ 3370563ms] [ERROR] Failed to load resource: net::ERR_CONNECTION_REFUSED @ http://localhost:3101/finance/:0
[ 3371584ms] [ERROR] Failed to load resource: net::ERR_CONNECTION_REFUSED @ http://localhost:3101/finance/:0
[ 3372588ms] [ERROR] Failed to load resource: net::ERR_CONNECTION_REFUSED @ http://localhost:3101/finance/:0
[ 3373591ms] [ERROR] Failed to load resource: net::ERR_CONNECTION_REFUSED @ http://localhost:3101/finance/:0
[ 3374594ms] [ERROR] Failed to load resource: net::ERR_CONNECTION_REFUSED @ http://localhost:3101/finance/:0
[ 3375598ms] [ERROR] Failed to load resource: net::ERR_CONNECTION_REFUSED @ http://localhost:3101/finance/:0
[ 3376602ms] [ERROR] Failed to load resource: net::ERR_CONNECTION_REFUSED @ http://localhost:3101/finance/:0
[ 3377607ms] [ERROR] Failed to load resource: net::ERR_CONNECTION_REFUSED @ http://localhost:3101/finance/:0
[ 3378613ms] [ERROR] Failed to load resource: net::ERR_CONNECTION_REFUSED @ http://localhost:3101/finance/:0
[ 3379618ms] [ERROR] Failed to load resource: net::ERR_CONNECTION_REFUSED @ http://localhost:3101/finance/:0
[ 3380627ms] [ERROR] Failed to load resource: net::ERR_CONNECTION_REFUSED @ http://localhost:3101/finance/:0
[ 3381632ms] [ERROR] Failed to load resource: net::ERR_CONNECTION_REFUSED @ http://localhost:3101/finance/:0
[ 3382638ms] [ERROR] Failed to load resource: net::ERR_CONNECTION_REFUSED @ http://localhost:3101/finance/:0
[ 3383643ms] [ERROR] Failed to load resource: net::ERR_CONNECTION_REFUSED @ http://localhost:3101/finance/:0
[ 3384647ms] [ERROR] Failed to load resource: net::ERR_CONNECTION_REFUSED @ http://localhost:3101/finance/:0
[ 3385650ms] [ERROR] Failed to load resource: net::ERR_CONNECTION_REFUSED @ http://localhost:3101/finance/:0
[ 3386654ms] [ERROR] Failed to load resource: net::ERR_CONNECTION_REFUSED @ http://localhost:3101/finance/:0
[ 3387658ms] [ERROR] Failed to load resource: net::ERR_CONNECTION_REFUSED @ http://localhost:3101/finance/:0
[ 3388662ms] [ERROR] Failed to load resource: net::ERR_CONNECTION_REFUSED @ http://localhost:3101/finance/:0
[ 3389668ms] [ERROR] Failed to load resource: net::ERR_CONNECTION_REFUSED @ http://localhost:3101/finance/:0
[ 3390738ms] [ERROR] Failed to load resource: net::ERR_CONNECTION_REFUSED @ http://localhost:3101/finance/:0
[ 3391741ms] [ERROR] Failed to load resource: net::ERR_CONNECTION_REFUSED @ http://localhost:3101/finance/:0
[ 3392746ms] [ERROR] Failed to load resource: net::ERR_CONNECTION_REFUSED @ http://localhost:3101/finance/:0
[ 3393754ms] [ERROR] Failed to load resource: net::ERR_CONNECTION_REFUSED @ http://localhost:3101/finance/:0
[ 3394757ms] [ERROR] Failed to load resource: net::ERR_CONNECTION_REFUSED @ http://localhost:3101/finance/:0
